============================================================
  TPC-DS Cardinality Feedback Benchmark
  Scale Factor: 10
  Database: /Users/Aarry/Desktop/15689/tpcds_sf10.db
  Queries: [1, 2, 3, 4, 5, 6, 7, 8, 9, 10, 11, 12, 13, 14, 15, 16, 17, 18, 19, 20, 21, 22, 23, 24, 25, 26, 27, 28, 29, 30, 31, 32, 33, 34, 35, 36, 37, 38, 39, 40, 41, 42, 43, 44, 45, 46, 47, 48, 49, 50, 51, 52, 53, 54, 55, 56, 57, 58, 59, 60, 61, 62, 63, 64, 65, 66, 67, 68, 69, 70, 71, 72, 73, 74, 75, 76, 77, 78, 79, 80, 81, 82, 83, 84, 85, 86, 87, 88, 89, 90, 91, 92, 93, 94, 95, 96, 97, 98, 99]
  SQL dir: /Users/Aarry/Desktop/15689/duckdb15689/feedback_queries/tpcds
============================================================

Loading TPC-DS queries from SQL files...
  Loaded 99 queries.


============================================================
  Query 1
============================================================

  --- Iteration 1 ---
  Found 6 join(s) in physical plan.
  Found 6 log entries in cardinality_log.txt.
  Matched 2 expression(s) to actual cardinalities.
  [MATCH WARN] Unresolved physical joins: 1
    [NEW] LOGICAL_JOIN: RelSets: [0, 1] RelBindings: [0:store_returns | 1:date_dim] NumRels: [0, 1] CtxInputCards: [0:2877532 | 1:364] CtxParentSplit: [[0] | [1]] CtxEdgeSig: [jt=3,res=0,li=0:0,ri=1:0,fi=0] Filters: [(sr_returned_date_sk = d_date_sk)] CtxOcc: 1 -> 557705
    [NEW] LOGICAL_JOIN: RelSets: [0, 1] RelBindings: [0:store_returns, date_dim | 1:store] NumRels: [0, 1] CtxInputCards: [0:472197 | 1:34] CtxParentSplit: [[0] | [1]] CtxEdgeSig: [jt=3,res=0,li=0:1,ri=1:0,fi=1] Filters: [(ctr_store_sk = s_store_sk)] CtxOcc: 1 -> 177527

  --- Iteration 2 ---
  Found 6 join(s) in physical plan.
  Found 6 log entries in cardinality_log.txt.
  Matched 2 expression(s) to actual cardinalities.
  [MATCH WARN] Unresolved physical joins: 1
    [NEW] LOGICAL_JOIN: RelSets: [0, 1] RelBindings: [0:store_returns, date_dim | 1:store] NumRels: [0, 1] CtxInputCards: [0:552938 | 1:34] CtxParentSplit: [[0] | [1]] CtxEdgeSig: [jt=3,res=0,li=0:1,ri=1:0,fi=1] Filters: [(ctr_store_sk = s_store_sk)] CtxOcc: 1 -> 177527
    [VERIFY] Running verification for iteration 2...
    [VERIFY] Check 1 PASSED: 1 injected log values match the pre-update JSON.
    [VERIFY] Check 2 WARN: JSON key not in log: LOGICAL_JOIN: RelSets: [0, 1] RelBindings: [0:store_returns, date_dim | 1:store] NumRels: [0, 1] CtxInputCards: [0:472197 | 1:34] CtxParentSplit: [[0] | [1]] CtxEdgeSig: [jt=3,res=0,li=0:1,ri=1:0,fi=1] Filters: [(ctr_store_sk = s_store_sk)] CtxOcc: 1
    [VERIFY] Check 3 INFO: 1 new join(s) from plan change (not previously injected, OK).
    [VERIFY] Check 3 PASSED: All 1 previously-known joins (non-CTE) were INJECTED.
    [VERIFY] Check 4 PASSED: All injected cardinalities match actual plan cardinalities.
    [VERIFY] Check 5 PASSED: 2 mappings; all expression strings unique.
    [VERIFY] Check 6 INFO: matched 2/6 joins-with-conditions (unmatched=4).
    [VERIFY] Check 7 PASSED: no ambiguous match candidates.
    [VERIFY] Check 8 INFO: 1 JSON key(s) not visited by optimizer (plan shape changed, key's subplan not reached).
    [VERIFY] Check 9 PASSED: all 2 pre-update keys preserved in post-update JSON.
  Verification passed.

  --- Iteration 3 ---
  Found 6 join(s) in physical plan.
  Found 6 log entries in cardinality_log.txt.
  Matched 2 expression(s) to actual cardinalities.
  [MATCH WARN] Unresolved physical joins: 1
    [VERIFY] Running verification for iteration 3...
    [VERIFY] Check 1 PASSED: 2 injected log values match the pre-update JSON.
    [VERIFY] Check 2 WARN: JSON key not in log: LOGICAL_JOIN: RelSets: [0, 1] RelBindings: [0:store_returns, date_dim | 1:store] NumRels: [0, 1] CtxInputCards: [0:472197 | 1:34] CtxParentSplit: [[0] | [1]] CtxEdgeSig: [jt=3,res=0,li=0:1,ri=1:0,fi=1] Filters: [(ctr_store_sk = s_store_sk)] CtxOcc: 1
    [VERIFY] Check 3 PASSED: All 2 previously-known joins (non-CTE) were INJECTED.
    [VERIFY] Check 4 PASSED: All injected cardinalities match actual plan cardinalities.
    [VERIFY] Check 5 PASSED: 2 mappings; all expression strings unique.
    [VERIFY] Check 6 INFO: matched 2/6 joins-with-conditions (unmatched=4).
    [VERIFY] Check 7 PASSED: no ambiguous match candidates.
    [VERIFY] Check 8 INFO: 1 JSON key(s) not visited by optimizer (plan shape changed, key's subplan not reached).
    [VERIFY] Check 9 PASSED: all 3 pre-update keys preserved in post-update JSON.
  Verification passed.
  Plan CONVERGED after 3 iterations.

============================================================
  Query 2
============================================================

  --- Iteration 1 ---
  Found 4 join(s) in physical plan.
  Found 4 log entries in cardinality_log.txt.
  Matched 2 expression(s) to actual cardinalities.
    [NEW] LOGICAL_JOIN: RelSets: [0, 1] RelBindings: [0:web_sales, catalog_sales | 1:date_dim] NumRels: [0, 1] CtxInputCards: [0:21598827 | 1:73049] CtxParentSplit: [[0] | [1]] CtxEdgeSig: [jt=3,res=0,li=0:0,ri=1:0,fi=0] Filters: [(sold_date_sk = d_date_sk)] CtxOcc: 1 -> 21525023
    [NEW] LOGICAL_JOIN: RelSets: [0, 1] RelBindings: [0:web_sales, catalog_sales, date_dim, date_dim | 1:web_sales, catalog_sales, date_dim, date_dim] NumRels: [0, 1] CtxInputCards: [0:102964 | 1:102964] CtxParentSplit: [[0] | [1]] CtxEdgeSig: [jt=3,res=0,li=0:0,ri=1:0,fi=0] Filters: [(d_week_seq1 = (d_week_seq2 - 53))] CtxOcc: 1 -> 2513

  --- Iteration 2 ---
  Found 4 join(s) in physical plan.
  Found 4 log entries in cardinality_log.txt.
  Matched 2 expression(s) to actual cardinalities.
    [VERIFY] Running verification for iteration 2...
    [VERIFY] Check 1 PASSED: 2 injected log values match the pre-update JSON.
    [VERIFY] Check 2 PASSED: All 2 JSON keys found in the cardinality log.
    [VERIFY] Check 3 PASSED: All 2 previously-known joins (non-CTE) were INJECTED.
    [VERIFY] Check 4 PASSED: All injected cardinalities match actual plan cardinalities.
    [VERIFY] Check 5 PASSED: 2 mappings; all expression strings unique.
    [VERIFY] Check 6 INFO: matched 2/4 joins-with-conditions (unmatched=2).
    [VERIFY] Check 7 PASSED: no ambiguous match candidates.
    [VERIFY] Check 8 PASSED: all 2 JSON keys were INJECTED (2 applied).
    [VERIFY] Check 9 PASSED: all 2 pre-update keys preserved in post-update JSON.
  Verification passed.
  Plan CONVERGED after 2 iterations.

============================================================
  Query 3
============================================================

  --- Iteration 1 ---
  Found 2 join(s) in physical plan.
  Found 4 log entries in cardinality_log.txt.
  Matched 1 expression(s) to actual cardinalities.
  [MATCH WARN] Unresolved physical joins: 1
    [NEW] LOGICAL_JOIN: RelSets: [1, 2] RelBindings: [1:store_sales | 2:item] NumRels: [1, 2] CtxInputCards: [1:28800991 | 2:83] CtxParentSplit: [[1] | [2]] CtxEdgeSig: [jt=3,res=0,li=1:1,ri=2:0,fi=0] Filters: [(ss_item_sk = i_item_sk)] CtxOcc: 1 -> 51621

  --- Iteration 2 ---
  Found 2 join(s) in physical plan.
  Found 4 log entries in cardinality_log.txt.
  Matched 1 expression(s) to actual cardinalities.
  [MATCH WARN] Unresolved physical joins: 1
    [VERIFY] Running verification for iteration 2...
    [VERIFY] Check 1 PASSED: 1 injected log values match the pre-update JSON.
    [VERIFY] Check 2 PASSED: All 1 JSON keys found in the cardinality log.
    [VERIFY] Check 3 PASSED: All 1 previously-known joins (non-CTE) were INJECTED.
    [VERIFY] Check 4 PASSED: All injected cardinalities match actual plan cardinalities.
    [VERIFY] Check 5 PASSED: 1 mappings; all expression strings unique.
    [VERIFY] Check 6 INFO: matched 1/2 joins-with-conditions (unmatched=1).
    [VERIFY] Check 7 PASSED: no ambiguous match candidates.
    [VERIFY] Check 8 PASSED: all 1 JSON keys were INJECTED (1 applied).
    [VERIFY] Check 9 PASSED: all 1 pre-update keys preserved in post-update JSON.
  Verification passed.
  Plan CONVERGED after 2 iterations.

============================================================
  Query 4
============================================================

  --- Iteration 1 ---
  Found 17 join(s) in physical plan.
  Found 325 log entries in cardinality_log.txt.
  Matched 8 expression(s) to actual cardinalities.
  [MATCH WARN] Unresolved physical joins: 6
    [INFO-AMBIGUOUS-RESOLVED] stage0 unique key (candidates=91): LOGICAL_JOIN: RelSets: [0, 1, 2, 3, 4, 5] RelBindings: [0:customer, store_sales, date_dim | 1:customer, store_sales, date_dim | 2:customer, catalog_sales, date_dim | 3:customer, catalog_sales, date_dim | 4:customer, web_sales, date_dim | 5:customer, web_sales, date_dim] NumRels: [0, 1, 2, 3, 4, 5] CtxInputCards: [0:1053624 | 1:5268120 | 2:526840 | 3:2634200 | 4:263307 | 5:1316539] CtxParentSplit: [[0, 1, 2, 3, 4] | [5]] CtxEdgeSig: [jt=3,res=0,li=0:0,ri=1:0,fi=16 | jt=3,res=0,li=0:0,ri=2:0,fi=15 | jt=3,res=0,li=0:0,ri=3:0,fi=11 | jt=3,res=0,li=0:0,ri=4:0,fi=7 | jt=3,res=0,li=0:0,ri=5:0,fi=1 | jt=3,res=0,li=1:0,ri=2:0,fi=14 | jt=3,res=0,li=1:0,ri=3:0,fi=10 | jt=3,res=0,li=1:0,ri=4:0,fi=6 | jt=3,res=0,li=1:0,ri=5:0,fi=0 | jt=3,res=0,li=2:0,ri=3:0,fi=12 | jt=3,res=0,li=2:0,ri=4:0,fi=9 | jt=3,res=0,li=2:0,ri=5:0,fi=3 | jt=3,res=0,li=3:0,ri=4:0,fi=8 | jt=3,res=0,li=3:0,ri=5:0,fi=2 | jt=3,res=0,li=4:0,ri=5:0,fi=4 | jt=3,res=1,li=2:8,ri=0:8,fi=13 | jt=3,res=1,li=2:8,ri=4:8,fi=5] Filters: [(CASE  WHEN ((year_total > 0.0)) THEN ((year_total / year_total)) ELSE NULL END > CASE  WHEN ((year_total > 0.0)) THEN ((year_total / year_total)) ELSE NULL END) AND (CASE  WHEN ((year_total > 0.0)) THEN ((year_total / year_total)) ELSE NULL END > CASE  WHEN ((year_total > 0.0)) THEN ((year_total / year_total)) ELSE NULL END) AND (customer_id = customer_id) AND (customer_id = customer_id) AND (customer_id = customer_id) AND (customer_id = customer_id) AND (customer_id = customer_id) AND (customer_id = customer_id) AND (customer_id = customer_id) AND (customer_id = customer_id) AND (customer_id = customer_id) AND (customer_id = customer_id) AND (customer_id = customer_id) AND (customer_id = customer_id) AND (customer_id = customer_id) AND (customer_id = customer_id) AND (customer_id = customer_id)] CtxOcc: 1
    [INFO-AMBIGUOUS-RESOLVED] stage0 unique key (candidates=90): LOGICAL_JOIN: RelSets: [0, 2, 3, 4, 5] RelBindings: [0:customer, store_sales, date_dim | 2:customer, catalog_sales, date_dim | 3:customer, catalog_sales, date_dim | 4:customer, web_sales, date_dim | 5:customer, web_sales, date_dim] NumRels: [0, 2, 3, 4, 5] CtxInputCards: [0:1053624 | 2:526840 | 3:2634200 | 4:263307 | 5:1316539] CtxParentSplit: [[0, 2, 3, 4] | [5]] CtxEdgeSig: [jt=3,res=0,li=0:0,ri=2:0,fi=15 | jt=3,res=0,li=0:0,ri=3:0,fi=11 | jt=3,res=0,li=0:0,ri=4:0,fi=7 | jt=3,res=0,li=0:0,ri=5:0,fi=1 | jt=3,res=0,li=2:0,ri=3:0,fi=12 | jt=3,res=0,li=2:0,ri=4:0,fi=9 | jt=3,res=0,li=2:0,ri=5:0,fi=3 | jt=3,res=0,li=3:0,ri=4:0,fi=8 | jt=3,res=0,li=3:0,ri=5:0,fi=2 | jt=3,res=0,li=4:0,ri=5:0,fi=4 | jt=3,res=1,li=2:8,ri=4:8,fi=5] Filters: [(CASE  WHEN ((year_total > 0.0)) THEN ((year_total / year_total)) ELSE NULL END > CASE  WHEN ((year_total > 0.0)) THEN ((year_total / year_total)) ELSE NULL END) AND (customer_id = customer_id) AND (customer_id = customer_id) AND (customer_id = customer_id) AND (customer_id = customer_id) AND (customer_id = customer_id) AND (customer_id = customer_id) AND (customer_id = customer_id) AND (customer_id = customer_id) AND (customer_id = customer_id) AND (customer_id = customer_id)] CtxOcc: 1
    [INFO-AMBIGUOUS-RESOLVED] stage0 unique key (candidates=2): LOGICAL_JOIN: RelSets: [1, 2] RelBindings: [1:catalog_sales | 2:date_dim] NumRels: [1, 2] CtxInputCards: [1:14401261 | 2:364] CtxParentSplit: [[1] | [2]] CtxEdgeSig: [jt=3,res=0,li=1:1,ri=2:0,fi=0] Filters: [(cs_sold_date_sk = d_date_sk)] CtxOcc: 1
    [INFO-AMBIGUOUS-RESOLVED] stage0 unique key (candidates=2): LOGICAL_JOIN: RelSets: [1, 2] RelBindings: [1:web_sales | 2:date_dim] NumRels: [1, 2] CtxInputCards: [1:7197566 | 2:364] CtxParentSplit: [[1] | [2]] CtxEdgeSig: [jt=3,res=0,li=1:1,ri=2:0,fi=0] Filters: [(ws_sold_date_sk = d_date_sk)] CtxOcc: 1
    [INFO-AMBIGUOUS-RESOLVED] stage0 unique key (candidates=2): LOGICAL_JOIN: RelSets: [1, 2] RelBindings: [1:store_sales | 2:date_dim] NumRels: [1, 2] CtxInputCards: [1:28800991 | 2:364] CtxParentSplit: [[1] | [2]] CtxEdgeSig: [jt=3,res=0,li=1:1,ri=2:0,fi=0] Filters: [(ss_sold_date_sk = d_date_sk)] CtxOcc: 1
    [NEW] LOGICAL_JOIN: RelSets: [0, 1, 2, 3, 4, 5] RelBindings: [0:customer, store_sales, date_dim | 1:customer, store_sales, date_dim | 2:customer, catalog_sales, date_dim | 3:customer, catalog_sales, date_dim | 4:customer, web_sales, date_dim | 5:customer, web_sales, date_dim] NumRels: [0, 1, 2, 3, 4, 5] CtxInputCards: [0:1053624 | 1:5268120 | 2:526840 | 3:2634200 | 4:263307 | 5:1316539] CtxParentSplit: [[0, 1, 2, 3, 4] | [5]] CtxEdgeSig: [jt=3,res=0,li=0:0,ri=1:0,fi=16 | jt=3,res=0,li=0:0,ri=2:0,fi=15 | jt=3,res=0,li=0:0,ri=3:0,fi=11 | jt=3,res=0,li=0:0,ri=4:0,fi=7 | jt=3,res=0,li=0:0,ri=5:0,fi=1 | jt=3,res=0,li=1:0,ri=2:0,fi=14 | jt=3,res=0,li=1:0,ri=3:0,fi=10 | jt=3,res=0,li=1:0,ri=4:0,fi=6 | jt=3,res=0,li=1:0,ri=5:0,fi=0 | jt=3,res=0,li=2:0,ri=3:0,fi=12 | jt=3,res=0,li=2:0,ri=4:0,fi=9 | jt=3,res=0,li=2:0,ri=5:0,fi=3 | jt=3,res=0,li=3:0,ri=4:0,fi=8 | jt=3,res=0,li=3:0,ri=5:0,fi=2 | jt=3,res=0,li=4:0,ri=5:0,fi=4 | jt=3,res=1,li=2:8,ri=0:8,fi=13 | jt=3,res=1,li=2:8,ri=4:8,fi=5] Filters: [(CASE  WHEN ((year_total > 0.0)) THEN ((year_total / year_total)) ELSE NULL END > CASE  WHEN ((year_total > 0.0)) THEN ((year_total / year_total)) ELSE NULL END) AND (CASE  WHEN ((year_total > 0.0)) THEN ((year_total / year_total)) ELSE NULL END > CASE  WHEN ((year_total > 0.0)) THEN ((year_total / year_total)) ELSE NULL END) AND (customer_id = customer_id) AND (customer_id = customer_id) AND (customer_id = customer_id) AND (customer_id = customer_id) AND (customer_id = customer_id) AND (customer_id = customer_id) AND (customer_id = customer_id) AND (customer_id = customer_id) AND (customer_id = customer_id) AND (customer_id = customer_id) AND (customer_id = customer_id) AND (customer_id = customer_id) AND (customer_id = customer_id) AND (customer_id = customer_id) AND (customer_id = customer_id)] CtxOcc: 1 -> 620
    [NEW] LOGICAL_JOIN: RelSets: [0, 2, 3, 4, 5] RelBindings: [0:customer, store_sales, date_dim | 2:customer, catalog_sales, date_dim | 3:customer, catalog_sales, date_dim | 4:customer, web_sales, date_dim | 5:customer, web_sales, date_dim] NumRels: [0, 2, 3, 4, 5] CtxInputCards: [0:1053624 | 2:526840 | 3:2634200 | 4:263307 | 5:1316539] CtxParentSplit: [[0, 2, 3, 4] | [5]] CtxEdgeSig: [jt=3,res=0,li=0:0,ri=2:0,fi=15 | jt=3,res=0,li=0:0,ri=3:0,fi=11 | jt=3,res=0,li=0:0,ri=4:0,fi=7 | jt=3,res=0,li=0:0,ri=5:0,fi=1 | jt=3,res=0,li=2:0,ri=3:0,fi=12 | jt=3,res=0,li=2:0,ri=4:0,fi=9 | jt=3,res=0,li=2:0,ri=5:0,fi=3 | jt=3,res=0,li=3:0,ri=4:0,fi=8 | jt=3,res=0,li=3:0,ri=5:0,fi=2 | jt=3,res=0,li=4:0,ri=5:0,fi=4 | jt=3,res=1,li=2:8,ri=4:8,fi=5] Filters: [(CASE  WHEN ((year_total > 0.0)) THEN ((year_total / year_total)) ELSE NULL END > CASE  WHEN ((year_total > 0.0)) THEN ((year_total / year_total)) ELSE NULL END) AND (customer_id = customer_id) AND (customer_id = customer_id) AND (customer_id = customer_id) AND (customer_id = customer_id) AND (customer_id = customer_id) AND (customer_id = customer_id) AND (customer_id = customer_id) AND (customer_id = customer_id) AND (customer_id = customer_id) AND (customer_id = customer_id)] CtxOcc: 1 -> 1423
    [NEW] LOGICAL_JOIN: RelSets: [1, 2] RelBindings: [1:catalog_sales | 2:date_dim] NumRels: [1, 2] CtxInputCards: [1:14401261 | 2:364] CtxParentSplit: [[1] | [2]] CtxEdgeSig: [jt=3,res=0,li=1:1,ri=2:0,fi=0] Filters: [(cs_sold_date_sk = d_date_sk)] CtxOcc: 1 -> 2848383
    [NEW] LOGICAL_JOIN: RelSets: [1, 2] RelBindings: [1:web_sales | 2:date_dim] NumRels: [1, 2] CtxInputCards: [1:7197566 | 2:364] CtxParentSplit: [[1] | [2]] CtxEdgeSig: [jt=3,res=0,li=1:1,ri=2:0,fi=0] Filters: [(ws_sold_date_sk = d_date_sk)] CtxOcc: 1 -> 1438827
    [NEW] LOGICAL_JOIN: RelSets: [1, 2] RelBindings: [1:store_sales | 2:date_dim] NumRels: [1, 2] CtxInputCards: [1:28800991 | 2:364] CtxParentSplit: [[1] | [2]] CtxEdgeSig: [jt=3,res=0,li=1:1,ri=2:0,fi=0] Filters: [(ss_sold_date_sk = d_date_sk)] CtxOcc: 1 -> 5469038
    [NEW] LOGICAL_JOIN: RelSets: [1, 2] RelBindings: [1:catalog_sales | 2:date_dim] NumRels: [1, 2] CtxInputCards: [1:14401261 | 2:364] CtxParentSplit: [[1] | [2]] CtxEdgeSig: [jt=3,res=0,li=1:1,ri=2:0,fi=0] Filters: [(cs_sold_date_sk = d_date_sk)] CtxOcc: 2 -> 2851330
    [NEW] LOGICAL_JOIN: RelSets: [1, 2] RelBindings: [1:web_sales | 2:date_dim] NumRels: [1, 2] CtxInputCards: [1:7197566 | 2:364] CtxParentSplit: [[1] | [2]] CtxEdgeSig: [jt=3,res=0,li=1:1,ri=2:0,fi=0] Filters: [(ws_sold_date_sk = d_date_sk)] CtxOcc: 2 -> 1432881
    [NEW] LOGICAL_JOIN: RelSets: [1, 2] RelBindings: [1:store_sales | 2:date_dim] NumRels: [1, 2] CtxInputCards: [1:28800991 | 2:364] CtxParentSplit: [[1] | [2]] CtxEdgeSig: [jt=3,res=0,li=1:1,ri=2:0,fi=0] Filters: [(ss_sold_date_sk = d_date_sk)] CtxOcc: 2 -> 5501921

  --- Iteration 2 ---
  Found 17 join(s) in physical plan.
  Found 325 log entries in cardinality_log.txt.
  Matched 8 expression(s) to actual cardinalities.
  [MATCH WARN] Unresolved physical joins: 6
    [INFO-AMBIGUOUS-RESOLVED] stage0 unique key (candidates=91): LOGICAL_JOIN: RelSets: [0, 1, 2, 3, 4, 5] RelBindings: [0:customer, store_sales, date_dim | 1:customer, store_sales, date_dim | 2:customer, catalog_sales, date_dim | 3:customer, catalog_sales, date_dim | 4:customer, web_sales, date_dim | 5:customer, web_sales, date_dim] NumRels: [0, 1, 2, 3, 4, 5] CtxInputCards: [0:1053624 | 1:5268120 | 2:526840 | 3:2634200 | 4:263307 | 5:1316539] CtxParentSplit: [[0, 1, 2, 3, 4] | [5]] CtxEdgeSig: [jt=3,res=0,li=0:0,ri=1:0,fi=16 | jt=3,res=0,li=0:0,ri=2:0,fi=15 | jt=3,res=0,li=0:0,ri=3:0,fi=11 | jt=3,res=0,li=0:0,ri=4:0,fi=7 | jt=3,res=0,li=0:0,ri=5:0,fi=1 | jt=3,res=0,li=1:0,ri=2:0,fi=14 | jt=3,res=0,li=1:0,ri=3:0,fi=10 | jt=3,res=0,li=1:0,ri=4:0,fi=6 | jt=3,res=0,li=1:0,ri=5:0,fi=0 | jt=3,res=0,li=2:0,ri=3:0,fi=12 | jt=3,res=0,li=2:0,ri=4:0,fi=9 | jt=3,res=0,li=2:0,ri=5:0,fi=3 | jt=3,res=0,li=3:0,ri=4:0,fi=8 | jt=3,res=0,li=3:0,ri=5:0,fi=2 | jt=3,res=0,li=4:0,ri=5:0,fi=4 | jt=3,res=1,li=2:8,ri=0:8,fi=13 | jt=3,res=1,li=2:8,ri=4:8,fi=5] Filters: [(CASE  WHEN ((year_total > 0.0)) THEN ((year_total / year_total)) ELSE NULL END > CASE  WHEN ((year_total > 0.0)) THEN ((year_total / year_total)) ELSE NULL END) AND (CASE  WHEN ((year_total > 0.0)) THEN ((year_total / year_total)) ELSE NULL END > CASE  WHEN ((year_total > 0.0)) THEN ((year_total / year_total)) ELSE NULL END) AND (customer_id = customer_id) AND (customer_id = customer_id) AND (customer_id = customer_id) AND (customer_id = customer_id) AND (customer_id = customer_id) AND (customer_id = customer_id) AND (customer_id = customer_id) AND (customer_id = customer_id) AND (customer_id = customer_id) AND (customer_id = customer_id) AND (customer_id = customer_id) AND (customer_id = customer_id) AND (customer_id = customer_id) AND (customer_id = customer_id) AND (customer_id = customer_id)] CtxOcc: 1
    [INFO-AMBIGUOUS-RESOLVED] stage0 unique key (candidates=90): LOGICAL_JOIN: RelSets: [0, 1, 2, 3, 4] RelBindings: [0:customer, store_sales, date_dim | 1:customer, store_sales, date_dim | 2:customer, catalog_sales, date_dim | 3:customer, catalog_sales, date_dim | 4:customer, web_sales, date_dim] NumRels: [0, 1, 2, 3, 4] CtxInputCards: [0:1053624 | 1:5268120 | 2:526840 | 3:2634200 | 4:263307] CtxParentSplit: [[0, 1, 2, 3] | [4]] CtxEdgeSig: [jt=3,res=0,li=0:0,ri=1:0,fi=16 | jt=3,res=0,li=0:0,ri=2:0,fi=15 | jt=3,res=0,li=0:0,ri=3:0,fi=11 | jt=3,res=0,li=0:0,ri=4:0,fi=7 | jt=3,res=0,li=1:0,ri=2:0,fi=14 | jt=3,res=0,li=1:0,ri=3:0,fi=10 | jt=3,res=0,li=1:0,ri=4:0,fi=6 | jt=3,res=0,li=2:0,ri=3:0,fi=12 | jt=3,res=0,li=2:0,ri=4:0,fi=9 | jt=3,res=0,li=3:0,ri=4:0,fi=8 | jt=3,res=1,li=2:8,ri=0:8,fi=13] Filters: [(CASE  WHEN ((year_total > 0.0)) THEN ((year_total / year_total)) ELSE NULL END > CASE  WHEN ((year_total > 0.0)) THEN ((year_total / year_total)) ELSE NULL END) AND (customer_id = customer_id) AND (customer_id = customer_id) AND (customer_id = customer_id) AND (customer_id = customer_id) AND (customer_id = customer_id) AND (customer_id = customer_id) AND (customer_id = customer_id) AND (customer_id = customer_id) AND (customer_id = customer_id) AND (customer_id = customer_id)] CtxOcc: 1
    [INFO-AMBIGUOUS-RESOLVED] stage0 unique key (candidates=2): LOGICAL_JOIN: RelSets: [1, 2] RelBindings: [1:store_sales | 2:date_dim] NumRels: [1, 2] CtxInputCards: [1:28800991 | 2:364] CtxParentSplit: [[1] | [2]] CtxEdgeSig: [jt=3,res=0,li=1:1,ri=2:0,fi=0] Filters: [(ss_sold_date_sk = d_date_sk)] CtxOcc: 2
    [INFO-AMBIGUOUS-RESOLVED] stage0 unique key (candidates=2): LOGICAL_JOIN: RelSets: [1, 2] RelBindings: [1:catalog_sales | 2:date_dim] NumRels: [1, 2] CtxInputCards: [1:14401261 | 2:364] CtxParentSplit: [[1] | [2]] CtxEdgeSig: [jt=3,res=0,li=1:1,ri=2:0,fi=0] Filters: [(cs_sold_date_sk = d_date_sk)] CtxOcc: 2
    [INFO-AMBIGUOUS-RESOLVED] stage0 unique key (candidates=2): LOGICAL_JOIN: RelSets: [1, 2] RelBindings: [1:web_sales | 2:date_dim] NumRels: [1, 2] CtxInputCards: [1:7197566 | 2:364] CtxParentSplit: [[1] | [2]] CtxEdgeSig: [jt=3,res=0,li=1:1,ri=2:0,fi=0] Filters: [(ws_sold_date_sk = d_date_sk)] CtxOcc: 1
    [NEW] LOGICAL_JOIN: RelSets: [0, 1, 2, 3, 4] RelBindings: [0:customer, store_sales, date_dim | 1:customer, store_sales, date_dim | 2:customer, catalog_sales, date_dim | 3:customer, catalog_sales, date_dim | 4:customer, web_sales, date_dim] NumRels: [0, 1, 2, 3, 4] CtxInputCards: [0:1053624 | 1:5268120 | 2:526840 | 3:2634200 | 4:263307] CtxParentSplit: [[0, 1, 2, 3] | [4]] CtxEdgeSig: [jt=3,res=0,li=0:0,ri=1:0,fi=16 | jt=3,res=0,li=0:0,ri=2:0,fi=15 | jt=3,res=0,li=0:0,ri=3:0,fi=11 | jt=3,res=0,li=0:0,ri=4:0,fi=7 | jt=3,res=0,li=1:0,ri=2:0,fi=14 | jt=3,res=0,li=1:0,ri=3:0,fi=10 | jt=3,res=0,li=1:0,ri=4:0,fi=6 | jt=3,res=0,li=2:0,ri=3:0,fi=12 | jt=3,res=0,li=2:0,ri=4:0,fi=9 | jt=3,res=0,li=3:0,ri=4:0,fi=8 | jt=3,res=1,li=2:8,ri=0:8,fi=13] Filters: [(CASE  WHEN ((year_total > 0.0)) THEN ((year_total / year_total)) ELSE NULL END > CASE  WHEN ((year_total > 0.0)) THEN ((year_total / year_total)) ELSE NULL END) AND (customer_id = customer_id) AND (customer_id = customer_id) AND (customer_id = customer_id) AND (customer_id = customer_id) AND (customer_id = customer_id) AND (customer_id = customer_id) AND (customer_id = customer_id) AND (customer_id = customer_id) AND (customer_id = customer_id) AND (customer_id = customer_id)] CtxOcc: 1 -> 4184
    [INFO] Cardinality update (plan changed vs last iteration; overwriting JSON):
      Expression: LOGICAL_JOIN: RelSets: [1, 2] RelBindings: [1:catalog_sales | 2:date_dim] NumRels: [1, 2] CtxInputCards: [1:14401261 | 2:364] CtxParentSplit: [[1] | [2]] CtxEdgeSig: [jt=3,res=0,li=1:1,ri=2:0,fi=0] Filters: [(cs_sold_date_sk = d_date_sk)] CtxOcc: 2
      Existing: 2851330, New: 2848383
    [INFO] Cardinality update (plan changed vs last iteration; overwriting JSON):
      Expression: LOGICAL_JOIN: RelSets: [1, 2] RelBindings: [1:catalog_sales | 2:date_dim] NumRels: [1, 2] CtxInputCards: [1:14401261 | 2:364] CtxParentSplit: [[1] | [2]] CtxEdgeSig: [jt=3,res=0,li=1:1,ri=2:0,fi=0] Filters: [(cs_sold_date_sk = d_date_sk)] CtxOcc: 1
      Existing: 2848383, New: 2851330
    [INFO] Cardinality update (plan changed vs last iteration; overwriting JSON):
      Expression: LOGICAL_JOIN: RelSets: [1, 2] RelBindings: [1:web_sales | 2:date_dim] NumRels: [1, 2] CtxInputCards: [1:7197566 | 2:364] CtxParentSplit: [[1] | [2]] CtxEdgeSig: [jt=3,res=0,li=1:1,ri=2:0,fi=0] Filters: [(ws_sold_date_sk = d_date_sk)] CtxOcc: 1
      Existing: 1438827, New: 1432881
    [INFO] Cardinality update (plan changed vs last iteration; overwriting JSON):
      Expression: LOGICAL_JOIN: RelSets: [1, 2] RelBindings: [1:web_sales | 2:date_dim] NumRels: [1, 2] CtxInputCards: [1:7197566 | 2:364] CtxParentSplit: [[1] | [2]] CtxEdgeSig: [jt=3,res=0,li=1:1,ri=2:0,fi=0] Filters: [(ws_sold_date_sk = d_date_sk)] CtxOcc: 2
      Existing: 1432881, New: 1438827
    [VERIFY] Running verification for iteration 2...
    [VERIFY] Check 1 PASSED: 8 injected log values match the pre-update JSON.
    [VERIFY] Check 2 PASSED: All 8 JSON keys found in the cardinality log.
    [VERIFY] Check 3 INFO: 1 new join(s) from plan change (not previously injected, OK).
    [VERIFY] Check 3 PASSED: All 7 previously-known joins (non-CTE) were INJECTED.
    [VERIFY] Check 4 INFO: 4 injected != actual (plan may have changed):
      LOGICAL_JOIN: RelSets: [1, 2] RelBindings: [1:catalog_sales | 2:date_dim] NumRels: [1, 2] CtxInputCards: [1:14401261 | 2:364] CtxParentSplit: [[1] | [2]] CtxEdgeSig: [jt=3,res=0,li=1:1,ri=2:0,fi=0] Filters: [(cs_sold_date_sk = d_date_sk)] CtxOcc: 1
        Injected: 2848383, Actual: 2851330
      LOGICAL_JOIN: RelSets: [1, 2] RelBindings: [1:catalog_sales | 2:date_dim] NumRels: [1, 2] CtxInputCards: [1:14401261 | 2:364] CtxParentSplit: [[1] | [2]] CtxEdgeSig: [jt=3,res=0,li=1:1,ri=2:0,fi=0] Filters: [(cs_sold_date_sk = d_date_sk)] CtxOcc: 2
        Injected: 2851330, Actual: 2848383
      LOGICAL_JOIN: RelSets: [1, 2] RelBindings: [1:web_sales | 2:date_dim] NumRels: [1, 2] CtxInputCards: [1:7197566 | 2:364] CtxParentSplit: [[1] | [2]] CtxEdgeSig: [jt=3,res=0,li=1:1,ri=2:0,fi=0] Filters: [(ws_sold_date_sk = d_date_sk)] CtxOcc: 1
        Injected: 1438827, Actual: 1432881
      LOGICAL_JOIN: RelSets: [1, 2] RelBindings: [1:web_sales | 2:date_dim] NumRels: [1, 2] CtxInputCards: [1:7197566 | 2:364] CtxParentSplit: [[1] | [2]] CtxEdgeSig: [jt=3,res=0,li=1:1,ri=2:0,fi=0] Filters: [(ws_sold_date_sk = d_date_sk)] CtxOcc: 2
        Injected: 1432881, Actual: 1438827
    [VERIFY] Check 5 PASSED: 8 mappings; all expression strings unique.
    [VERIFY] Check 6 INFO: matched 8/17 joins-with-conditions (unmatched=9).
    [VERIFY] Check 7 INFO: 5 ambiguous match(es); stage0=5, non_stage0=0.
    [VERIFY] Check 8 PASSED: all 8 JSON keys were INJECTED (8 applied).
    [VERIFY] Check 9 PASSED: all 8 pre-update keys preserved in post-update JSON.
  Verification passed.
  Plan CHANGED on iteration 2.

  --- Iteration 3 ---
  Found 17 join(s) in physical plan.
  Found 325 log entries in cardinality_log.txt.
  Matched 8 expression(s) to actual cardinalities.
  [MATCH WARN] Unresolved physical joins: 6
    [INFO-AMBIGUOUS-RESOLVED] stage0 unique key (candidates=91): LOGICAL_JOIN: RelSets: [0, 1, 2, 3, 4, 5] RelBindings: [0:customer, store_sales, date_dim | 1:customer, store_sales, date_dim | 2:customer, catalog_sales, date_dim | 3:customer, catalog_sales, date_dim | 4:customer, web_sales, date_dim | 5:customer, web_sales, date_dim] NumRels: [0, 1, 2, 3, 4, 5] CtxInputCards: [0:1053624 | 1:5268120 | 2:526840 | 3:2634200 | 4:263307 | 5:1316539] CtxParentSplit: [[0, 1, 2, 3, 4] | [5]] CtxEdgeSig: [jt=3,res=0,li=0:0,ri=1:0,fi=16 | jt=3,res=0,li=0:0,ri=2:0,fi=15 | jt=3,res=0,li=0:0,ri=3:0,fi=11 | jt=3,res=0,li=0:0,ri=4:0,fi=7 | jt=3,res=0,li=0:0,ri=5:0,fi=1 | jt=3,res=0,li=1:0,ri=2:0,fi=14 | jt=3,res=0,li=1:0,ri=3:0,fi=10 | jt=3,res=0,li=1:0,ri=4:0,fi=6 | jt=3,res=0,li=1:0,ri=5:0,fi=0 | jt=3,res=0,li=2:0,ri=3:0,fi=12 | jt=3,res=0,li=2:0,ri=4:0,fi=9 | jt=3,res=0,li=2:0,ri=5:0,fi=3 | jt=3,res=0,li=3:0,ri=4:0,fi=8 | jt=3,res=0,li=3:0,ri=5:0,fi=2 | jt=3,res=0,li=4:0,ri=5:0,fi=4 | jt=3,res=1,li=2:8,ri=0:8,fi=13 | jt=3,res=1,li=2:8,ri=4:8,fi=5] Filters: [(CASE  WHEN ((year_total > 0.0)) THEN ((year_total / year_total)) ELSE NULL END > CASE  WHEN ((year_total > 0.0)) THEN ((year_total / year_total)) ELSE NULL END) AND (CASE  WHEN ((year_total > 0.0)) THEN ((year_total / year_total)) ELSE NULL END > CASE  WHEN ((year_total > 0.0)) THEN ((year_total / year_total)) ELSE NULL END) AND (customer_id = customer_id) AND (customer_id = customer_id) AND (customer_id = customer_id) AND (customer_id = customer_id) AND (customer_id = customer_id) AND (customer_id = customer_id) AND (customer_id = customer_id) AND (customer_id = customer_id) AND (customer_id = customer_id) AND (customer_id = customer_id) AND (customer_id = customer_id) AND (customer_id = customer_id) AND (customer_id = customer_id) AND (customer_id = customer_id) AND (customer_id = customer_id)] CtxOcc: 1
    [INFO-AMBIGUOUS-RESOLVED] stage0 unique key (candidates=90): LOGICAL_JOIN: RelSets: [0, 1, 2, 3, 4] RelBindings: [0:customer, store_sales, date_dim | 1:customer, store_sales, date_dim | 2:customer, catalog_sales, date_dim | 3:customer, catalog_sales, date_dim | 4:customer, web_sales, date_dim] NumRels: [0, 1, 2, 3, 4] CtxInputCards: [0:1053624 | 1:5268120 | 2:526840 | 3:2634200 | 4:263307] CtxParentSplit: [[0, 1, 2, 4] | [3]] CtxEdgeSig: [jt=3,res=0,li=0:0,ri=1:0,fi=16 | jt=3,res=0,li=0:0,ri=2:0,fi=15 | jt=3,res=0,li=0:0,ri=3:0,fi=11 | jt=3,res=0,li=0:0,ri=4:0,fi=7 | jt=3,res=0,li=1:0,ri=2:0,fi=14 | jt=3,res=0,li=1:0,ri=3:0,fi=10 | jt=3,res=0,li=1:0,ri=4:0,fi=6 | jt=3,res=0,li=2:0,ri=3:0,fi=12 | jt=3,res=0,li=2:0,ri=4:0,fi=9 | jt=3,res=0,li=3:0,ri=4:0,fi=8 | jt=3,res=1,li=2:8,ri=0:8,fi=13] Filters: [(CASE  WHEN ((year_total > 0.0)) THEN ((year_total / year_total)) ELSE NULL END > CASE  WHEN ((year_total > 0.0)) THEN ((year_total / year_total)) ELSE NULL END) AND (customer_id = customer_id) AND (customer_id = customer_id) AND (customer_id = customer_id) AND (customer_id = customer_id) AND (customer_id = customer_id) AND (customer_id = customer_id) AND (customer_id = customer_id) AND (customer_id = customer_id) AND (customer_id = customer_id) AND (customer_id = customer_id)] CtxOcc: 1
    [INFO-AMBIGUOUS-RESOLVED] stage0 unique key (candidates=2): LOGICAL_JOIN: RelSets: [1, 2] RelBindings: [1:store_sales | 2:date_dim] NumRels: [1, 2] CtxInputCards: [1:28800991 | 2:364] CtxParentSplit: [[1] | [2]] CtxEdgeSig: [jt=3,res=0,li=1:1,ri=2:0,fi=0] Filters: [(ss_sold_date_sk = d_date_sk)] CtxOcc: 2
    [INFO-AMBIGUOUS-RESOLVED] stage0 unique key (candidates=2): LOGICAL_JOIN: RelSets: [1, 2] RelBindings: [1:catalog_sales | 2:date_dim] NumRels: [1, 2] CtxInputCards: [1:14401261 | 2:364] CtxParentSplit: [[1] | [2]] CtxEdgeSig: [jt=3,res=0,li=1:1,ri=2:0,fi=0] Filters: [(cs_sold_date_sk = d_date_sk)] CtxOcc: 2
    [INFO-AMBIGUOUS-RESOLVED] stage0 unique key (candidates=2): LOGICAL_JOIN: RelSets: [1, 2] RelBindings: [1:web_sales | 2:date_dim] NumRels: [1, 2] CtxInputCards: [1:7197566 | 2:364] CtxParentSplit: [[1] | [2]] CtxEdgeSig: [jt=3,res=0,li=1:1,ri=2:0,fi=0] Filters: [(ws_sold_date_sk = d_date_sk)] CtxOcc: 1
    [NEW] LOGICAL_JOIN: RelSets: [0, 1, 2, 3, 4] RelBindings: [0:customer, store_sales, date_dim | 1:customer, store_sales, date_dim | 2:customer, catalog_sales, date_dim | 3:customer, catalog_sales, date_dim | 4:customer, web_sales, date_dim] NumRels: [0, 1, 2, 3, 4] CtxInputCards: [0:1053624 | 1:5268120 | 2:526840 | 3:2634200 | 4:263307] CtxParentSplit: [[0, 1, 2, 4] | [3]] CtxEdgeSig: [jt=3,res=0,li=0:0,ri=1:0,fi=16 | jt=3,res=0,li=0:0,ri=2:0,fi=15 | jt=3,res=0,li=0:0,ri=3:0,fi=11 | jt=3,res=0,li=0:0,ri=4:0,fi=7 | jt=3,res=0,li=1:0,ri=2:0,fi=14 | jt=3,res=0,li=1:0,ri=3:0,fi=10 | jt=3,res=0,li=1:0,ri=4:0,fi=6 | jt=3,res=0,li=2:0,ri=3:0,fi=12 | jt=3,res=0,li=2:0,ri=4:0,fi=9 | jt=3,res=0,li=3:0,ri=4:0,fi=8 | jt=3,res=1,li=2:8,ri=0:8,fi=13] Filters: [(CASE  WHEN ((year_total > 0.0)) THEN ((year_total / year_total)) ELSE NULL END > CASE  WHEN ((year_total > 0.0)) THEN ((year_total / year_total)) ELSE NULL END) AND (customer_id = customer_id) AND (customer_id = customer_id) AND (customer_id = customer_id) AND (customer_id = customer_id) AND (customer_id = customer_id) AND (customer_id = customer_id) AND (customer_id = customer_id) AND (customer_id = customer_id) AND (customer_id = customer_id) AND (customer_id = customer_id)] CtxOcc: 1 -> 4184
    [VERIFY] Running verification for iteration 3...
    [VERIFY] Check 1 PASSED: 9 injected log values match the pre-update JSON.
    [VERIFY] Check 2 PASSED: All 9 JSON keys found in the cardinality log.
    [VERIFY] Check 3 INFO: 1 new join(s) from plan change (not previously injected, OK).
    [VERIFY] Check 3 PASSED: All 7 previously-known joins (non-CTE) were INJECTED.
    [VERIFY] Check 4 PASSED: All injected cardinalities match actual plan cardinalities.
    [VERIFY] Check 5 PASSED: 8 mappings; all expression strings unique.
    [VERIFY] Check 6 INFO: matched 8/17 joins-with-conditions (unmatched=9).
    [VERIFY] Check 7 INFO: 5 ambiguous match(es); stage0=5, non_stage0=0.
    [VERIFY] Check 8 PASSED: all 9 JSON keys were INJECTED (9 applied).
    [VERIFY] Check 9 PASSED: all 9 pre-update keys preserved in post-update JSON.
  Verification passed.

  --- Iteration 4 ---
  Found 17 join(s) in physical plan.
  Found 325 log entries in cardinality_log.txt.
  Matched 8 expression(s) to actual cardinalities.
  [MATCH WARN] Unresolved physical joins: 6
    [INFO-AMBIGUOUS-RESOLVED] stage0 unique key (candidates=91): LOGICAL_JOIN: RelSets: [0, 1, 2, 3, 4, 5] RelBindings: [0:customer, store_sales, date_dim | 1:customer, store_sales, date_dim | 2:customer, catalog_sales, date_dim | 3:customer, catalog_sales, date_dim | 4:customer, web_sales, date_dim | 5:customer, web_sales, date_dim] NumRels: [0, 1, 2, 3, 4, 5] CtxInputCards: [0:1053624 | 1:5268120 | 2:526840 | 3:2634200 | 4:263307 | 5:1316539] CtxParentSplit: [[0, 1, 2, 3, 4] | [5]] CtxEdgeSig: [jt=3,res=0,li=0:0,ri=1:0,fi=16 | jt=3,res=0,li=0:0,ri=2:0,fi=15 | jt=3,res=0,li=0:0,ri=3:0,fi=11 | jt=3,res=0,li=0:0,ri=4:0,fi=7 | jt=3,res=0,li=0:0,ri=5:0,fi=1 | jt=3,res=0,li=1:0,ri=2:0,fi=14 | jt=3,res=0,li=1:0,ri=3:0,fi=10 | jt=3,res=0,li=1:0,ri=4:0,fi=6 | jt=3,res=0,li=1:0,ri=5:0,fi=0 | jt=3,res=0,li=2:0,ri=3:0,fi=12 | jt=3,res=0,li=2:0,ri=4:0,fi=9 | jt=3,res=0,li=2:0,ri=5:0,fi=3 | jt=3,res=0,li=3:0,ri=4:0,fi=8 | jt=3,res=0,li=3:0,ri=5:0,fi=2 | jt=3,res=0,li=4:0,ri=5:0,fi=4 | jt=3,res=1,li=2:8,ri=0:8,fi=13 | jt=3,res=1,li=2:8,ri=4:8,fi=5] Filters: [(CASE  WHEN ((year_total > 0.0)) THEN ((year_total / year_total)) ELSE NULL END > CASE  WHEN ((year_total > 0.0)) THEN ((year_total / year_total)) ELSE NULL END) AND (CASE  WHEN ((year_total > 0.0)) THEN ((year_total / year_total)) ELSE NULL END > CASE  WHEN ((year_total > 0.0)) THEN ((year_total / year_total)) ELSE NULL END) AND (customer_id = customer_id) AND (customer_id = customer_id) AND (customer_id = customer_id) AND (customer_id = customer_id) AND (customer_id = customer_id) AND (customer_id = customer_id) AND (customer_id = customer_id) AND (customer_id = customer_id) AND (customer_id = customer_id) AND (customer_id = customer_id) AND (customer_id = customer_id) AND (customer_id = customer_id) AND (customer_id = customer_id) AND (customer_id = customer_id) AND (customer_id = customer_id)] CtxOcc: 1
    [INFO-AMBIGUOUS-RESOLVED] stage0 unique key (candidates=2): LOGICAL_JOIN: RelSets: [1, 2] RelBindings: [1:web_sales | 2:date_dim] NumRels: [1, 2] CtxInputCards: [1:7197566 | 2:364] CtxParentSplit: [[1] | [2]] CtxEdgeSig: [jt=3,res=0,li=1:1,ri=2:0,fi=0] Filters: [(ws_sold_date_sk = d_date_sk)] CtxOcc: 2
    [INFO-AMBIGUOUS-RESOLVED] stage0 unique key (candidates=90): LOGICAL_JOIN: RelSets: [0, 1, 2, 3, 4] RelBindings: [0:customer, store_sales, date_dim | 1:customer, store_sales, date_dim | 2:customer, catalog_sales, date_dim | 3:customer, catalog_sales, date_dim | 4:customer, web_sales, date_dim] NumRels: [0, 1, 2, 3, 4] CtxInputCards: [0:1053624 | 1:5268120 | 2:526840 | 3:2634200 | 4:263307] CtxParentSplit: [[0, 1, 2, 3] | [4]] CtxEdgeSig: [jt=3,res=0,li=0:0,ri=1:0,fi=16 | jt=3,res=0,li=0:0,ri=2:0,fi=15 | jt=3,res=0,li=0:0,ri=3:0,fi=11 | jt=3,res=0,li=0:0,ri=4:0,fi=7 | jt=3,res=0,li=1:0,ri=2:0,fi=14 | jt=3,res=0,li=1:0,ri=3:0,fi=10 | jt=3,res=0,li=1:0,ri=4:0,fi=6 | jt=3,res=0,li=2:0,ri=3:0,fi=12 | jt=3,res=0,li=2:0,ri=4:0,fi=9 | jt=3,res=0,li=3:0,ri=4:0,fi=8 | jt=3,res=1,li=2:8,ri=0:8,fi=13] Filters: [(CASE  WHEN ((year_total > 0.0)) THEN ((year_total / year_total)) ELSE NULL END > CASE  WHEN ((year_total > 0.0)) THEN ((year_total / year_total)) ELSE NULL END) AND (customer_id = customer_id) AND (customer_id = customer_id) AND (customer_id = customer_id) AND (customer_id = customer_id) AND (customer_id = customer_id) AND (customer_id = customer_id) AND (customer_id = customer_id) AND (customer_id = customer_id) AND (customer_id = customer_id) AND (customer_id = customer_id)] CtxOcc: 1
    [INFO-AMBIGUOUS-RESOLVED] stage0 unique key (candidates=2): LOGICAL_JOIN: RelSets: [1, 2] RelBindings: [1:store_sales | 2:date_dim] NumRels: [1, 2] CtxInputCards: [1:28800991 | 2:364] CtxParentSplit: [[1] | [2]] CtxEdgeSig: [jt=3,res=0,li=1:1,ri=2:0,fi=0] Filters: [(ss_sold_date_sk = d_date_sk)] CtxOcc: 2
    [INFO-AMBIGUOUS-RESOLVED] stage0 unique key (candidates=2): LOGICAL_JOIN: RelSets: [1, 2] RelBindings: [1:catalog_sales | 2:date_dim] NumRels: [1, 2] CtxInputCards: [1:14401261 | 2:364] CtxParentSplit: [[1] | [2]] CtxEdgeSig: [jt=3,res=0,li=1:1,ri=2:0,fi=0] Filters: [(cs_sold_date_sk = d_date_sk)] CtxOcc: 1
    [VERIFY] Running verification for iteration 4...
    [VERIFY] Check 1 PASSED: 10 injected log values match the pre-update JSON.
    [VERIFY] Check 2 PASSED: All 10 JSON keys found in the cardinality log.
    [VERIFY] Check 3 PASSED: All 8 previously-known joins (non-CTE) were INJECTED.
    [VERIFY] Check 4 PASSED: All injected cardinalities match actual plan cardinalities.
    [VERIFY] Check 5 PASSED: 8 mappings; all expression strings unique.
    [VERIFY] Check 6 INFO: matched 8/17 joins-with-conditions (unmatched=9).
    [VERIFY] Check 7 INFO: 5 ambiguous match(es); stage0=5, non_stage0=0.
    [VERIFY] Check 8 PASSED: all 10 JSON keys were INJECTED (10 applied).
    [VERIFY] Check 9 PASSED: all 10 pre-update keys preserved in post-update JSON.
  Verification passed.
  Plan CHANGED on iteration 4.
  No new cardinality entries. Expecting convergence next iteration.

  --- Iteration 5 ---
  Found 17 join(s) in physical plan.
  Found 325 log entries in cardinality_log.txt.
  Matched 8 expression(s) to actual cardinalities.
  [MATCH WARN] Unresolved physical joins: 6
    [INFO-AMBIGUOUS-RESOLVED] stage0 unique key (candidates=91): LOGICAL_JOIN: RelSets: [0, 1, 2, 3, 4, 5] RelBindings: [0:customer, store_sales, date_dim | 1:customer, store_sales, date_dim | 2:customer, catalog_sales, date_dim | 3:customer, catalog_sales, date_dim | 4:customer, web_sales, date_dim | 5:customer, web_sales, date_dim] NumRels: [0, 1, 2, 3, 4, 5] CtxInputCards: [0:1053624 | 1:5268120 | 2:526840 | 3:2634200 | 4:263307 | 5:1316539] CtxParentSplit: [[0, 1, 2, 3, 4] | [5]] CtxEdgeSig: [jt=3,res=0,li=0:0,ri=1:0,fi=16 | jt=3,res=0,li=0:0,ri=2:0,fi=15 | jt=3,res=0,li=0:0,ri=3:0,fi=11 | jt=3,res=0,li=0:0,ri=4:0,fi=7 | jt=3,res=0,li=0:0,ri=5:0,fi=1 | jt=3,res=0,li=1:0,ri=2:0,fi=14 | jt=3,res=0,li=1:0,ri=3:0,fi=10 | jt=3,res=0,li=1:0,ri=4:0,fi=6 | jt=3,res=0,li=1:0,ri=5:0,fi=0 | jt=3,res=0,li=2:0,ri=3:0,fi=12 | jt=3,res=0,li=2:0,ri=4:0,fi=9 | jt=3,res=0,li=2:0,ri=5:0,fi=3 | jt=3,res=0,li=3:0,ri=4:0,fi=8 | jt=3,res=0,li=3:0,ri=5:0,fi=2 | jt=3,res=0,li=4:0,ri=5:0,fi=4 | jt=3,res=1,li=2:8,ri=0:8,fi=13 | jt=3,res=1,li=2:8,ri=4:8,fi=5] Filters: [(CASE  WHEN ((year_total > 0.0)) THEN ((year_total / year_total)) ELSE NULL END > CASE  WHEN ((year_total > 0.0)) THEN ((year_total / year_total)) ELSE NULL END) AND (CASE  WHEN ((year_total > 0.0)) THEN ((year_total / year_total)) ELSE NULL END > CASE  WHEN ((year_total > 0.0)) THEN ((year_total / year_total)) ELSE NULL END) AND (customer_id = customer_id) AND (customer_id = customer_id) AND (customer_id = customer_id) AND (customer_id = customer_id) AND (customer_id = customer_id) AND (customer_id = customer_id) AND (customer_id = customer_id) AND (customer_id = customer_id) AND (customer_id = customer_id) AND (customer_id = customer_id) AND (customer_id = customer_id) AND (customer_id = customer_id) AND (customer_id = customer_id) AND (customer_id = customer_id) AND (customer_id = customer_id)] CtxOcc: 1
    [INFO-AMBIGUOUS-RESOLVED] stage0 unique key (candidates=2): LOGICAL_JOIN: RelSets: [1, 2] RelBindings: [1:web_sales | 2:date_dim] NumRels: [1, 2] CtxInputCards: [1:7197566 | 2:364] CtxParentSplit: [[1] | [2]] CtxEdgeSig: [jt=3,res=0,li=1:1,ri=2:0,fi=0] Filters: [(ws_sold_date_sk = d_date_sk)] CtxOcc: 2
    [INFO-AMBIGUOUS-RESOLVED] stage0 unique key (candidates=90): LOGICAL_JOIN: RelSets: [0, 1, 2, 3, 4] RelBindings: [0:customer, store_sales, date_dim | 1:customer, store_sales, date_dim | 2:customer, catalog_sales, date_dim | 3:customer, catalog_sales, date_dim | 4:customer, web_sales, date_dim] NumRels: [0, 1, 2, 3, 4] CtxInputCards: [0:1053624 | 1:5268120 | 2:526840 | 3:2634200 | 4:263307] CtxParentSplit: [[0, 1, 2, 3] | [4]] CtxEdgeSig: [jt=3,res=0,li=0:0,ri=1:0,fi=16 | jt=3,res=0,li=0:0,ri=2:0,fi=15 | jt=3,res=0,li=0:0,ri=3:0,fi=11 | jt=3,res=0,li=0:0,ri=4:0,fi=7 | jt=3,res=0,li=1:0,ri=2:0,fi=14 | jt=3,res=0,li=1:0,ri=3:0,fi=10 | jt=3,res=0,li=1:0,ri=4:0,fi=6 | jt=3,res=0,li=2:0,ri=3:0,fi=12 | jt=3,res=0,li=2:0,ri=4:0,fi=9 | jt=3,res=0,li=3:0,ri=4:0,fi=8 | jt=3,res=1,li=2:8,ri=0:8,fi=13] Filters: [(CASE  WHEN ((year_total > 0.0)) THEN ((year_total / year_total)) ELSE NULL END > CASE  WHEN ((year_total > 0.0)) THEN ((year_total / year_total)) ELSE NULL END) AND (customer_id = customer_id) AND (customer_id = customer_id) AND (customer_id = customer_id) AND (customer_id = customer_id) AND (customer_id = customer_id) AND (customer_id = customer_id) AND (customer_id = customer_id) AND (customer_id = customer_id) AND (customer_id = customer_id) AND (customer_id = customer_id)] CtxOcc: 1
    [INFO-AMBIGUOUS-RESOLVED] stage0 unique key (candidates=2): LOGICAL_JOIN: RelSets: [1, 2] RelBindings: [1:store_sales | 2:date_dim] NumRels: [1, 2] CtxInputCards: [1:28800991 | 2:364] CtxParentSplit: [[1] | [2]] CtxEdgeSig: [jt=3,res=0,li=1:1,ri=2:0,fi=0] Filters: [(ss_sold_date_sk = d_date_sk)] CtxOcc: 2
    [INFO-AMBIGUOUS-RESOLVED] stage0 unique key (candidates=2): LOGICAL_JOIN: RelSets: [1, 2] RelBindings: [1:catalog_sales | 2:date_dim] NumRels: [1, 2] CtxInputCards: [1:14401261 | 2:364] CtxParentSplit: [[1] | [2]] CtxEdgeSig: [jt=3,res=0,li=1:1,ri=2:0,fi=0] Filters: [(cs_sold_date_sk = d_date_sk)] CtxOcc: 1
    [VERIFY] Running verification for iteration 5...
    [VERIFY] Check 1 PASSED: 10 injected log values match the pre-update JSON.
    [VERIFY] Check 2 PASSED: All 10 JSON keys found in the cardinality log.
    [VERIFY] Check 3 PASSED: All 8 previously-known joins (non-CTE) were INJECTED.
    [VERIFY] Check 4 PASSED: All injected cardinalities match actual plan cardinalities.
    [VERIFY] Check 5 PASSED: 8 mappings; all expression strings unique.
    [VERIFY] Check 6 INFO: matched 8/17 joins-with-conditions (unmatched=9).
    [VERIFY] Check 7 INFO: 5 ambiguous match(es); stage0=5, non_stage0=0.
    [VERIFY] Check 8 PASSED: all 10 JSON keys were INJECTED (10 applied).
    [VERIFY] Check 9 PASSED: all 10 pre-update keys preserved in post-update JSON.
  Verification passed.
  Plan CONVERGED after 5 iterations.

  [TIMING] Comparing vanilla vs feedback plan for Q4 (5 runs each)...
    Vanilla:  min=0.871s  mean=0.881s  runs=[0.890262957997038, 0.8712582090010983, 0.8944034580017615, 0.877302958000655, 0.8710072499998205]
    Feedback: min=0.877s  mean=0.885s  runs=[0.8902444589984952, 0.8874577499991574, 0.8836896669999987, 0.877375583997491, 0.8863434579980094]
    Speedup (min): 0.99x (SLOWER ⚠)

============================================================
  Query 5
============================================================

  --- Iteration 1 ---
  Found 7 join(s) in physical plan.
  Found 12 log entries in cardinality_log.txt.
  Matched 3 expression(s) to actual cardinalities.
  [MATCH WARN] Unresolved physical joins: 4
    [NEW] LOGICAL_JOIN: RelSets: [0, 1] RelBindings: [0:store_sales, store_returns | 1:date_dim] NumRels: [0, 1] CtxInputCards: [0:31678523 | 1:15] CtxParentSplit: [[0] | [1]] CtxEdgeSig: [jt=3,res=0,li=0:1,ri=1:0,fi=1] Filters: [(date_sk = d_date_sk)] CtxOcc: 1 -> 313890
    [NEW] LOGICAL_JOIN: RelSets: [0, 1] RelBindings: [0:catalog_sales, catalog_returns | 1:date_dim] NumRels: [0, 1] CtxInputCards: [0:15842485 | 1:15] CtxParentSplit: [[0] | [1]] CtxEdgeSig: [jt=3,res=0,li=0:1,ri=1:0,fi=1] Filters: [(date_sk = d_date_sk)] CtxOcc: 1 -> 161922
    [NEW] LOGICAL_JOIN: RelSets: [0, 1] RelBindings: [0:web_sales, web_returns, web_sales | 1:date_dim] NumRels: [0, 1] CtxInputCards: [0:14395132 | 1:15] CtxParentSplit: [[0] | [1]] CtxEdgeSig: [jt=3,res=0,li=0:1,ri=1:0,fi=1] Filters: [(date_sk = d_date_sk)] CtxOcc: 1 -> 83938

  --- Iteration 2 ---
  Found 7 join(s) in physical plan.
  Found 12 log entries in cardinality_log.txt.
  Matched 3 expression(s) to actual cardinalities.
  [MATCH WARN] Unresolved physical joins: 4
    [INFO] Small stable-plan drift (keeping existing JSON value):
      Expression: LOGICAL_JOIN: RelSets: [0, 1] RelBindings: [0:store_sales, store_returns | 1:date_dim] NumRels: [0, 1] CtxInputCards: [0:31678523 | 1:15] CtxParentSplit: [[0] | [1]] CtxEdgeSig: [jt=3,res=0,li=0:1,ri=1:0,fi=1] Filters: [(date_sk = d_date_sk)] CtxOcc: 1
      Existing: 313890, New: 313885, Delta: 5 (0.001593%)
    [VERIFY] Running verification for iteration 2...
    [VERIFY] Check 1 PASSED: 3 injected log values match the pre-update JSON.
    [VERIFY] Check 2 PASSED: All 3 JSON keys found in the cardinality log.
    [VERIFY] Check 3 PASSED: All 3 previously-known joins (non-CTE) were INJECTED.
    [VERIFY] Check 4 PASSED: All injected cardinalities match actual plan cardinalities.
    [VERIFY] Check 4 INFO: tolerated 1 small stable-plan drift(s) (treated as measurement noise).
    [VERIFY] Check 5 PASSED: 3 mappings; all expression strings unique.
    [VERIFY] Check 6 INFO: matched 3/7 joins-with-conditions (unmatched=4).
    [VERIFY] Check 7 PASSED: no ambiguous match candidates.
    [VERIFY] Check 8 PASSED: all 3 JSON keys were INJECTED (3 applied).
    [VERIFY] Check 9 PASSED: all 3 pre-update keys preserved in post-update JSON.
  Verification passed.
  Plan CONVERGED after 2 iterations.

============================================================
  Query 6
============================================================

  --- Iteration 1 ---
  Found 8 join(s) in physical plan.
  Found 48 log entries in cardinality_log.txt.
  Matched 2 expression(s) to actual cardinalities.
  [MATCH WARN] Unresolved physical joins: 3
    [NEW] LOGICAL_JOIN: RelSets: [2, 3] RelBindings: [2:store_sales | 3:date_dim] NumRels: [2, 3] CtxInputCards: [2:28800991 | 3:73049] CtxParentSplit: [[2] | [3]] CtxEdgeSig: [jt=3,res=0,li=2:1,ri=3:0,fi=2] Filters: [(ss_sold_date_sk = d_date_sk)] CtxOcc: 1 -> 289017
    [NEW] LOGICAL_JOIN: RelSets: [3, 5] RelBindings: [3:date_dim | 5:date_dim] NumRels: [3, 5] CtxInputCards: [3:73049 | 5:1] CtxParentSplit: [[3] | [5]] CtxEdgeSig: [jt=3,res=0,li=3:1,ri=5:0,fi=0] Filters: [(d_month_seq = SUBQUERY)] CtxOcc: 1 -> 31

  --- Iteration 2 ---
  Found 8 join(s) in physical plan.
  Found 48 log entries in cardinality_log.txt.
  Matched 2 expression(s) to actual cardinalities.
  [MATCH WARN] Unresolved physical joins: 3
    [VERIFY] Running verification for iteration 2...
    [VERIFY] Check 1 PASSED: 2 injected log values match the pre-update JSON.
    [VERIFY] Check 2 PASSED: All 2 JSON keys found in the cardinality log.
    [VERIFY] Check 3 PASSED: All 2 previously-known joins (non-CTE) were INJECTED.
    [VERIFY] Check 4 PASSED: All injected cardinalities match actual plan cardinalities.
    [VERIFY] Check 5 PASSED: 2 mappings; all expression strings unique.
    [VERIFY] Check 6 INFO: matched 2/8 joins-with-conditions (unmatched=6).
    [VERIFY] Check 7 PASSED: no ambiguous match candidates.
    [VERIFY] Check 8 PASSED: all 2 JSON keys were INJECTED (2 applied).
    [VERIFY] Check 9 PASSED: all 2 pre-update keys preserved in post-update JSON.
  Verification passed.
  Plan CONVERGED after 2 iterations.

============================================================
  Query 7
============================================================

  --- Iteration 1 ---
  Found 4 join(s) in physical plan.
  Found 32 log entries in cardinality_log.txt.
  Matched 1 expression(s) to actual cardinalities.
  [MATCH WARN] Unresolved physical joins: 3
    [NEW] LOGICAL_JOIN: RelSets: [0, 1] RelBindings: [0:store_sales | 1:customer_demographics] NumRels: [0, 1] CtxInputCards: [0:28800991 | 1:27440] CtxParentSplit: [[0] | [1]] CtxEdgeSig: [jt=3,res=0,li=0:2,ri=1:0,fi=3] Filters: [(ss_cdemo_sk = cd_demo_sk)] CtxOcc: 1 -> 76721

  --- Iteration 2 ---
  Found 4 join(s) in physical plan.
  Found 32 log entries in cardinality_log.txt.
  Matched 1 expression(s) to actual cardinalities.
  [MATCH WARN] Unresolved physical joins: 3
    [INFO] Small stable-plan drift (keeping existing JSON value):
      Expression: LOGICAL_JOIN: RelSets: [0, 1] RelBindings: [0:store_sales | 1:customer_demographics] NumRels: [0, 1] CtxInputCards: [0:28800991 | 1:27440] CtxParentSplit: [[0] | [1]] CtxEdgeSig: [jt=3,res=0,li=0:2,ri=1:0,fi=3] Filters: [(ss_cdemo_sk = cd_demo_sk)] CtxOcc: 1
      Existing: 76721, New: 76718, Delta: 3 (0.003910%)
    [VERIFY] Running verification for iteration 2...
    [VERIFY] Check 1 PASSED: 1 injected log values match the pre-update JSON.
    [VERIFY] Check 2 PASSED: All 1 JSON keys found in the cardinality log.
    [VERIFY] Check 3 PASSED: All 1 previously-known joins (non-CTE) were INJECTED.
    [VERIFY] Check 4 PASSED: All injected cardinalities match actual plan cardinalities.
    [VERIFY] Check 4 INFO: tolerated 1 small stable-plan drift(s) (treated as measurement noise).
    [VERIFY] Check 5 PASSED: 1 mappings; all expression strings unique.
    [VERIFY] Check 6 INFO: matched 1/4 joins-with-conditions (unmatched=3).
    [VERIFY] Check 7 PASSED: no ambiguous match candidates.
    [VERIFY] Check 8 PASSED: all 1 JSON keys were INJECTED (1 applied).
    [VERIFY] Check 9 PASSED: all 1 pre-update keys preserved in post-update JSON.
  Verification passed.
  Plan CONVERGED after 2 iterations.

============================================================
  Query 8
============================================================

  --- Iteration 1 ---
  Found 5 join(s) in physical plan.
  Found 11 log entries in cardinality_log.txt.
  Matched 3 expression(s) to actual cardinalities.
  [MATCH WARN] Unresolved physical joins: 1
    [NEW] LOGICAL_JOIN: RelSets: [0, 1] RelBindings: [0:store_sales | 1:date_dim] NumRels: [0, 1] CtxInputCards: [0:28800991 | 1:91] CtxParentSplit: [[0] | [1]] CtxEdgeSig: [jt=3,res=0,li=0:1,ri=1:0,fi=2] Filters: [(ss_sold_date_sk = d_date_sk)] CtxOcc: 1 -> 773018
    [NEW] LOGICAL_JOIN: RelSets: [2, 3] RelBindings: [2:store | 3:customer_address, customer_address, customer] NumRels: [2, 3] CtxInputCards: [2:102 | 3:784] CtxParentSplit: [[2] | [3]] CtxEdgeSig: [jt=3,res=0,li=2:1,ri=3:0,fi=0] Filters: [("substring"(s_zip, 1, 2) = "substring"(ca_zip, 1, 2))] CtxOcc: 1 -> 37
    [NEW] LOGICAL_JOIN: RelSets: [0, 1] RelBindings: [0:customer_address | 1:customer] NumRels: [0, 1] CtxInputCards: [0:250000 | 1:250000] CtxParentSplit: [[0] | [1]] CtxEdgeSig: [jt=3,res=0,li=0:0,ri=1:0,fi=0] Filters: [(ca_address_sk = c_current_addr_sk)] CtxOcc: 1 -> 236826

  --- Iteration 2 ---
  Found 5 join(s) in physical plan.
  Found 11 log entries in cardinality_log.txt.
  Matched 3 expression(s) to actual cardinalities.
  [MATCH WARN] Unresolved physical joins: 1
    [INFO] Small stable-plan drift (keeping existing JSON value):
      Expression: LOGICAL_JOIN: RelSets: [0, 1] RelBindings: [0:store_sales | 1:date_dim] NumRels: [0, 1] CtxInputCards: [0:28800991 | 1:91] CtxParentSplit: [[0] | [1]] CtxEdgeSig: [jt=3,res=0,li=0:1,ri=1:0,fi=2] Filters: [(ss_sold_date_sk = d_date_sk)] CtxOcc: 1
      Existing: 773018, New: 773091, Delta: 73 (0.009443%)
    [VERIFY] Running verification for iteration 2...
    [VERIFY] Check 1 PASSED: 3 injected log values match the pre-update JSON.
    [VERIFY] Check 2 PASSED: All 3 JSON keys found in the cardinality log.
    [VERIFY] Check 3 PASSED: All 3 previously-known joins (non-CTE) were INJECTED.
    [VERIFY] Check 4 PASSED: All injected cardinalities match actual plan cardinalities.
    [VERIFY] Check 4 INFO: tolerated 1 small stable-plan drift(s) (treated as measurement noise).
    [VERIFY] Check 5 PASSED: 3 mappings; all expression strings unique.
    [VERIFY] Check 6 INFO: matched 3/5 joins-with-conditions (unmatched=2).
    [VERIFY] Check 7 PASSED: no ambiguous match candidates.
    [VERIFY] Check 8 PASSED: all 3 JSON keys were INJECTED (3 applied).
    [VERIFY] Check 9 PASSED: all 3 pre-update keys preserved in post-update JSON.
  Verification passed.
  Plan CONVERGED after 2 iterations.

============================================================
  Query 9
============================================================

  --- Iteration 1 ---
  Found 15 join(s) in physical plan.
  Found 15 log entries in cardinality_log.txt.
  Matched 0 expression(s) to actual cardinalities.

  --- Iteration 2 ---
  Found 15 join(s) in physical plan.
  Found 15 log entries in cardinality_log.txt.
  Matched 0 expression(s) to actual cardinalities.
    [VERIFY] Running verification for iteration 2...
    [VERIFY] Check 1 PASSED: 0 injected log values match the pre-update JSON.
    [VERIFY] Check 2 PASSED: All 0 JSON keys found in the cardinality log.
    [VERIFY] Check 3 PASSED: All 0 previously-known joins (non-CTE) were INJECTED.
    [VERIFY] Check 4 PASSED: All injected cardinalities match actual plan cardinalities.
    [VERIFY] Check 5 PASSED: 0 mappings; all expression strings unique.
    [VERIFY] Check 6 INFO: matched 0/0 joins-with-conditions (unmatched=0).
    [VERIFY] Check 7 PASSED: no ambiguous match candidates.
    [VERIFY] Check 8 PASSED: all 0 JSON keys were INJECTED (0 applied).
    [VERIFY] Check 9 PASSED: all 0 pre-update keys preserved in post-update JSON.
  Verification passed.
  Plan CONVERGED after 2 iterations.

============================================================
  Query 10
============================================================

  --- Iteration 1 ---
  Found 15 join(s) in physical plan.
  Found 16 log entries in cardinality_log.txt.
  Matched 4 expression(s) to actual cardinalities.
  [MATCH WARN] Unresolved physical joins: 5
    [NEW] LOGICAL_JOIN: RelSets: [0, 1] RelBindings: [0:customer | 1:customer_address] NumRels: [0, 1] CtxInputCards: [0:500000 | 1:50000] CtxParentSplit: [[0] | [1]] CtxEdgeSig: [jt=3,res=0,li=0:0,ri=1:0,fi=1] Filters: [(c_current_addr_sk = ca_address_sk)] CtxOcc: 1 -> 4651
    [NEW] LOGICAL_JOIN: RelSets: [0, 1] RelBindings: [0:store_sales | 1:date_dim] NumRels: [0, 1] CtxInputCards: [0:28800991 | 1:122] CtxParentSplit: [[0] | [1]] CtxEdgeSig: [jt=3,res=0,li=0:1,ri=1:0,fi=1] Filters: [(ss_sold_date_sk = d_date_sk)] CtxOcc: 1 -> 1091679
    [NEW] LOGICAL_JOIN: RelSets: [0, 1] RelBindings: [0:web_sales | 1:date_dim] NumRels: [0, 1] CtxInputCards: [0:7197566 | 1:122] CtxParentSplit: [[0] | [1]] CtxEdgeSig: [jt=3,res=0,li=0:1,ri=1:0,fi=1] Filters: [(ws_sold_date_sk = d_date_sk)] CtxOcc: 1 -> 399
    [NEW] LOGICAL_JOIN: RelSets: [0, 1] RelBindings: [0:catalog_sales | 1:date_dim] NumRels: [0, 1] CtxInputCards: [0:14401261 | 1:122] CtxParentSplit: [[0] | [1]] CtxEdgeSig: [jt=3,res=0,li=0:1,ri=1:0,fi=1] Filters: [(cs_sold_date_sk = d_date_sk)] CtxOcc: 1 -> 872

  --- Iteration 2 ---
  Found 15 join(s) in physical plan.
  Found 16 log entries in cardinality_log.txt.
  Matched 4 expression(s) to actual cardinalities.
  [MATCH WARN] Unresolved physical joins: 5
    [INFO] Cardinality update (plan changed vs last iteration; overwriting JSON):
      Expression: LOGICAL_JOIN: RelSets: [0, 1] RelBindings: [0:store_sales | 1:date_dim] NumRels: [0, 1] CtxInputCards: [0:28800991 | 1:122] CtxParentSplit: [[0] | [1]] CtxEdgeSig: [jt=3,res=0,li=0:1,ri=1:0,fi=1] Filters: [(ss_sold_date_sk = d_date_sk)] CtxOcc: 1
      Existing: 1091679, New: 1091694
    [INFO] Cardinality update (plan changed vs last iteration; overwriting JSON):
      Expression: LOGICAL_JOIN: RelSets: [0, 1] RelBindings: [0:web_sales | 1:date_dim] NumRels: [0, 1] CtxInputCards: [0:7197566 | 1:122] CtxParentSplit: [[0] | [1]] CtxEdgeSig: [jt=3,res=0,li=0:1,ri=1:0,fi=1] Filters: [(ws_sold_date_sk = d_date_sk)] CtxOcc: 1
      Existing: 399, New: 280942
    [INFO] Cardinality update (plan changed vs last iteration; overwriting JSON):
      Expression: LOGICAL_JOIN: RelSets: [0, 1] RelBindings: [0:catalog_sales | 1:date_dim] NumRels: [0, 1] CtxInputCards: [0:14401261 | 1:122] CtxParentSplit: [[0] | [1]] CtxEdgeSig: [jt=3,res=0,li=0:1,ri=1:0,fi=1] Filters: [(cs_sold_date_sk = d_date_sk)] CtxOcc: 1
      Existing: 872, New: 540532
    [VERIFY] Running verification for iteration 2...
    [VERIFY] Check 1 PASSED: 4 injected log values match the pre-update JSON.
    [VERIFY] Check 2 PASSED: All 4 JSON keys found in the cardinality log.
    [VERIFY] Check 3 PASSED: All 4 previously-known joins (non-CTE) were INJECTED.
    [VERIFY] Check 4 INFO: 3 injected != actual (plan may have changed):
      LOGICAL_JOIN: RelSets: [0, 1] RelBindings: [0:store_sales | 1:date_dim] NumRels: [0, 1] CtxInputCards: [0:28800991 | 1:122] CtxParentSplit: [[0] | [1]] CtxEdgeSig: [jt=3,res=0,li=0:1,ri=1:0,fi=1] Filters: [(ss_sold_date_sk = d_date_sk)] CtxOcc: 1
        Injected: 1091679, Actual: 1091694
      LOGICAL_JOIN: RelSets: [0, 1] RelBindings: [0:web_sales | 1:date_dim] NumRels: [0, 1] CtxInputCards: [0:7197566 | 1:122] CtxParentSplit: [[0] | [1]] CtxEdgeSig: [jt=3,res=0,li=0:1,ri=1:0,fi=1] Filters: [(ws_sold_date_sk = d_date_sk)] CtxOcc: 1
        Injected: 399, Actual: 280942
      LOGICAL_JOIN: RelSets: [0, 1] RelBindings: [0:catalog_sales | 1:date_dim] NumRels: [0, 1] CtxInputCards: [0:14401261 | 1:122] CtxParentSplit: [[0] | [1]] CtxEdgeSig: [jt=3,res=0,li=0:1,ri=1:0,fi=1] Filters: [(cs_sold_date_sk = d_date_sk)] CtxOcc: 1
        Injected: 872, Actual: 540532
    [VERIFY] Check 5 PASSED: 4 mappings; all expression strings unique.
    [VERIFY] Check 6 INFO: matched 4/15 joins-with-conditions (unmatched=11).
    [VERIFY] Check 7 PASSED: no ambiguous match candidates.
    [VERIFY] Check 8 PASSED: all 4 JSON keys were INJECTED (4 applied).
    [VERIFY] Check 9 PASSED: all 4 pre-update keys preserved in post-update JSON.
  Verification passed.
  Plan CHANGED on iteration 2.

  --- Iteration 3 ---
  Found 15 join(s) in physical plan.
  Found 16 log entries in cardinality_log.txt.
  Matched 4 expression(s) to actual cardinalities.
  [MATCH WARN] Unresolved physical joins: 5
    [INFO] Cardinality update (plan changed vs last iteration; overwriting JSON):
      Expression: LOGICAL_JOIN: RelSets: [0, 1] RelBindings: [0:store_sales | 1:date_dim] NumRels: [0, 1] CtxInputCards: [0:28800991 | 1:122] CtxParentSplit: [[0] | [1]] CtxEdgeSig: [jt=3,res=0,li=0:1,ri=1:0,fi=1] Filters: [(ss_sold_date_sk = d_date_sk)] CtxOcc: 1
      Existing: 1091694, New: 1091692
    [INFO] Cardinality update (plan changed vs last iteration; overwriting JSON):
      Expression: LOGICAL_JOIN: RelSets: [0, 1] RelBindings: [0:web_sales | 1:date_dim] NumRels: [0, 1] CtxInputCards: [0:7197566 | 1:122] CtxParentSplit: [[0] | [1]] CtxEdgeSig: [jt=3,res=0,li=0:1,ri=1:0,fi=1] Filters: [(ws_sold_date_sk = d_date_sk)] CtxOcc: 1
      Existing: 280942, New: 280787
    [INFO] Cardinality update (plan changed vs last iteration; overwriting JSON):
      Expression: LOGICAL_JOIN: RelSets: [0, 1] RelBindings: [0:catalog_sales | 1:date_dim] NumRels: [0, 1] CtxInputCards: [0:14401261 | 1:122] CtxParentSplit: [[0] | [1]] CtxEdgeSig: [jt=3,res=0,li=0:1,ri=1:0,fi=1] Filters: [(cs_sold_date_sk = d_date_sk)] CtxOcc: 1
      Existing: 540532, New: 538480
    [VERIFY] Running verification for iteration 3...
    [VERIFY] Check 1 PASSED: 4 injected log values match the pre-update JSON.
    [VERIFY] Check 2 PASSED: All 4 JSON keys found in the cardinality log.
    [VERIFY] Check 3 PASSED: All 4 previously-known joins (non-CTE) were INJECTED.
    [VERIFY] Check 4 INFO: 3 injected != actual (plan may have changed):
      LOGICAL_JOIN: RelSets: [0, 1] RelBindings: [0:store_sales | 1:date_dim] NumRels: [0, 1] CtxInputCards: [0:28800991 | 1:122] CtxParentSplit: [[0] | [1]] CtxEdgeSig: [jt=3,res=0,li=0:1,ri=1:0,fi=1] Filters: [(ss_sold_date_sk = d_date_sk)] CtxOcc: 1
        Injected: 1091694, Actual: 1091692
      LOGICAL_JOIN: RelSets: [0, 1] RelBindings: [0:web_sales | 1:date_dim] NumRels: [0, 1] CtxInputCards: [0:7197566 | 1:122] CtxParentSplit: [[0] | [1]] CtxEdgeSig: [jt=3,res=0,li=0:1,ri=1:0,fi=1] Filters: [(ws_sold_date_sk = d_date_sk)] CtxOcc: 1
        Injected: 280942, Actual: 280787
      LOGICAL_JOIN: RelSets: [0, 1] RelBindings: [0:catalog_sales | 1:date_dim] NumRels: [0, 1] CtxInputCards: [0:14401261 | 1:122] CtxParentSplit: [[0] | [1]] CtxEdgeSig: [jt=3,res=0,li=0:1,ri=1:0,fi=1] Filters: [(cs_sold_date_sk = d_date_sk)] CtxOcc: 1
        Injected: 540532, Actual: 538480
    [VERIFY] Check 5 PASSED: 4 mappings; all expression strings unique.
    [VERIFY] Check 6 INFO: matched 4/15 joins-with-conditions (unmatched=11).
    [VERIFY] Check 7 PASSED: no ambiguous match candidates.
    [VERIFY] Check 8 PASSED: all 4 JSON keys were INJECTED (4 applied).
    [VERIFY] Check 9 PASSED: all 4 pre-update keys preserved in post-update JSON.
  Verification passed.
  Plan CHANGED on iteration 3.

  --- Iteration 4 ---
  Found 15 join(s) in physical plan.
  Found 16 log entries in cardinality_log.txt.
  Matched 4 expression(s) to actual cardinalities.
  [MATCH WARN] Unresolved physical joins: 5
    [INFO] Small stable-plan drift (keeping existing JSON value):
      Expression: LOGICAL_JOIN: RelSets: [0, 1] RelBindings: [0:web_sales | 1:date_dim] NumRels: [0, 1] CtxInputCards: [0:7197566 | 1:122] CtxParentSplit: [[0] | [1]] CtxEdgeSig: [jt=3,res=0,li=0:1,ri=1:0,fi=1] Filters: [(ws_sold_date_sk = d_date_sk)] CtxOcc: 1
      Existing: 280787, New: 280785, Delta: 2 (0.000712%)
    [VERIFY] Running verification for iteration 4...
    [VERIFY] Check 1 PASSED: 4 injected log values match the pre-update JSON.
    [VERIFY] Check 2 PASSED: All 4 JSON keys found in the cardinality log.
    [VERIFY] Check 3 PASSED: All 4 previously-known joins (non-CTE) were INJECTED.
    [VERIFY] Check 4 PASSED: All injected cardinalities match actual plan cardinalities.
    [VERIFY] Check 4 INFO: tolerated 1 small stable-plan drift(s) (treated as measurement noise).
    [VERIFY] Check 5 PASSED: 4 mappings; all expression strings unique.
    [VERIFY] Check 6 INFO: matched 4/15 joins-with-conditions (unmatched=11).
    [VERIFY] Check 7 PASSED: no ambiguous match candidates.
    [VERIFY] Check 8 PASSED: all 4 JSON keys were INJECTED (4 applied).
    [VERIFY] Check 9 PASSED: all 4 pre-update keys preserved in post-update JSON.
  Verification passed.
  Plan CONVERGED after 4 iterations.

  [TIMING] Comparing vanilla vs feedback plan for Q10 (5 runs each)...
    Vanilla:  min=0.071s  mean=0.071s  runs=[0.0711382080007752, 0.07071854099922348, 0.07271941599901766, 0.07091529199897195, 0.07107016599911731]
    Feedback: min=0.071s  mean=0.071s  runs=[0.07092041700161644, 0.07063687499976368, 0.07188879200111842, 0.07183308399908128, 0.070958750002319]
    Speedup (min): 1.00x (FASTER)

============================================================
  Query 11
============================================================

  --- Iteration 1 ---
  Found 11 join(s) in physical plan.
  Found 41 log entries in cardinality_log.txt.
  Matched 5 expression(s) to actual cardinalities.
  [MATCH WARN] Unresolved physical joins: 4
    [INFO-AMBIGUOUS-RESOLVED] stage0 unique key (candidates=7): LOGICAL_JOIN: RelSets: [0, 1, 2, 3] RelBindings: [0:customer, store_sales, date_dim | 1:customer, store_sales, date_dim | 2:customer, web_sales, date_dim | 3:customer, web_sales, date_dim] NumRels: [0, 1, 2, 3] CtxInputCards: [0:1053624 | 1:5268120 | 2:263307 | 3:1316539] CtxParentSplit: [[0, 1, 2] | [3]] CtxEdgeSig: [jt=3,res=0,li=0:0,ri=1:0,fi=6 | jt=3,res=0,li=0:0,ri=2:0,fi=5 | jt=3,res=0,li=0:0,ri=3:0,fi=1 | jt=3,res=0,li=1:0,ri=2:0,fi=4 | jt=3,res=0,li=1:0,ri=3:0,fi=0 | jt=3,res=0,li=2:0,ri=3:0,fi=2 | jt=3,res=1,li=2:8,ri=0:8,fi=3] Filters: [(CASE  WHEN ((year_total > 0.00)) THEN ((CAST((year_total * 1.0000) AS DOUBLE) / CAST(year_total AS DOUBLE))) ELSE 0.0 END > CASE  WHEN ((year_total > 0.00)) THEN ((CAST((year_total * 1.0000) AS DOUBLE) / CAST(year_total AS DOUBLE))) ELSE 0.0 END) AND (customer_id = customer_id) AND (customer_id = customer_id) AND (customer_id = customer_id) AND (customer_id = customer_id) AND (customer_id = customer_id) AND (customer_id = customer_id)] CtxOcc: 1
    [INFO-AMBIGUOUS-RESOLVED] stage0 unique key (candidates=2): LOGICAL_JOIN: RelSets: [1, 2] RelBindings: [1:store_sales | 2:date_dim] NumRels: [1, 2] CtxInputCards: [1:28800991 | 2:364] CtxParentSplit: [[1] | [2]] CtxEdgeSig: [jt=3,res=0,li=1:1,ri=2:0,fi=0] Filters: [(ss_sold_date_sk = d_date_sk)] CtxOcc: 1
    [INFO-AMBIGUOUS-RESOLVED] stage0 unique key (candidates=2): LOGICAL_JOIN: RelSets: [1, 2] RelBindings: [1:web_sales | 2:date_dim] NumRels: [1, 2] CtxInputCards: [1:7197566 | 2:364] CtxParentSplit: [[1] | [2]] CtxEdgeSig: [jt=3,res=0,li=1:1,ri=2:0,fi=0] Filters: [(ws_sold_date_sk = d_date_sk)] CtxOcc: 1
    [NEW] LOGICAL_JOIN: RelSets: [0, 1, 2, 3] RelBindings: [0:customer, store_sales, date_dim | 1:customer, store_sales, date_dim | 2:customer, web_sales, date_dim | 3:customer, web_sales, date_dim] NumRels: [0, 1, 2, 3] CtxInputCards: [0:1053624 | 1:5268120 | 2:263307 | 3:1316539] CtxParentSplit: [[0, 1, 2] | [3]] CtxEdgeSig: [jt=3,res=0,li=0:0,ri=1:0,fi=6 | jt=3,res=0,li=0:0,ri=2:0,fi=5 | jt=3,res=0,li=0:0,ri=3:0,fi=1 | jt=3,res=0,li=1:0,ri=2:0,fi=4 | jt=3,res=0,li=1:0,ri=3:0,fi=0 | jt=3,res=0,li=2:0,ri=3:0,fi=2 | jt=3,res=1,li=2:8,ri=0:8,fi=3] Filters: [(CASE  WHEN ((year_total > 0.00)) THEN ((CAST((year_total * 1.0000) AS DOUBLE) / CAST(year_total AS DOUBLE))) ELSE 0.0 END > CASE  WHEN ((year_total > 0.00)) THEN ((CAST((year_total * 1.0000) AS DOUBLE) / CAST(year_total AS DOUBLE))) ELSE 0.0 END) AND (customer_id = customer_id) AND (customer_id = customer_id) AND (customer_id = customer_id) AND (customer_id = customer_id) AND (customer_id = customer_id) AND (customer_id = customer_id)] CtxOcc: 1 -> 4185
    [NEW] LOGICAL_JOIN: RelSets: [1, 2] RelBindings: [1:store_sales | 2:date_dim] NumRels: [1, 2] CtxInputCards: [1:28800991 | 2:364] CtxParentSplit: [[1] | [2]] CtxEdgeSig: [jt=3,res=0,li=1:1,ri=2:0,fi=0] Filters: [(ss_sold_date_sk = d_date_sk)] CtxOcc: 1 -> 5501921
    [NEW] LOGICAL_JOIN: RelSets: [1, 2] RelBindings: [1:web_sales | 2:date_dim] NumRels: [1, 2] CtxInputCards: [1:7197566 | 2:364] CtxParentSplit: [[1] | [2]] CtxEdgeSig: [jt=3,res=0,li=1:1,ri=2:0,fi=0] Filters: [(ws_sold_date_sk = d_date_sk)] CtxOcc: 1 -> 1438827
    [NEW] LOGICAL_JOIN: RelSets: [1, 2] RelBindings: [1:store_sales | 2:date_dim] NumRels: [1, 2] CtxInputCards: [1:28800991 | 2:364] CtxParentSplit: [[1] | [2]] CtxEdgeSig: [jt=3,res=0,li=1:1,ri=2:0,fi=0] Filters: [(ss_sold_date_sk = d_date_sk)] CtxOcc: 2 -> 5469038
    [NEW] LOGICAL_JOIN: RelSets: [1, 2] RelBindings: [1:web_sales | 2:date_dim] NumRels: [1, 2] CtxInputCards: [1:7197566 | 2:364] CtxParentSplit: [[1] | [2]] CtxEdgeSig: [jt=3,res=0,li=1:1,ri=2:0,fi=0] Filters: [(ws_sold_date_sk = d_date_sk)] CtxOcc: 2 -> 1432881

  --- Iteration 2 ---
  Found 11 join(s) in physical plan.
  Found 41 log entries in cardinality_log.txt.
  Matched 5 expression(s) to actual cardinalities.
  [MATCH WARN] Unresolved physical joins: 4
    [INFO-AMBIGUOUS-RESOLVED] stage0 unique key (candidates=7): LOGICAL_JOIN: RelSets: [0, 1, 2, 3] RelBindings: [0:customer, store_sales, date_dim | 1:customer, store_sales, date_dim | 2:customer, web_sales, date_dim | 3:customer, web_sales, date_dim] NumRels: [0, 1, 2, 3] CtxInputCards: [0:1053624 | 1:5268120 | 2:263307 | 3:1316539] CtxParentSplit: [[0, 1, 2] | [3]] CtxEdgeSig: [jt=3,res=0,li=0:0,ri=1:0,fi=6 | jt=3,res=0,li=0:0,ri=2:0,fi=5 | jt=3,res=0,li=0:0,ri=3:0,fi=1 | jt=3,res=0,li=1:0,ri=2:0,fi=4 | jt=3,res=0,li=1:0,ri=3:0,fi=0 | jt=3,res=0,li=2:0,ri=3:0,fi=2 | jt=3,res=1,li=2:8,ri=0:8,fi=3] Filters: [(CASE  WHEN ((year_total > 0.00)) THEN ((CAST((year_total * 1.0000) AS DOUBLE) / CAST(year_total AS DOUBLE))) ELSE 0.0 END > CASE  WHEN ((year_total > 0.00)) THEN ((CAST((year_total * 1.0000) AS DOUBLE) / CAST(year_total AS DOUBLE))) ELSE 0.0 END) AND (customer_id = customer_id) AND (customer_id = customer_id) AND (customer_id = customer_id) AND (customer_id = customer_id) AND (customer_id = customer_id) AND (customer_id = customer_id)] CtxOcc: 1
    [INFO-AMBIGUOUS-RESOLVED] stage0 unique key (candidates=2): LOGICAL_JOIN: RelSets: [1, 2] RelBindings: [1:store_sales | 2:date_dim] NumRels: [1, 2] CtxInputCards: [1:28800991 | 2:364] CtxParentSplit: [[1] | [2]] CtxEdgeSig: [jt=3,res=0,li=1:1,ri=2:0,fi=0] Filters: [(ss_sold_date_sk = d_date_sk)] CtxOcc: 2
    [INFO-AMBIGUOUS-RESOLVED] stage0 unique key (candidates=2): LOGICAL_JOIN: RelSets: [1, 2] RelBindings: [1:web_sales | 2:date_dim] NumRels: [1, 2] CtxInputCards: [1:7197566 | 2:364] CtxParentSplit: [[1] | [2]] CtxEdgeSig: [jt=3,res=0,li=1:1,ri=2:0,fi=0] Filters: [(ws_sold_date_sk = d_date_sk)] CtxOcc: 1
    [INFO] Cardinality update (plan changed vs last iteration; overwriting JSON):
      Expression: LOGICAL_JOIN: RelSets: [1, 2] RelBindings: [1:store_sales | 2:date_dim] NumRels: [1, 2] CtxInputCards: [1:28800991 | 2:364] CtxParentSplit: [[1] | [2]] CtxEdgeSig: [jt=3,res=0,li=1:1,ri=2:0,fi=0] Filters: [(ss_sold_date_sk = d_date_sk)] CtxOcc: 2
      Existing: 5469038, New: 5501921
    [INFO] Cardinality update (plan changed vs last iteration; overwriting JSON):
      Expression: LOGICAL_JOIN: RelSets: [1, 2] RelBindings: [1:store_sales | 2:date_dim] NumRels: [1, 2] CtxInputCards: [1:28800991 | 2:364] CtxParentSplit: [[1] | [2]] CtxEdgeSig: [jt=3,res=0,li=1:1,ri=2:0,fi=0] Filters: [(ss_sold_date_sk = d_date_sk)] CtxOcc: 1
      Existing: 5501921, New: 5469038
    [INFO] Cardinality update (plan changed vs last iteration; overwriting JSON):
      Expression: LOGICAL_JOIN: RelSets: [1, 2] RelBindings: [1:web_sales | 2:date_dim] NumRels: [1, 2] CtxInputCards: [1:7197566 | 2:364] CtxParentSplit: [[1] | [2]] CtxEdgeSig: [jt=3,res=0,li=1:1,ri=2:0,fi=0] Filters: [(ws_sold_date_sk = d_date_sk)] CtxOcc: 1
      Existing: 1438827, New: 1432881
    [INFO] Cardinality update (plan changed vs last iteration; overwriting JSON):
      Expression: LOGICAL_JOIN: RelSets: [1, 2] RelBindings: [1:web_sales | 2:date_dim] NumRels: [1, 2] CtxInputCards: [1:7197566 | 2:364] CtxParentSplit: [[1] | [2]] CtxEdgeSig: [jt=3,res=0,li=1:1,ri=2:0,fi=0] Filters: [(ws_sold_date_sk = d_date_sk)] CtxOcc: 2
      Existing: 1432881, New: 1438827
    [VERIFY] Running verification for iteration 2...
    [VERIFY] Check 1 PASSED: 5 injected log values match the pre-update JSON.
    [VERIFY] Check 2 PASSED: All 5 JSON keys found in the cardinality log.
    [VERIFY] Check 3 PASSED: All 5 previously-known joins (non-CTE) were INJECTED.
    [VERIFY] Check 4 INFO: 4 injected != actual (plan may have changed):
      LOGICAL_JOIN: RelSets: [1, 2] RelBindings: [1:store_sales | 2:date_dim] NumRels: [1, 2] CtxInputCards: [1:28800991 | 2:364] CtxParentSplit: [[1] | [2]] CtxEdgeSig: [jt=3,res=0,li=1:1,ri=2:0,fi=0] Filters: [(ss_sold_date_sk = d_date_sk)] CtxOcc: 1
        Injected: 5501921, Actual: 5469038
      LOGICAL_JOIN: RelSets: [1, 2] RelBindings: [1:store_sales | 2:date_dim] NumRels: [1, 2] CtxInputCards: [1:28800991 | 2:364] CtxParentSplit: [[1] | [2]] CtxEdgeSig: [jt=3,res=0,li=1:1,ri=2:0,fi=0] Filters: [(ss_sold_date_sk = d_date_sk)] CtxOcc: 2
        Injected: 5469038, Actual: 5501921
      LOGICAL_JOIN: RelSets: [1, 2] RelBindings: [1:web_sales | 2:date_dim] NumRels: [1, 2] CtxInputCards: [1:7197566 | 2:364] CtxParentSplit: [[1] | [2]] CtxEdgeSig: [jt=3,res=0,li=1:1,ri=2:0,fi=0] Filters: [(ws_sold_date_sk = d_date_sk)] CtxOcc: 1
        Injected: 1438827, Actual: 1432881
      LOGICAL_JOIN: RelSets: [1, 2] RelBindings: [1:web_sales | 2:date_dim] NumRels: [1, 2] CtxInputCards: [1:7197566 | 2:364] CtxParentSplit: [[1] | [2]] CtxEdgeSig: [jt=3,res=0,li=1:1,ri=2:0,fi=0] Filters: [(ws_sold_date_sk = d_date_sk)] CtxOcc: 2
        Injected: 1432881, Actual: 1438827
    [VERIFY] Check 5 PASSED: 5 mappings; all expression strings unique.
    [VERIFY] Check 6 INFO: matched 5/11 joins-with-conditions (unmatched=6).
    [VERIFY] Check 7 INFO: 3 ambiguous match(es); stage0=3, non_stage0=0.
    [VERIFY] Check 8 PASSED: all 5 JSON keys were INJECTED (5 applied).
    [VERIFY] Check 9 PASSED: all 5 pre-update keys preserved in post-update JSON.
  Verification passed.
  Plan CHANGED on iteration 2.

  --- Iteration 3 ---
  Found 11 join(s) in physical plan.
  Found 41 log entries in cardinality_log.txt.
  Matched 5 expression(s) to actual cardinalities.
  [MATCH WARN] Unresolved physical joins: 4
    [INFO-AMBIGUOUS-RESOLVED] stage0 unique key (candidates=7): LOGICAL_JOIN: RelSets: [0, 1, 2, 3] RelBindings: [0:customer, store_sales, date_dim | 1:customer, store_sales, date_dim | 2:customer, web_sales, date_dim | 3:customer, web_sales, date_dim] NumRels: [0, 1, 2, 3] CtxInputCards: [0:1053624 | 1:5268120 | 2:263307 | 3:1316539] CtxParentSplit: [[0, 1, 2] | [3]] CtxEdgeSig: [jt=3,res=0,li=0:0,ri=1:0,fi=6 | jt=3,res=0,li=0:0,ri=2:0,fi=5 | jt=3,res=0,li=0:0,ri=3:0,fi=1 | jt=3,res=0,li=1:0,ri=2:0,fi=4 | jt=3,res=0,li=1:0,ri=3:0,fi=0 | jt=3,res=0,li=2:0,ri=3:0,fi=2 | jt=3,res=1,li=2:8,ri=0:8,fi=3] Filters: [(CASE  WHEN ((year_total > 0.00)) THEN ((CAST((year_total * 1.0000) AS DOUBLE) / CAST(year_total AS DOUBLE))) ELSE 0.0 END > CASE  WHEN ((year_total > 0.00)) THEN ((CAST((year_total * 1.0000) AS DOUBLE) / CAST(year_total AS DOUBLE))) ELSE 0.0 END) AND (customer_id = customer_id) AND (customer_id = customer_id) AND (customer_id = customer_id) AND (customer_id = customer_id) AND (customer_id = customer_id) AND (customer_id = customer_id)] CtxOcc: 1
    [INFO-AMBIGUOUS-RESOLVED] stage0 unique key (candidates=2): LOGICAL_JOIN: RelSets: [1, 2] RelBindings: [1:store_sales | 2:date_dim] NumRels: [1, 2] CtxInputCards: [1:28800991 | 2:364] CtxParentSplit: [[1] | [2]] CtxEdgeSig: [jt=3,res=0,li=1:1,ri=2:0,fi=0] Filters: [(ss_sold_date_sk = d_date_sk)] CtxOcc: 2
    [INFO-AMBIGUOUS-RESOLVED] stage0 unique key (candidates=2): LOGICAL_JOIN: RelSets: [1, 2] RelBindings: [1:web_sales | 2:date_dim] NumRels: [1, 2] CtxInputCards: [1:7197566 | 2:364] CtxParentSplit: [[1] | [2]] CtxEdgeSig: [jt=3,res=0,li=1:1,ri=2:0,fi=0] Filters: [(ws_sold_date_sk = d_date_sk)] CtxOcc: 1
    [VERIFY] Running verification for iteration 3...
    [VERIFY] Check 1 PASSED: 5 injected log values match the pre-update JSON.
    [VERIFY] Check 2 PASSED: All 5 JSON keys found in the cardinality log.
    [VERIFY] Check 3 PASSED: All 5 previously-known joins (non-CTE) were INJECTED.
    [VERIFY] Check 4 PASSED: All injected cardinalities match actual plan cardinalities.
    [VERIFY] Check 5 PASSED: 5 mappings; all expression strings unique.
    [VERIFY] Check 6 INFO: matched 5/11 joins-with-conditions (unmatched=6).
    [VERIFY] Check 7 INFO: 3 ambiguous match(es); stage0=3, non_stage0=0.
    [VERIFY] Check 8 PASSED: all 5 JSON keys were INJECTED (5 applied).
    [VERIFY] Check 9 PASSED: all 5 pre-update keys preserved in post-update JSON.
  Verification passed.
  Plan CONVERGED after 3 iterations.

  [TIMING] Comparing vanilla vs feedback plan for Q11 (5 runs each)...
    Vanilla:  min=0.508s  mean=0.523s  runs=[0.529428417001327, 0.5184445000013511, 0.5242084169985901, 0.508314334001625, 0.532886334000068]
    Feedback: min=0.548s  mean=0.558s  runs=[0.5616390420000243, 0.5691958750030608, 0.5558827499990002, 0.5539151660013886, 0.5477631670000846]
    Speedup (min): 0.93x (SLOWER ⚠)

============================================================
  Query 12
============================================================

  --- Iteration 1 ---
  Found 2 join(s) in physical plan.
  Found 4 log entries in cardinality_log.txt.
  Matched 1 expression(s) to actual cardinalities.
  [MATCH WARN] Unresolved physical joins: 1
    [NEW] LOGICAL_JOIN: RelSets: [0, 2] RelBindings: [0:web_sales | 2:date_dim] NumRels: [0, 2] CtxInputCards: [0:7197566 | 2:31] CtxParentSplit: [[0] | [2]] CtxEdgeSig: [jt=3,res=0,li=0:1,ri=2:0,fi=0] Filters: [(ws_sold_date_sk = d_date_sk)] CtxOcc: 1 -> 68837

  --- Iteration 2 ---
  Found 2 join(s) in physical plan.
  Found 4 log entries in cardinality_log.txt.
  Matched 1 expression(s) to actual cardinalities.
  [MATCH WARN] Unresolved physical joins: 1
    [VERIFY] Running verification for iteration 2...
    [VERIFY] Check 1 PASSED: 1 injected log values match the pre-update JSON.
    [VERIFY] Check 2 PASSED: All 1 JSON keys found in the cardinality log.
    [VERIFY] Check 3 PASSED: All 1 previously-known joins (non-CTE) were INJECTED.
    [VERIFY] Check 4 PASSED: All injected cardinalities match actual plan cardinalities.
    [VERIFY] Check 5 PASSED: 1 mappings; all expression strings unique.
    [VERIFY] Check 6 INFO: matched 1/2 joins-with-conditions (unmatched=1).
    [VERIFY] Check 7 PASSED: no ambiguous match candidates.
    [VERIFY] Check 8 PASSED: all 1 JSON keys were INJECTED (1 applied).
    [VERIFY] Check 9 PASSED: all 1 pre-update keys preserved in post-update JSON.
  Verification passed.
  Plan CONVERGED after 2 iterations.

============================================================
  Query 13
============================================================

  --- Iteration 1 ---
  Found 5 join(s) in physical plan.
  Found 80 log entries in cardinality_log.txt.
  Matched 1 expression(s) to actual cardinalities.
  [MATCH WARN] Unresolved physical joins: 4
    [NEW] LOGICAL_JOIN: RelSets: [0, 5] RelBindings: [0:store_sales | 5:date_dim] NumRels: [0, 5] CtxInputCards: [0:28800991 | 5:364] CtxParentSplit: [[0] | [5]] CtxEdgeSig: [jt=3,res=0,li=0:1,ri=5:0,fi=0] Filters: [(ss_sold_date_sk = d_date_sk)] CtxOcc: 1 -> 5457547

  --- Iteration 2 ---
  Found 5 join(s) in physical plan.
  Found 80 log entries in cardinality_log.txt.
  Matched 1 expression(s) to actual cardinalities.
  [MATCH WARN] Unresolved physical joins: 4
    [INFO] Small stable-plan drift (keeping existing JSON value):
      Expression: LOGICAL_JOIN: RelSets: [0, 5] RelBindings: [0:store_sales | 5:date_dim] NumRels: [0, 5] CtxInputCards: [0:28800991 | 5:364] CtxParentSplit: [[0] | [5]] CtxEdgeSig: [jt=3,res=0,li=0:1,ri=5:0,fi=0] Filters: [(ss_sold_date_sk = d_date_sk)] CtxOcc: 1
      Existing: 5457547, New: 5457422, Delta: 125 (0.002290%)
    [VERIFY] Running verification for iteration 2...
    [VERIFY] Check 1 PASSED: 1 injected log values match the pre-update JSON.
    [VERIFY] Check 2 PASSED: All 1 JSON keys found in the cardinality log.
    [VERIFY] Check 3 PASSED: All 1 previously-known joins (non-CTE) were INJECTED.
    [VERIFY] Check 4 PASSED: All injected cardinalities match actual plan cardinalities.
    [VERIFY] Check 4 INFO: tolerated 1 small stable-plan drift(s) (treated as measurement noise).
    [VERIFY] Check 5 PASSED: 1 mappings; all expression strings unique.
    [VERIFY] Check 6 INFO: matched 1/5 joins-with-conditions (unmatched=4).
    [VERIFY] Check 7 PASSED: no ambiguous match candidates.
    [VERIFY] Check 8 PASSED: all 1 JSON keys were INJECTED (1 applied).
    [VERIFY] Check 9 PASSED: all 1 pre-update keys preserved in post-update JSON.
  Verification passed.
  Plan CONVERGED after 2 iterations.

============================================================
  Query 14
============================================================

  --- Iteration 1 ---
  Found 24 join(s) in physical plan.
  Found 55 log entries in cardinality_log.txt.
  Matched 13 expression(s) to actual cardinalities.
  [MATCH WARN] Unresolved physical joins: 9
    [INFO-AMBIGUOUS-RESOLVED] stage0 unique key (candidates=3): LOGICAL_JOIN: RelSets: [0, 1] RelBindings: [0:store_sales | 1:date_dim] NumRels: [0, 1] CtxInputCards: [0:28800991 | 1:1091] CtxParentSplit: [[0] | [1]] CtxEdgeSig: [jt=3,res=0,li=0:0,ri=1:0,fi=0] Filters: [(ss_sold_date_sk = d_date_sk)] CtxOcc: 1
    [INFO-AMBIGUOUS-RESOLVED] stage0 unique key (candidates=3): LOGICAL_JOIN: RelSets: [0, 1] RelBindings: [0:catalog_sales | 1:date_dim] NumRels: [0, 1] CtxInputCards: [0:14401261 | 1:1091] CtxParentSplit: [[0] | [1]] CtxEdgeSig: [jt=3,res=0,li=0:0,ri=1:0,fi=0] Filters: [(cs_sold_date_sk = d_date_sk)] CtxOcc: 1
    [INFO-AMBIGUOUS-RESOLVED] stage0 unique key (candidates=3): LOGICAL_JOIN: RelSets: [0, 1] RelBindings: [0:web_sales | 1:date_dim] NumRels: [0, 1] CtxInputCards: [0:7197566 | 1:1091] CtxParentSplit: [[0] | [1]] CtxEdgeSig: [jt=3,res=0,li=0:0,ri=1:0,fi=0] Filters: [(ws_sold_date_sk = d_date_sk)] CtxOcc: 1
    [INFO-AMBIGUOUS-RESOLVED] stage0 unique key (candidates=2): LOGICAL_JOIN: RelSets: [0, 2] RelBindings: [0:store_sales | 2:date_dim] NumRels: [0, 2] CtxInputCards: [0:28800991 | 2:1091] CtxParentSplit: [[0] | [2]] CtxEdgeSig: [jt=3,res=0,li=0:1,ri=2:0,fi=0] Filters: [(ss_sold_date_sk = d_date_sk)] CtxOcc: 1
    [INFO-AMBIGUOUS-RESOLVED] stage0 unique key (candidates=2): LOGICAL_JOIN: RelSets: [0, 2] RelBindings: [0:catalog_sales | 2:date_dim] NumRels: [0, 2] CtxInputCards: [0:14401261 | 2:1091] CtxParentSplit: [[0] | [2]] CtxEdgeSig: [jt=3,res=0,li=0:1,ri=2:0,fi=0] Filters: [(cs_sold_date_sk = d_date_sk)] CtxOcc: 1
    [INFO-AMBIGUOUS-RESOLVED] stage0 unique key (candidates=2): LOGICAL_JOIN: RelSets: [0, 2] RelBindings: [0:web_sales | 2:date_dim] NumRels: [0, 2] CtxInputCards: [0:7197566 | 2:1091] CtxParentSplit: [[0] | [2]] CtxEdgeSig: [jt=3,res=0,li=0:1,ri=2:0,fi=0] Filters: [(ws_sold_date_sk = d_date_sk)] CtxOcc: 1
    [NEW] LOGICAL_JOIN: RelSets: [0, 1] RelBindings: [0:item | 1:store_sales, item, date_dim, catalog_sales, item, date_dim, web_sales, item, date_dim] NumRels: [0, 1] CtxInputCards: [0:102000 | 1:4172287] CtxParentSplit: [[0] | [1]] CtxEdgeSig: [jt=3,res=0,li=0:0,ri=1:0,fi=0 | jt=3,res=0,li=0:1,ri=1:1,fi=1 | jt=3,res=0,li=0:2,ri=1:2,fi=2] Filters: [(i_brand_id = brand_id) AND (i_category_id = category_id) AND (i_class_id = class_id)] CtxOcc: 1 -> 92954
    [NEW] LOGICAL_JOIN: RelSets: [0, 1] RelBindings: [0:store_sales | 1:date_dim] NumRels: [0, 1] CtxInputCards: [0:28800991 | 1:1091] CtxParentSplit: [[0] | [1]] CtxEdgeSig: [jt=3,res=0,li=0:0,ri=1:0,fi=0] Filters: [(ss_sold_date_sk = d_date_sk)] CtxOcc: 1 -> 16497428
    [NEW] LOGICAL_JOIN: RelSets: [0, 1] RelBindings: [0:catalog_sales | 1:date_dim] NumRels: [0, 1] CtxInputCards: [0:14401261 | 1:1091] CtxParentSplit: [[0] | [1]] CtxEdgeSig: [jt=3,res=0,li=0:0,ri=1:0,fi=0] Filters: [(cs_sold_date_sk = d_date_sk)] CtxOcc: 1 -> 8570998
    [NEW] LOGICAL_JOIN: RelSets: [0, 1] RelBindings: [0:web_sales | 1:date_dim] NumRels: [0, 1] CtxInputCards: [0:7197566 | 1:1091] CtxParentSplit: [[0] | [1]] CtxEdgeSig: [jt=3,res=0,li=0:0,ri=1:0,fi=0] Filters: [(ws_sold_date_sk = d_date_sk)] CtxOcc: 1 -> 4319213
    [NEW] LOGICAL_JOIN: RelSets: [0, 2] RelBindings: [0:store_sales | 2:date_dim] NumRels: [0, 2] CtxInputCards: [0:28800991 | 2:1091] CtxParentSplit: [[0] | [2]] CtxEdgeSig: [jt=3,res=0,li=0:1,ri=2:0,fi=0] Filters: [(ss_sold_date_sk = d_date_sk)] CtxOcc: 1 -> 16497428
    [NEW] LOGICAL_JOIN: RelSets: [0, 2] RelBindings: [0:catalog_sales | 2:date_dim] NumRels: [0, 2] CtxInputCards: [0:14401261 | 2:1091] CtxParentSplit: [[0] | [2]] CtxEdgeSig: [jt=3,res=0,li=0:1,ri=2:0,fi=0] Filters: [(cs_sold_date_sk = d_date_sk)] CtxOcc: 1 -> 8570998
    [NEW] LOGICAL_JOIN: RelSets: [0, 2] RelBindings: [0:web_sales | 2:date_dim] NumRels: [0, 2] CtxInputCards: [0:7197566 | 2:1091] CtxParentSplit: [[0] | [2]] CtxEdgeSig: [jt=3,res=0,li=0:1,ri=2:0,fi=0] Filters: [(ws_sold_date_sk = d_date_sk)] CtxOcc: 1 -> 4319213
    [NEW] LOGICAL_JOIN: RelSets: [0, 1] RelBindings: [0:store_sales, item, date_dim, item, store_sales, item, date_dim, catalog_sales, item, date_dim, web_sales, item, date_dim | 1:store_sales, date_dim, catalog_sales, date_dim, web_sales, date_dim] NumRels: [0, 1] CtxInputCards: [0:86064 | 1:1] CtxParentSplit: [[0] | [1]] CtxEdgeSig: [jt=3,res=0,li=0:0,ri=1:0,fi=0] Filters: [(CAST(sum((CAST(ss_quantity AS DECIMAL(26,0)) * CAST(ss_list_price AS DECIMAL(26,2)))) AS DOUBLE) > SUBQUERY)] CtxOcc: 1 -> 11393
    [NEW] LOGICAL_JOIN: RelSets: [0, 2] RelBindings: [0:store_sales | 2:date_dim] NumRels: [0, 2] CtxInputCards: [0:28800991 | 2:28] CtxParentSplit: [[0] | [2]] CtxEdgeSig: [jt=3,res=0,li=0:1,ri=2:0,fi=1] Filters: [(ss_sold_date_sk = d_date_sk)] CtxOcc: 1 -> 877838
    [NEW] LOGICAL_JOIN: RelSets: [0, 1] RelBindings: [0:catalog_sales, item, date_dim, item, store_sales, item, date_dim, catalog_sales, item, date_dim, web_sales, item, date_dim | 1:store_sales, date_dim, catalog_sales, date_dim, web_sales, date_dim] NumRels: [0, 1] CtxInputCards: [0:42997 | 1:1] CtxParentSplit: [[0] | [1]] CtxEdgeSig: [jt=3,res=0,li=0:0,ri=1:0,fi=0] Filters: [(CAST(sum((CAST(cs_quantity AS DECIMAL(26,0)) * CAST(cs_list_price AS DECIMAL(26,2)))) AS DOUBLE) > SUBQUERY)] CtxOcc: 1 -> 11379
    [NEW] LOGICAL_JOIN: RelSets: [0, 2] RelBindings: [0:catalog_sales | 2:date_dim] NumRels: [0, 2] CtxInputCards: [0:14401261 | 2:28] CtxParentSplit: [[0] | [2]] CtxEdgeSig: [jt=3,res=0,li=0:1,ri=2:0,fi=1] Filters: [(cs_sold_date_sk = d_date_sk)] CtxOcc: 1 -> 464264
    [NEW] LOGICAL_JOIN: RelSets: [0, 1] RelBindings: [0:web_sales, item, date_dim, item, store_sales, item, date_dim, catalog_sales, item, date_dim, web_sales, item, date_dim | 1:store_sales, date_dim, catalog_sales, date_dim, web_sales, date_dim] NumRels: [0, 1] CtxInputCards: [0:21414 | 1:1] CtxParentSplit: [[0] | [1]] CtxEdgeSig: [jt=3,res=0,li=0:0,ri=1:0,fi=0] Filters: [(CAST(sum((CAST(ws_quantity AS DECIMAL(26,0)) * CAST(ws_list_price AS DECIMAL(26,2)))) AS DOUBLE) > SUBQUERY)] CtxOcc: 1 -> 10822
    [NEW] LOGICAL_JOIN: RelSets: [0, 2] RelBindings: [0:web_sales | 2:date_dim] NumRels: [0, 2] CtxInputCards: [0:7197566 | 2:28] CtxParentSplit: [[0] | [2]] CtxEdgeSig: [jt=3,res=0,li=0:1,ri=2:0,fi=1] Filters: [(ws_sold_date_sk = d_date_sk)] CtxOcc: 1 -> 230715

  --- Iteration 2 ---
  Found 24 join(s) in physical plan.
  Found 55 log entries in cardinality_log.txt.
  Matched 13 expression(s) to actual cardinalities.
  [MATCH WARN] Unresolved physical joins: 9
    [INFO-AMBIGUOUS-RESOLVED] stage0 unique key (candidates=3): LOGICAL_JOIN: RelSets: [0, 1] RelBindings: [0:store_sales | 1:date_dim] NumRels: [0, 1] CtxInputCards: [0:28800991 | 1:1091] CtxParentSplit: [[0] | [1]] CtxEdgeSig: [jt=3,res=0,li=0:0,ri=1:0,fi=0] Filters: [(ss_sold_date_sk = d_date_sk)] CtxOcc: 1
    [INFO-AMBIGUOUS-RESOLVED] stage0 unique key (candidates=3): LOGICAL_JOIN: RelSets: [0, 1] RelBindings: [0:catalog_sales | 1:date_dim] NumRels: [0, 1] CtxInputCards: [0:14401261 | 1:1091] CtxParentSplit: [[0] | [1]] CtxEdgeSig: [jt=3,res=0,li=0:0,ri=1:0,fi=0] Filters: [(cs_sold_date_sk = d_date_sk)] CtxOcc: 1
    [INFO-AMBIGUOUS-RESOLVED] stage0 unique key (candidates=3): LOGICAL_JOIN: RelSets: [0, 1] RelBindings: [0:web_sales | 1:date_dim] NumRels: [0, 1] CtxInputCards: [0:7197566 | 1:1091] CtxParentSplit: [[0] | [1]] CtxEdgeSig: [jt=3,res=0,li=0:0,ri=1:0,fi=0] Filters: [(ws_sold_date_sk = d_date_sk)] CtxOcc: 1
    [INFO-AMBIGUOUS-RESOLVED] stage0 unique key (candidates=2): LOGICAL_JOIN: RelSets: [0, 2] RelBindings: [0:store_sales | 2:date_dim] NumRels: [0, 2] CtxInputCards: [0:28800991 | 2:1091] CtxParentSplit: [[0] | [2]] CtxEdgeSig: [jt=3,res=0,li=0:1,ri=2:0,fi=0] Filters: [(ss_sold_date_sk = d_date_sk)] CtxOcc: 1
    [INFO-AMBIGUOUS-RESOLVED] stage0 unique key (candidates=2): LOGICAL_JOIN: RelSets: [0, 2] RelBindings: [0:catalog_sales | 2:date_dim] NumRels: [0, 2] CtxInputCards: [0:14401261 | 2:1091] CtxParentSplit: [[0] | [2]] CtxEdgeSig: [jt=3,res=0,li=0:1,ri=2:0,fi=0] Filters: [(cs_sold_date_sk = d_date_sk)] CtxOcc: 1
    [INFO-AMBIGUOUS-RESOLVED] stage0 unique key (candidates=2): LOGICAL_JOIN: RelSets: [0, 2] RelBindings: [0:web_sales | 2:date_dim] NumRels: [0, 2] CtxInputCards: [0:7197566 | 2:1091] CtxParentSplit: [[0] | [2]] CtxEdgeSig: [jt=3,res=0,li=0:1,ri=2:0,fi=0] Filters: [(ws_sold_date_sk = d_date_sk)] CtxOcc: 1
    [VERIFY] Running verification for iteration 2...
    [VERIFY] Check 1 PASSED: 13 injected log values match the pre-update JSON.
    [VERIFY] Check 2 PASSED: All 13 JSON keys found in the cardinality log.
    [VERIFY] Check 3 PASSED: All 13 previously-known joins (non-CTE) were INJECTED.
    [VERIFY] Check 4 PASSED: All injected cardinalities match actual plan cardinalities.
    [VERIFY] Check 5 PASSED: 13 mappings; all expression strings unique.
    [VERIFY] Check 6 INFO: matched 13/24 joins-with-conditions (unmatched=11).
    [VERIFY] Check 7 INFO: 6 ambiguous match(es); stage0=6, non_stage0=0.
    [VERIFY] Check 8 PASSED: all 13 JSON keys were INJECTED (13 applied).
    [VERIFY] Check 9 PASSED: all 13 pre-update keys preserved in post-update JSON.
  Verification passed.
  Plan CHANGED on iteration 2.
  No new cardinality entries. Expecting convergence next iteration.

  --- Iteration 3 ---
  Found 24 join(s) in physical plan.
  Found 55 log entries in cardinality_log.txt.
  Matched 13 expression(s) to actual cardinalities.
  [MATCH WARN] Unresolved physical joins: 9
    [INFO-AMBIGUOUS-RESOLVED] stage0 unique key (candidates=3): LOGICAL_JOIN: RelSets: [0, 1] RelBindings: [0:store_sales | 1:date_dim] NumRels: [0, 1] CtxInputCards: [0:28800991 | 1:1091] CtxParentSplit: [[0] | [1]] CtxEdgeSig: [jt=3,res=0,li=0:0,ri=1:0,fi=0] Filters: [(ss_sold_date_sk = d_date_sk)] CtxOcc: 1
    [INFO-AMBIGUOUS-RESOLVED] stage0 unique key (candidates=3): LOGICAL_JOIN: RelSets: [0, 1] RelBindings: [0:catalog_sales | 1:date_dim] NumRels: [0, 1] CtxInputCards: [0:14401261 | 1:1091] CtxParentSplit: [[0] | [1]] CtxEdgeSig: [jt=3,res=0,li=0:0,ri=1:0,fi=0] Filters: [(cs_sold_date_sk = d_date_sk)] CtxOcc: 1
    [INFO-AMBIGUOUS-RESOLVED] stage0 unique key (candidates=3): LOGICAL_JOIN: RelSets: [0, 1] RelBindings: [0:web_sales | 1:date_dim] NumRels: [0, 1] CtxInputCards: [0:7197566 | 1:1091] CtxParentSplit: [[0] | [1]] CtxEdgeSig: [jt=3,res=0,li=0:0,ri=1:0,fi=0] Filters: [(ws_sold_date_sk = d_date_sk)] CtxOcc: 1
    [INFO-AMBIGUOUS-RESOLVED] stage0 unique key (candidates=2): LOGICAL_JOIN: RelSets: [0, 2] RelBindings: [0:store_sales | 2:date_dim] NumRels: [0, 2] CtxInputCards: [0:28800991 | 2:1091] CtxParentSplit: [[0] | [2]] CtxEdgeSig: [jt=3,res=0,li=0:1,ri=2:0,fi=0] Filters: [(ss_sold_date_sk = d_date_sk)] CtxOcc: 1
    [INFO-AMBIGUOUS-RESOLVED] stage0 unique key (candidates=2): LOGICAL_JOIN: RelSets: [0, 2] RelBindings: [0:catalog_sales | 2:date_dim] NumRels: [0, 2] CtxInputCards: [0:14401261 | 2:1091] CtxParentSplit: [[0] | [2]] CtxEdgeSig: [jt=3,res=0,li=0:1,ri=2:0,fi=0] Filters: [(cs_sold_date_sk = d_date_sk)] CtxOcc: 1
    [INFO-AMBIGUOUS-RESOLVED] stage0 unique key (candidates=2): LOGICAL_JOIN: RelSets: [0, 2] RelBindings: [0:web_sales | 2:date_dim] NumRels: [0, 2] CtxInputCards: [0:7197566 | 2:1091] CtxParentSplit: [[0] | [2]] CtxEdgeSig: [jt=3,res=0,li=0:1,ri=2:0,fi=0] Filters: [(ws_sold_date_sk = d_date_sk)] CtxOcc: 1
    [VERIFY] Running verification for iteration 3...
    [VERIFY] Check 1 PASSED: 13 injected log values match the pre-update JSON.
    [VERIFY] Check 2 PASSED: All 13 JSON keys found in the cardinality log.
    [VERIFY] Check 3 PASSED: All 13 previously-known joins (non-CTE) were INJECTED.
    [VERIFY] Check 4 PASSED: All injected cardinalities match actual plan cardinalities.
    [VERIFY] Check 5 PASSED: 13 mappings; all expression strings unique.
    [VERIFY] Check 6 INFO: matched 13/24 joins-with-conditions (unmatched=11).
    [VERIFY] Check 7 INFO: 6 ambiguous match(es); stage0=6, non_stage0=0.
    [VERIFY] Check 8 PASSED: all 13 JSON keys were INJECTED (13 applied).
    [VERIFY] Check 9 PASSED: all 13 pre-update keys preserved in post-update JSON.
  Verification passed.
  Plan CONVERGED after 3 iterations.

  [TIMING] Comparing vanilla vs feedback plan for Q14 (5 runs each)...
    Vanilla:  min=0.586s  mean=0.606s  runs=[0.6016731250019802, 0.6486831250003888, 0.5976406669979042, 0.5982103750029637, 0.5857839999989665]
    Feedback: min=0.580s  mean=0.584s  runs=[0.5922483750000538, 0.5821311670006253, 0.583176291998825, 0.5822712910012342, 0.5802800000019488]
    Speedup (min): 1.01x (FASTER)

============================================================
  Query 15
============================================================

  --- Iteration 1 ---
  Found 3 join(s) in physical plan.
  Found 10 log entries in cardinality_log.txt.
  Matched 2 expression(s) to actual cardinalities.
  [MATCH WARN] Unresolved physical joins: 1
    [NEW] LOGICAL_JOIN: RelSets: [1, 2] RelBindings: [1:customer | 2:customer_address] NumRels: [1, 2] CtxInputCards: [1:500000 | 2:250000] CtxParentSplit: [[1] | [2]] CtxEdgeSig: [jt=3,res=0,li=1:1,ri=2:0,fi=1] Filters: [(c_current_addr_sk = ca_address_sk)] CtxOcc: 1 -> 499984
    [NEW] LOGICAL_JOIN: RelSets: [0, 3] RelBindings: [0:catalog_sales | 3:date_dim] NumRels: [0, 3] CtxInputCards: [0:14401261 | 3:91] CtxParentSplit: [[0] | [3]] CtxEdgeSig: [jt=3,res=0,li=0:2,ri=3:0,fi=0] Filters: [(cs_sold_date_sk = d_date_sk)] CtxOcc: 1 -> 412665

  --- Iteration 2 ---
  Found 3 join(s) in physical plan.
  Found 10 log entries in cardinality_log.txt.
  Matched 2 expression(s) to actual cardinalities.
  [MATCH WARN] Unresolved physical joins: 1
    [INFO] Cardinality update (plan changed vs last iteration; overwriting JSON):
      Expression: LOGICAL_JOIN: RelSets: [1, 2] RelBindings: [1:customer | 2:customer_address] NumRels: [1, 2] CtxInputCards: [1:500000 | 2:250000] CtxParentSplit: [[1] | [2]] CtxEdgeSig: [jt=3,res=0,li=1:1,ri=2:0,fi=1] Filters: [(c_current_addr_sk = ca_address_sk)] CtxOcc: 1
      Existing: 499984, New: 44155
    [VERIFY] Running verification for iteration 2...
    [VERIFY] Check 1 PASSED: 2 injected log values match the pre-update JSON.
    [VERIFY] Check 2 PASSED: All 2 JSON keys found in the cardinality log.
    [VERIFY] Check 3 PASSED: All 2 previously-known joins (non-CTE) were INJECTED.
    [VERIFY] Check 4 INFO: 1 injected != actual (plan may have changed):
      LOGICAL_JOIN: RelSets: [1, 2] RelBindings: [1:customer | 2:customer_address] NumRels: [1, 2] CtxInputCards: [1:500000 | 2:250000] CtxParentSplit: [[1] | [2]] CtxEdgeSig: [jt=3,res=0,li=1:1,ri=2:0,fi=1] Filters: [(c_current_addr_sk = ca_address_sk)] CtxOcc: 1
        Injected: 499984, Actual: 44155
    [VERIFY] Check 5 PASSED: 2 mappings; all expression strings unique.
    [VERIFY] Check 6 INFO: matched 2/3 joins-with-conditions (unmatched=1).
    [VERIFY] Check 7 PASSED: no ambiguous match candidates.
    [VERIFY] Check 8 PASSED: all 2 JSON keys were INJECTED (2 applied).
    [VERIFY] Check 9 PASSED: all 2 pre-update keys preserved in post-update JSON.
  Verification passed.
  Plan CHANGED on iteration 2.

  --- Iteration 3 ---
  Found 3 join(s) in physical plan.
  Found 10 log entries in cardinality_log.txt.
  Matched 2 expression(s) to actual cardinalities.
  [MATCH WARN] Unresolved physical joins: 1
    [INFO] Cardinality update (plan changed vs last iteration; overwriting JSON):
      Expression: LOGICAL_JOIN: RelSets: [0, 3] RelBindings: [0:catalog_sales | 3:date_dim] NumRels: [0, 3] CtxInputCards: [0:14401261 | 3:91] CtxParentSplit: [[0] | [3]] CtxEdgeSig: [jt=3,res=0,li=0:2,ri=3:0,fi=0] Filters: [(cs_sold_date_sk = d_date_sk)] CtxOcc: 1
      Existing: 412665, New: 412141
    [INFO] Cardinality update (plan changed vs last iteration; overwriting JSON):
      Expression: LOGICAL_JOIN: RelSets: [1, 2] RelBindings: [1:customer | 2:customer_address] NumRels: [1, 2] CtxInputCards: [1:500000 | 2:250000] CtxParentSplit: [[1] | [2]] CtxEdgeSig: [jt=3,res=0,li=1:1,ri=2:0,fi=1] Filters: [(c_current_addr_sk = ca_address_sk)] CtxOcc: 1
      Existing: 44155, New: 500000
    [VERIFY] Running verification for iteration 3...
    [VERIFY] Check 1 PASSED: 2 injected log values match the pre-update JSON.
    [VERIFY] Check 2 PASSED: All 2 JSON keys found in the cardinality log.
    [VERIFY] Check 3 PASSED: All 2 previously-known joins (non-CTE) were INJECTED.
    [VERIFY] Check 4 INFO: 2 injected != actual (plan may have changed):
      LOGICAL_JOIN: RelSets: [1, 2] RelBindings: [1:customer | 2:customer_address] NumRels: [1, 2] CtxInputCards: [1:500000 | 2:250000] CtxParentSplit: [[1] | [2]] CtxEdgeSig: [jt=3,res=0,li=1:1,ri=2:0,fi=1] Filters: [(c_current_addr_sk = ca_address_sk)] CtxOcc: 1
        Injected: 44155, Actual: 500000
      LOGICAL_JOIN: RelSets: [0, 3] RelBindings: [0:catalog_sales | 3:date_dim] NumRels: [0, 3] CtxInputCards: [0:14401261 | 3:91] CtxParentSplit: [[0] | [3]] CtxEdgeSig: [jt=3,res=0,li=0:2,ri=3:0,fi=0] Filters: [(cs_sold_date_sk = d_date_sk)] CtxOcc: 1
        Injected: 412665, Actual: 412141
    [VERIFY] Check 5 PASSED: 2 mappings; all expression strings unique.
    [VERIFY] Check 6 INFO: matched 2/3 joins-with-conditions (unmatched=1).
    [VERIFY] Check 7 PASSED: no ambiguous match candidates.
    [VERIFY] Check 8 PASSED: all 2 JSON keys were INJECTED (2 applied).
    [VERIFY] Check 9 PASSED: all 2 pre-update keys preserved in post-update JSON.
  Verification passed.
  Plan CHANGED on iteration 3.

  --- Iteration 4 ---
  Found 3 join(s) in physical plan.
  Found 10 log entries in cardinality_log.txt.
  Matched 2 expression(s) to actual cardinalities.
  [MATCH WARN] Unresolved physical joins: 1
    [INFO] Cardinality update (plan changed vs last iteration; overwriting JSON):
      Expression: LOGICAL_JOIN: RelSets: [1, 2] RelBindings: [1:customer | 2:customer_address] NumRels: [1, 2] CtxInputCards: [1:500000 | 2:250000] CtxParentSplit: [[1] | [2]] CtxEdgeSig: [jt=3,res=0,li=1:1,ri=2:0,fi=1] Filters: [(c_current_addr_sk = ca_address_sk)] CtxOcc: 1
      Existing: 500000, New: 44155
    [INFO] Cardinality update (plan changed vs last iteration; overwriting JSON):
      Expression: LOGICAL_JOIN: RelSets: [0, 3] RelBindings: [0:catalog_sales | 3:date_dim] NumRels: [0, 3] CtxInputCards: [0:14401261 | 3:91] CtxParentSplit: [[0] | [3]] CtxEdgeSig: [jt=3,res=0,li=0:2,ri=3:0,fi=0] Filters: [(cs_sold_date_sk = d_date_sk)] CtxOcc: 1
      Existing: 412141, New: 412665
    [VERIFY] Running verification for iteration 4...
    [VERIFY] Check 1 PASSED: 2 injected log values match the pre-update JSON.
    [VERIFY] Check 2 PASSED: All 2 JSON keys found in the cardinality log.
    [VERIFY] Check 3 PASSED: All 2 previously-known joins (non-CTE) were INJECTED.
    [VERIFY] Check 4 INFO: 2 injected != actual (plan may have changed):
      LOGICAL_JOIN: RelSets: [1, 2] RelBindings: [1:customer | 2:customer_address] NumRels: [1, 2] CtxInputCards: [1:500000 | 2:250000] CtxParentSplit: [[1] | [2]] CtxEdgeSig: [jt=3,res=0,li=1:1,ri=2:0,fi=1] Filters: [(c_current_addr_sk = ca_address_sk)] CtxOcc: 1
        Injected: 500000, Actual: 44155
      LOGICAL_JOIN: RelSets: [0, 3] RelBindings: [0:catalog_sales | 3:date_dim] NumRels: [0, 3] CtxInputCards: [0:14401261 | 3:91] CtxParentSplit: [[0] | [3]] CtxEdgeSig: [jt=3,res=0,li=0:2,ri=3:0,fi=0] Filters: [(cs_sold_date_sk = d_date_sk)] CtxOcc: 1
        Injected: 412141, Actual: 412665
    [VERIFY] Check 5 PASSED: 2 mappings; all expression strings unique.
    [VERIFY] Check 6 INFO: matched 2/3 joins-with-conditions (unmatched=1).
    [VERIFY] Check 7 PASSED: no ambiguous match candidates.
    [VERIFY] Check 8 PASSED: all 2 JSON keys were INJECTED (2 applied).
    [VERIFY] Check 9 PASSED: all 2 pre-update keys preserved in post-update JSON.
  Verification passed.
  Plan CHANGED on iteration 4.
  Plan OSCILLATION detected: cycle of length 2 (iteration 2 == iteration 4).
  [OSCILLATION-CLEANUP] Removed 2 oscillating key(s) from JSON.
    LOGICAL_JOIN: RelSets: [0, 3] RelBindings: [0:catalog_sales | 3:date_dim] NumRels: [0, 3] CtxInputCards: [0:14401261 | 3:91] CtxParentSplit:... cards=[412665, 412665, 412141, 412665]
    LOGICAL_JOIN: RelSets: [1, 2] RelBindings: [1:customer | 2:customer_address] NumRels: [1, 2] CtxInputCards: [1:500000 | 2:250000] CtxParentS... cards=[499984, 44155, 500000, 44155]

============================================================
  Query 16
============================================================

  --- Iteration 1 ---
  Found 9 join(s) in physical plan.
  Found 14 log entries in cardinality_log.txt.
  Matched 1 expression(s) to actual cardinalities.
  [MATCH WARN] Unresolved physical joins: 4
    [NEW] LOGICAL_JOIN: RelSets: [0, 2] RelBindings: [0:catalog_sales | 2:customer_address] NumRels: [0, 2] CtxInputCards: [0:14401261 | 2:4546] CtxParentSplit: [[0] | [2]] CtxEdgeSig: [jt=3,res=0,li=0:1,ri=2:0,fi=1] Filters: [(cs_ship_addr_sk = ca_address_sk)] CtxOcc: 1 -> 35032

  --- Iteration 2 ---
  Found 9 join(s) in physical plan.
  Found 14 log entries in cardinality_log.txt.
  Matched 1 expression(s) to actual cardinalities.
  [MATCH WARN] Unresolved physical joins: 4
    [VERIFY] Running verification for iteration 2...
    [VERIFY] Check 1 PASSED: 1 injected log values match the pre-update JSON.
    [VERIFY] Check 2 PASSED: All 1 JSON keys found in the cardinality log.
    [VERIFY] Check 3 PASSED: All 1 previously-known joins (non-CTE) were INJECTED.
    [VERIFY] Check 4 PASSED: All injected cardinalities match actual plan cardinalities.
    [VERIFY] Check 5 PASSED: 1 mappings; all expression strings unique.
    [VERIFY] Check 6 INFO: matched 1/9 joins-with-conditions (unmatched=8).
    [VERIFY] Check 7 PASSED: no ambiguous match candidates.
    [VERIFY] Check 8 PASSED: all 1 JSON keys were INJECTED (1 applied).
    [VERIFY] Check 9 PASSED: all 1 pre-update keys preserved in post-update JSON.
  Verification passed.
  Plan CONVERGED after 2 iterations.

============================================================
  Query 17
============================================================

  --- Iteration 1 ---
  Found 7 join(s) in physical plan.
  Found 380 log entries in cardinality_log.txt.
  Matched 3 expression(s) to actual cardinalities.
  [MATCH WARN] Unresolved physical joins: 4
    [NEW] LOGICAL_JOIN: RelSets: [0, 3] RelBindings: [0:store_sales | 3:date_dim] NumRels: [0, 3] CtxInputCards: [0:28800991 | 3:703] CtxParentSplit: [[0] | [3]] CtxEdgeSig: [jt=3,res=0,li=0:0,ri=3:1,fi=6] Filters: [(ss_sold_date_sk = d_date_sk)] CtxOcc: 1 -> 803302
    [NEW] LOGICAL_JOIN: RelSets: [1, 4] RelBindings: [1:store_returns | 4:date_dim] NumRels: [1, 4] CtxInputCards: [1:2877532 | 4:14609] CtxParentSplit: [[1] | [4]] CtxEdgeSig: [jt=3,res=0,li=1:3,ri=4:0,fi=5] Filters: [(sr_returned_date_sk = d_date_sk)] CtxOcc: 1 -> 404731
    [NEW] LOGICAL_JOIN: RelSets: [2, 5] RelBindings: [2:catalog_sales | 5:date_dim] NumRels: [2, 5] CtxInputCards: [2:14401261 | 5:14609] CtxParentSplit: [[2] | [5]] CtxEdgeSig: [jt=3,res=0,li=2:2,ri=5:0,fi=4] Filters: [(cs_sold_date_sk = d_date_sk)] CtxOcc: 1 -> 1594345

  --- Iteration 2 ---
  Found 7 join(s) in physical plan.
  Found 380 log entries in cardinality_log.txt.
  Matched 3 expression(s) to actual cardinalities.
  [MATCH WARN] Unresolved physical joins: 4
    [INFO] Cardinality update (plan changed vs last iteration; overwriting JSON):
      Expression: LOGICAL_JOIN: RelSets: [1, 4] RelBindings: [1:store_returns | 4:date_dim] NumRels: [1, 4] CtxInputCards: [1:2877532 | 4:14609] CtxParentSplit: [[1] | [4]] CtxEdgeSig: [jt=3,res=0,li=1:3,ri=4:0,fi=5] Filters: [(sr_returned_date_sk = d_date_sk)] CtxOcc: 1
      Existing: 404731, New: 403450
    [INFO] Cardinality update (plan changed vs last iteration; overwriting JSON):
      Expression: LOGICAL_JOIN: RelSets: [0, 3] RelBindings: [0:store_sales | 3:date_dim] NumRels: [0, 3] CtxInputCards: [0:28800991 | 3:703] CtxParentSplit: [[0] | [3]] CtxEdgeSig: [jt=3,res=0,li=0:0,ri=3:1,fi=6] Filters: [(ss_sold_date_sk = d_date_sk)] CtxOcc: 1
      Existing: 803302, New: 803793
    [VERIFY] Running verification for iteration 2...
    [VERIFY] Check 1 PASSED: 3 injected log values match the pre-update JSON.
    [VERIFY] Check 2 PASSED: All 3 JSON keys found in the cardinality log.
    [VERIFY] Check 3 PASSED: All 3 previously-known joins (non-CTE) were INJECTED.
    [VERIFY] Check 4 INFO: 2 injected != actual (plan may have changed):
      LOGICAL_JOIN: RelSets: [1, 4] RelBindings: [1:store_returns | 4:date_dim] NumRels: [1, 4] CtxInputCards: [1:2877532 | 4:14609] CtxParentSplit: [[1] | [4]] CtxEdgeSig: [jt=3,res=0,li=1:3,ri=4:0,fi=5] Filters: [(sr_returned_date_sk = d_date_sk)] CtxOcc: 1
        Injected: 404731, Actual: 403450
      LOGICAL_JOIN: RelSets: [0, 3] RelBindings: [0:store_sales | 3:date_dim] NumRels: [0, 3] CtxInputCards: [0:28800991 | 3:703] CtxParentSplit: [[0] | [3]] CtxEdgeSig: [jt=3,res=0,li=0:0,ri=3:1,fi=6] Filters: [(ss_sold_date_sk = d_date_sk)] CtxOcc: 1
        Injected: 803302, Actual: 803793
    [VERIFY] Check 5 PASSED: 3 mappings; all expression strings unique.
    [VERIFY] Check 6 INFO: matched 3/7 joins-with-conditions (unmatched=4).
    [VERIFY] Check 7 PASSED: no ambiguous match candidates.
    [VERIFY] Check 8 PASSED: all 3 JSON keys were INJECTED (3 applied).
    [VERIFY] Check 9 PASSED: all 3 pre-update keys preserved in post-update JSON.
  Verification passed.
  Plan CHANGED on iteration 2.

  --- Iteration 3 ---
  Found 7 join(s) in physical plan.
  Found 380 log entries in cardinality_log.txt.
  Matched 3 expression(s) to actual cardinalities.
  [MATCH WARN] Unresolved physical joins: 4
    [VERIFY] Running verification for iteration 3...
    [VERIFY] Check 1 PASSED: 3 injected log values match the pre-update JSON.
    [VERIFY] Check 2 PASSED: All 3 JSON keys found in the cardinality log.
    [VERIFY] Check 3 PASSED: All 3 previously-known joins (non-CTE) were INJECTED.
    [VERIFY] Check 4 PASSED: All injected cardinalities match actual plan cardinalities.
    [VERIFY] Check 5 PASSED: 3 mappings; all expression strings unique.
    [VERIFY] Check 6 INFO: matched 3/7 joins-with-conditions (unmatched=4).
    [VERIFY] Check 7 PASSED: no ambiguous match candidates.
    [VERIFY] Check 8 PASSED: all 3 JSON keys were INJECTED (3 applied).
    [VERIFY] Check 9 PASSED: all 3 pre-update keys preserved in post-update JSON.
  Verification passed.
  Plan CONVERGED after 3 iterations.

  [TIMING] Comparing vanilla vs feedback plan for Q17 (5 runs each)...
    Vanilla:  min=0.156s  mean=0.158s  runs=[0.15832275000138907, 0.15902516600181116, 0.1591809590026969, 0.1577509579983598, 0.15629612500197254]
    Feedback: min=0.155s  mean=0.156s  runs=[0.1564644589998352, 0.1577999999972235, 0.15733066699976916, 0.15473829099937575, 0.15576625000176136]
    Speedup (min): 1.01x (FASTER)

============================================================
  Query 18
============================================================

  --- Iteration 1 ---
  Found 8 join(s) in physical plan.
  Found 128 log entries in cardinality_log.txt.
  Matched 1 expression(s) to actual cardinalities.
  [MATCH WARN] Unresolved physical joins: 7
    [NEW] LOGICAL_JOIN: RelSets: [3, 4] RelBindings: [3:customer | 4:customer_address] NumRels: [3, 4] CtxInputCards: [3:100000 | 4:50000] CtxParentSplit: [[3] | [4]] CtxEdgeSig: [jt=3,res=0,li=3:2,ri=4:0,fi=2] Filters: [(c_current_addr_sk = ca_address_sk)] CtxOcc: 1 -> 35333

  --- Iteration 2 ---
  Found 8 join(s) in physical plan.
  Found 128 log entries in cardinality_log.txt.
  Matched 1 expression(s) to actual cardinalities.
  [MATCH WARN] Unresolved physical joins: 7
    [VERIFY] Running verification for iteration 2...
    [VERIFY] Check 1 PASSED: 1 injected log values match the pre-update JSON.
    [VERIFY] Check 2 PASSED: All 1 JSON keys found in the cardinality log.
    [VERIFY] Check 3 PASSED: All 1 previously-known joins (non-CTE) were INJECTED.
    [VERIFY] Check 4 PASSED: All injected cardinalities match actual plan cardinalities.
    [VERIFY] Check 5 PASSED: 1 mappings; all expression strings unique.
    [VERIFY] Check 6 INFO: matched 1/8 joins-with-conditions (unmatched=7).
    [VERIFY] Check 7 PASSED: no ambiguous match candidates.
    [VERIFY] Check 8 PASSED: all 1 JSON keys were INJECTED (1 applied).
    [VERIFY] Check 9 PASSED: all 1 pre-update keys preserved in post-update JSON.
  Verification passed.
  Plan CONVERGED after 2 iterations.

============================================================
  Query 19
============================================================

  --- Iteration 1 ---
  Found 5 join(s) in physical plan.
  Found 88 log entries in cardinality_log.txt.
  Matched 1 expression(s) to actual cardinalities.
  [MATCH WARN] Unresolved physical joins: 4
    [NEW] LOGICAL_JOIN: RelSets: [1, 2] RelBindings: [1:store_sales | 2:item] NumRels: [1, 2] CtxInputCards: [1:28800991 | 2:1020] CtxParentSplit: [[1] | [2]] CtxEdgeSig: [jt=3,res=0,li=1:1,ri=2:0,fi=4] Filters: [(ss_item_sk = i_item_sk)] CtxOcc: 1 -> 82003

  --- Iteration 2 ---
  Found 5 join(s) in physical plan.
  Found 88 log entries in cardinality_log.txt.
  Matched 1 expression(s) to actual cardinalities.
  [MATCH WARN] Unresolved physical joins: 4
    [VERIFY] Running verification for iteration 2...
    [VERIFY] Check 1 PASSED: 1 injected log values match the pre-update JSON.
    [VERIFY] Check 2 PASSED: All 1 JSON keys found in the cardinality log.
    [VERIFY] Check 3 PASSED: All 1 previously-known joins (non-CTE) were INJECTED.
    [VERIFY] Check 4 PASSED: All injected cardinalities match actual plan cardinalities.
    [VERIFY] Check 5 PASSED: 1 mappings; all expression strings unique.
    [VERIFY] Check 6 INFO: matched 1/5 joins-with-conditions (unmatched=4).
    [VERIFY] Check 7 PASSED: no ambiguous match candidates.
    [VERIFY] Check 8 PASSED: all 1 JSON keys were INJECTED (1 applied).
    [VERIFY] Check 9 PASSED: all 1 pre-update keys preserved in post-update JSON.
  Verification passed.
  Plan CONVERGED after 2 iterations.

============================================================
  Query 20
============================================================

  --- Iteration 1 ---
  Found 2 join(s) in physical plan.
  Found 4 log entries in cardinality_log.txt.
  Matched 1 expression(s) to actual cardinalities.
  [MATCH WARN] Unresolved physical joins: 1
    [NEW] LOGICAL_JOIN: RelSets: [0, 2] RelBindings: [0:catalog_sales | 2:date_dim] NumRels: [0, 2] CtxInputCards: [0:14401261 | 2:31] CtxParentSplit: [[0] | [2]] CtxEdgeSig: [jt=3,res=0,li=0:1,ri=2:0,fi=0] Filters: [(cs_sold_date_sk = d_date_sk)] CtxOcc: 1 -> 136156

  --- Iteration 2 ---
  Found 2 join(s) in physical plan.
  Found 4 log entries in cardinality_log.txt.
  Matched 1 expression(s) to actual cardinalities.
  [MATCH WARN] Unresolved physical joins: 1
    [VERIFY] Running verification for iteration 2...
    [VERIFY] Check 1 PASSED: 1 injected log values match the pre-update JSON.
    [VERIFY] Check 2 PASSED: All 1 JSON keys found in the cardinality log.
    [VERIFY] Check 3 PASSED: All 1 previously-known joins (non-CTE) were INJECTED.
    [VERIFY] Check 4 PASSED: All injected cardinalities match actual plan cardinalities.
    [VERIFY] Check 5 PASSED: 1 mappings; all expression strings unique.
    [VERIFY] Check 6 INFO: matched 1/2 joins-with-conditions (unmatched=1).
    [VERIFY] Check 7 PASSED: no ambiguous match candidates.
    [VERIFY] Check 8 PASSED: all 1 JSON keys were INJECTED (1 applied).
    [VERIFY] Check 9 PASSED: all 1 pre-update keys preserved in post-update JSON.
  Verification passed.
  Plan CONVERGED after 2 iterations.

============================================================
  Query 21
============================================================

  --- Iteration 1 ---
  Found 3 join(s) in physical plan.
  Found 12 log entries in cardinality_log.txt.
  Matched 1 expression(s) to actual cardinalities.
  [MATCH WARN] Unresolved physical joins: 2
    [NEW] LOGICAL_JOIN: RelSets: [0, 2] RelBindings: [0:inventory | 2:item] NumRels: [0, 2] CtxInputCards: [0:133110000 | 2:20400] CtxParentSplit: [[0] | [2]] CtxEdgeSig: [jt=3,res=0,li=0:0,ri=2:1,fi=1] Filters: [(inv_item_sk = i_item_sk)] CtxOcc: 1 -> 290340

  --- Iteration 2 ---
  Found 3 join(s) in physical plan.
  Found 12 log entries in cardinality_log.txt.
  Matched 1 expression(s) to actual cardinalities.
  [MATCH WARN] Unresolved physical joins: 2
    [VERIFY] Running verification for iteration 2...
    [VERIFY] Check 1 PASSED: 1 injected log values match the pre-update JSON.
    [VERIFY] Check 2 PASSED: All 1 JSON keys found in the cardinality log.
    [VERIFY] Check 3 PASSED: All 1 previously-known joins (non-CTE) were INJECTED.
    [VERIFY] Check 4 PASSED: All injected cardinalities match actual plan cardinalities.
    [VERIFY] Check 5 PASSED: 1 mappings; all expression strings unique.
    [VERIFY] Check 6 INFO: matched 1/3 joins-with-conditions (unmatched=2).
    [VERIFY] Check 7 PASSED: no ambiguous match candidates.
    [VERIFY] Check 8 PASSED: all 1 JSON keys were INJECTED (1 applied).
    [VERIFY] Check 9 PASSED: all 1 pre-update keys preserved in post-update JSON.
  Verification passed.
  Plan CONVERGED after 2 iterations.

============================================================
  Query 22
============================================================

  --- Iteration 1 ---
  Found 2 join(s) in physical plan.
  Found 4 log entries in cardinality_log.txt.
  Matched 1 expression(s) to actual cardinalities.
  [MATCH WARN] Unresolved physical joins: 1
    [NEW] LOGICAL_JOIN: RelSets: [0, 1] RelBindings: [0:inventory | 1:date_dim] NumRels: [0, 1] CtxInputCards: [0:133110000 | 1:366] CtxParentSplit: [[0] | [1]] CtxEdgeSig: [jt=3,res=0,li=0:0,ri=1:0,fi=1] Filters: [(inv_date_sk = d_date_sk)] CtxOcc: 1 -> 26520000

  --- Iteration 2 ---
  Found 2 join(s) in physical plan.
  Found 4 log entries in cardinality_log.txt.
  Matched 1 expression(s) to actual cardinalities.
  [MATCH WARN] Unresolved physical joins: 1
    [VERIFY] Running verification for iteration 2...
    [VERIFY] Check 1 PASSED: 1 injected log values match the pre-update JSON.
    [VERIFY] Check 2 PASSED: All 1 JSON keys found in the cardinality log.
    [VERIFY] Check 3 PASSED: All 1 previously-known joins (non-CTE) were INJECTED.
    [VERIFY] Check 4 PASSED: All injected cardinalities match actual plan cardinalities.
    [VERIFY] Check 5 PASSED: 1 mappings; all expression strings unique.
    [VERIFY] Check 6 INFO: matched 1/2 joins-with-conditions (unmatched=1).
    [VERIFY] Check 7 PASSED: no ambiguous match candidates.
    [VERIFY] Check 8 PASSED: all 1 JSON keys were INJECTED (1 applied).
    [VERIFY] Check 9 PASSED: all 1 pre-update keys preserved in post-update JSON.
  Verification passed.
  Plan CONVERGED after 2 iterations.

============================================================
  Query 23
============================================================

  --- Iteration 1 ---
  Found 14 join(s) in physical plan.
  Found 88 log entries in cardinality_log.txt.
  Matched 10 expression(s) to actual cardinalities.
  [MATCH WARN] Unresolved physical joins: 3
    [INFO-AMBIGUOUS-RESOLVED] stage0 unique key (candidates=2): LOGICAL_JOIN: RelSets: [0, 1] RelBindings: [0:store_sales | 1:date_dim] NumRels: [0, 1] CtxInputCards: [0:28800991 | 1:1454] CtxParentSplit: [[0] | [1]] CtxEdgeSig: [jt=3,res=0,li=0:0,ri=1:0,fi=1] Filters: [(ss_sold_date_sk = d_date_sk)] CtxOcc: 1
    [INFO-AMBIGUOUS-RESOLVED] stage0 unique key (candidates=3): LOGICAL_JOIN: RelSets: [0, 1, 2] RelBindings: [0:store_sales | 1:customer | 2:store_sales, customer, date_dim] NumRels: [0, 1, 2] CtxInputCards: [0:28800991 | 1:500000 | 2:1] CtxParentSplit: [[0, 1] | [2]] CtxEdgeSig: [jt=3,res=0,li=0:0,ri=1:0,fi=0] Filters: [(ss_customer_sk = c_customer_sk)] CtxOcc: 1
    [INFO-AMBIGUOUS-RESOLVED] stage0 unique key (candidates=2): LOGICAL_JOIN: RelSets: [0, 1, 2] RelBindings: [0:store_sales | 1:customer | 2:store_sales, customer, date_dim] NumRels: [0, 1, 2] CtxInputCards: [0:28800991 | 1:500000 | 2:1] CtxParentSplit: [[0, 2] | [1]] CtxEdgeSig: [jt=3,res=0,li=0:0,ri=1:0,fi=0] Filters: [(ss_customer_sk = c_customer_sk)] CtxOcc: 1
    [INFO-AMBIGUOUS-RESOLVED] stage0 unique key (candidates=4): LOGICAL_JOIN: RelSets: [0, 1, 4] RelBindings: [0:catalog_sales | 1:customer | 4:store_sales, customer, store_sales, customer, date_dim] NumRels: [0, 1, 4] CtxInputCards: [0:14401261 | 1:500000 | 4:77030] CtxParentSplit: [[0, 1] | [4]] CtxEdgeSig: [jt=3,res=0,li=0:2,ri=1:0,fi=4 | jt=3,res=0,li=0:2,ri=4:0,fi=0 | jt=3,res=0,li=1:0,ri=4:0,fi=1] Filters: [(c_customer_sk = c_customer_sk) AND (cs_bill_customer_sk = c_customer_sk) AND (cs_bill_customer_sk = c_customer_sk)] CtxOcc: 1
    [INFO-AMBIGUOUS-RESOLVED] stage0 unique key (candidates=3): LOGICAL_JOIN: RelSets: [0, 1, 4] RelBindings: [0:catalog_sales | 1:customer | 4:store_sales, customer, store_sales, customer, date_dim] NumRels: [0, 1, 4] CtxInputCards: [0:14401261 | 1:500000 | 4:77030] CtxParentSplit: [[0, 4] | [1]] CtxEdgeSig: [jt=3,res=0,li=0:2,ri=1:0,fi=4 | jt=3,res=0,li=0:2,ri=4:0,fi=0 | jt=3,res=0,li=1:0,ri=4:0,fi=1] Filters: [(c_customer_sk = c_customer_sk) AND (cs_bill_customer_sk = c_customer_sk) AND (cs_bill_customer_sk = c_customer_sk)] CtxOcc: 1
    [INFO-AMBIGUOUS-RESOLVED] stage0 unique key (candidates=4): LOGICAL_JOIN: RelSets: [0, 1, 4] RelBindings: [0:web_sales | 1:customer | 4:store_sales, customer, store_sales, customer, date_dim] NumRels: [0, 1, 4] CtxInputCards: [0:7197566 | 1:500000 | 4:77030] CtxParentSplit: [[0, 1] | [4]] CtxEdgeSig: [jt=3,res=0,li=0:2,ri=1:0,fi=4 | jt=3,res=0,li=0:2,ri=4:0,fi=0 | jt=3,res=0,li=1:0,ri=4:0,fi=1] Filters: [(c_customer_sk = c_customer_sk) AND (ws_bill_customer_sk = c_customer_sk) AND (ws_bill_customer_sk = c_customer_sk)] CtxOcc: 1
    [INFO-AMBIGUOUS-RESOLVED] stage0 unique key (candidates=3): LOGICAL_JOIN: RelSets: [0, 1, 4] RelBindings: [0:web_sales | 1:customer | 4:store_sales, customer, store_sales, customer, date_dim] NumRels: [0, 1, 4] CtxInputCards: [0:7197566 | 1:500000 | 4:77030] CtxParentSplit: [[0, 4] | [1]] CtxEdgeSig: [jt=3,res=0,li=0:2,ri=1:0,fi=4 | jt=3,res=0,li=0:2,ri=4:0,fi=0 | jt=3,res=0,li=1:0,ri=4:0,fi=1] Filters: [(c_customer_sk = c_customer_sk) AND (ws_bill_customer_sk = c_customer_sk) AND (ws_bill_customer_sk = c_customer_sk)] CtxOcc: 1
    [NEW] LOGICAL_JOIN: RelSets: [0, 1] RelBindings: [0:store_sales | 1:date_dim] NumRels: [0, 1] CtxInputCards: [0:28800991 | 1:1454] CtxParentSplit: [[0] | [1]] CtxEdgeSig: [jt=3,res=0,li=0:0,ri=1:0,fi=1] Filters: [(ss_sold_date_sk = d_date_sk)] CtxOcc: 1 -> 16554993
    [NEW] LOGICAL_JOIN: RelSets: [0, 1, 2] RelBindings: [0:store_sales | 1:customer | 2:store_sales, customer, date_dim] NumRels: [0, 1, 2] CtxInputCards: [0:28800991 | 1:500000 | 2:1] CtxParentSplit: [[0, 1] | [2]] CtxEdgeSig: [jt=3,res=0,li=0:0,ri=1:0,fi=0] Filters: [(ss_customer_sk = c_customer_sk)] CtxOcc: 1 -> 27504024
    [NEW] LOGICAL_JOIN: RelSets: [0, 1, 2] RelBindings: [0:store_sales | 1:customer | 2:store_sales, customer, date_dim] NumRels: [0, 1, 2] CtxInputCards: [0:28800991 | 1:500000 | 2:1] CtxParentSplit: [[0, 2] | [1]] CtxEdgeSig: [jt=3,res=0,li=0:0,ri=1:0,fi=0] Filters: [(ss_customer_sk = c_customer_sk)] CtxOcc: 1 -> 16164246
    [NEW] LOGICAL_JOIN: RelSets: [0, 2] RelBindings: [0:store_sales | 2:date_dim] NumRels: [0, 2] CtxInputCards: [0:28800991 | 2:1454] CtxParentSplit: [[0] | [2]] CtxEdgeSig: [jt=3,res=0,li=0:1,ri=2:0,fi=0] Filters: [(ss_sold_date_sk = d_date_sk)] CtxOcc: 1 -> 16548385
    [NEW] LOGICAL_JOIN: RelSets: [0, 1, 4] RelBindings: [0:catalog_sales | 1:customer | 4:store_sales, customer, store_sales, customer, date_dim] NumRels: [0, 1, 4] CtxInputCards: [0:14401261 | 1:500000 | 4:77030] CtxParentSplit: [[0, 1] | [4]] CtxEdgeSig: [jt=3,res=0,li=0:2,ri=1:0,fi=4 | jt=3,res=0,li=0:2,ri=4:0,fi=0 | jt=3,res=0,li=1:0,ri=4:0,fi=1] Filters: [(c_customer_sk = c_customer_sk) AND (cs_bill_customer_sk = c_customer_sk) AND (cs_bill_customer_sk = c_customer_sk)] CtxOcc: 1 -> 12537
    [NEW] LOGICAL_JOIN: RelSets: [0, 1, 4] RelBindings: [0:catalog_sales | 1:customer | 4:store_sales, customer, store_sales, customer, date_dim] NumRels: [0, 1, 4] CtxInputCards: [0:14401261 | 1:500000 | 4:77030] CtxParentSplit: [[0, 4] | [1]] CtxEdgeSig: [jt=3,res=0,li=0:2,ri=1:0,fi=4 | jt=3,res=0,li=0:2,ri=4:0,fi=0 | jt=3,res=0,li=1:0,ri=4:0,fi=1] Filters: [(c_customer_sk = c_customer_sk) AND (cs_bill_customer_sk = c_customer_sk) AND (cs_bill_customer_sk = c_customer_sk)] CtxOcc: 1 -> 12537
    [NEW] LOGICAL_JOIN: RelSets: [0, 2] RelBindings: [0:catalog_sales | 2:date_dim] NumRels: [0, 2] CtxInputCards: [0:14401261 | 2:28] CtxParentSplit: [[0] | [2]] CtxEdgeSig: [jt=3,res=0,li=0:0,ri=2:2,fi=3] Filters: [(cs_sold_date_sk = d_date_sk)] CtxOcc: 1 -> 131073
    [NEW] LOGICAL_JOIN: RelSets: [0, 1, 4] RelBindings: [0:web_sales | 1:customer | 4:store_sales, customer, store_sales, customer, date_dim] NumRels: [0, 1, 4] CtxInputCards: [0:7197566 | 1:500000 | 4:77030] CtxParentSplit: [[0, 1] | [4]] CtxEdgeSig: [jt=3,res=0,li=0:2,ri=1:0,fi=4 | jt=3,res=0,li=0:2,ri=4:0,fi=0 | jt=3,res=0,li=1:0,ri=4:0,fi=1] Filters: [(c_customer_sk = c_customer_sk) AND (ws_bill_customer_sk = c_customer_sk) AND (ws_bill_customer_sk = c_customer_sk)] CtxOcc: 1 -> 6177
    [NEW] LOGICAL_JOIN: RelSets: [0, 1, 4] RelBindings: [0:web_sales | 1:customer | 4:store_sales, customer, store_sales, customer, date_dim] NumRels: [0, 1, 4] CtxInputCards: [0:7197566 | 1:500000 | 4:77030] CtxParentSplit: [[0, 4] | [1]] CtxEdgeSig: [jt=3,res=0,li=0:2,ri=1:0,fi=4 | jt=3,res=0,li=0:2,ri=4:0,fi=0 | jt=3,res=0,li=1:0,ri=4:0,fi=1] Filters: [(c_customer_sk = c_customer_sk) AND (ws_bill_customer_sk = c_customer_sk) AND (ws_bill_customer_sk = c_customer_sk)] CtxOcc: 1 -> 6177
    [NEW] LOGICAL_JOIN: RelSets: [0, 2] RelBindings: [0:web_sales | 2:date_dim] NumRels: [0, 2] CtxInputCards: [0:7197566 | 2:28] CtxParentSplit: [[0] | [2]] CtxEdgeSig: [jt=3,res=0,li=0:0,ri=2:2,fi=3] Filters: [(ws_sold_date_sk = d_date_sk)] CtxOcc: 1 -> 64102

  --- Iteration 2 ---
  Found 14 join(s) in physical plan.
  Found 88 log entries in cardinality_log.txt.
  Matched 10 expression(s) to actual cardinalities.
  [MATCH WARN] Unresolved physical joins: 3
    [INFO-AMBIGUOUS-RESOLVED] stage0 unique key (candidates=2): LOGICAL_JOIN: RelSets: [0, 1] RelBindings: [0:store_sales | 1:date_dim] NumRels: [0, 1] CtxInputCards: [0:28800991 | 1:1454] CtxParentSplit: [[0] | [1]] CtxEdgeSig: [jt=3,res=0,li=0:0,ri=1:0,fi=1] Filters: [(ss_sold_date_sk = d_date_sk)] CtxOcc: 1
    [INFO-AMBIGUOUS-RESOLVED] stage0 unique key (candidates=3): LOGICAL_JOIN: RelSets: [0, 1, 2] RelBindings: [0:store_sales | 1:customer | 2:store_sales, customer, date_dim] NumRels: [0, 1, 2] CtxInputCards: [0:28800991 | 1:500000 | 2:1] CtxParentSplit: [[0] | [1, 2]] CtxEdgeSig: [jt=3,res=0,li=0:0,ri=1:0,fi=0] Filters: [(ss_customer_sk = c_customer_sk)] CtxOcc: 1
    [INFO-AMBIGUOUS-RESOLVED] stage0 unique key (candidates=2): LOGICAL_JOIN: RelSets: [0, 1, 2] RelBindings: [0:store_sales | 1:customer | 2:store_sales, customer, date_dim] NumRels: [0, 1, 2] CtxInputCards: [0:28800991 | 1:500000 | 2:1] CtxParentSplit: [[0, 2] | [1]] CtxEdgeSig: [jt=3,res=0,li=0:0,ri=1:0,fi=0] Filters: [(ss_customer_sk = c_customer_sk)] CtxOcc: 1
    [INFO-AMBIGUOUS-RESOLVED] stage0 unique key (candidates=4): LOGICAL_JOIN: RelSets: [0, 1, 4] RelBindings: [0:catalog_sales | 1:customer | 4:store_sales, customer, store_sales, customer, date_dim] NumRels: [0, 1, 4] CtxInputCards: [0:14401261 | 1:500000 | 4:77030] CtxParentSplit: [[0, 1] | [4]] CtxEdgeSig: [jt=3,res=0,li=0:2,ri=1:0,fi=4 | jt=3,res=0,li=0:2,ri=4:0,fi=0 | jt=3,res=0,li=1:0,ri=4:0,fi=1] Filters: [(c_customer_sk = c_customer_sk) AND (cs_bill_customer_sk = c_customer_sk) AND (cs_bill_customer_sk = c_customer_sk)] CtxOcc: 1
    [INFO-AMBIGUOUS-RESOLVED] stage0 unique key (candidates=3): LOGICAL_JOIN: RelSets: [0, 1, 4] RelBindings: [0:catalog_sales | 1:customer | 4:store_sales, customer, store_sales, customer, date_dim] NumRels: [0, 1, 4] CtxInputCards: [0:14401261 | 1:500000 | 4:77030] CtxParentSplit: [[0, 4] | [1]] CtxEdgeSig: [jt=3,res=0,li=0:2,ri=1:0,fi=4 | jt=3,res=0,li=0:2,ri=4:0,fi=0 | jt=3,res=0,li=1:0,ri=4:0,fi=1] Filters: [(c_customer_sk = c_customer_sk) AND (cs_bill_customer_sk = c_customer_sk) AND (cs_bill_customer_sk = c_customer_sk)] CtxOcc: 1
    [INFO-AMBIGUOUS-RESOLVED] stage0 unique key (candidates=4): LOGICAL_JOIN: RelSets: [0, 1, 4] RelBindings: [0:web_sales | 1:customer | 4:store_sales, customer, store_sales, customer, date_dim] NumRels: [0, 1, 4] CtxInputCards: [0:7197566 | 1:500000 | 4:77030] CtxParentSplit: [[0, 1] | [4]] CtxEdgeSig: [jt=3,res=0,li=0:2,ri=1:0,fi=4 | jt=3,res=0,li=0:2,ri=4:0,fi=0 | jt=3,res=0,li=1:0,ri=4:0,fi=1] Filters: [(c_customer_sk = c_customer_sk) AND (ws_bill_customer_sk = c_customer_sk) AND (ws_bill_customer_sk = c_customer_sk)] CtxOcc: 1
    [INFO-AMBIGUOUS-RESOLVED] stage0 unique key (candidates=3): LOGICAL_JOIN: RelSets: [0, 1, 4] RelBindings: [0:web_sales | 1:customer | 4:store_sales, customer, store_sales, customer, date_dim] NumRels: [0, 1, 4] CtxInputCards: [0:7197566 | 1:500000 | 4:77030] CtxParentSplit: [[0, 4] | [1]] CtxEdgeSig: [jt=3,res=0,li=0:2,ri=1:0,fi=4 | jt=3,res=0,li=0:2,ri=4:0,fi=0 | jt=3,res=0,li=1:0,ri=4:0,fi=1] Filters: [(c_customer_sk = c_customer_sk) AND (ws_bill_customer_sk = c_customer_sk) AND (ws_bill_customer_sk = c_customer_sk)] CtxOcc: 1
    [NEW] LOGICAL_JOIN: RelSets: [0, 1, 2] RelBindings: [0:store_sales | 1:customer | 2:store_sales, customer, date_dim] NumRels: [0, 1, 2] CtxInputCards: [0:28800991 | 1:500000 | 2:1] CtxParentSplit: [[0] | [1, 2]] CtxEdgeSig: [jt=3,res=0,li=0:0,ri=1:0,fi=0] Filters: [(ss_customer_sk = c_customer_sk)] CtxOcc: 1 -> 27504024
    [INFO] Small stable-plan drift (keeping existing JSON value):
      Expression: LOGICAL_JOIN: RelSets: [0, 2] RelBindings: [0:store_sales | 2:date_dim] NumRels: [0, 2] CtxInputCards: [0:28800991 | 2:1454] CtxParentSplit: [[0] | [2]] CtxEdgeSig: [jt=3,res=0,li=0:1,ri=2:0,fi=0] Filters: [(ss_sold_date_sk = d_date_sk)] CtxOcc: 1
      Existing: 16548385, New: 16548377, Delta: 8 (0.000048%)
    [INFO] Small stable-plan drift (keeping existing JSON value):
      Expression: LOGICAL_JOIN: RelSets: [0, 2] RelBindings: [0:web_sales | 2:date_dim] NumRels: [0, 2] CtxInputCards: [0:7197566 | 2:28] CtxParentSplit: [[0] | [2]] CtxEdgeSig: [jt=3,res=0,li=0:0,ri=2:2,fi=3] Filters: [(ws_sold_date_sk = d_date_sk)] CtxOcc: 1
      Existing: 64102, New: 64103, Delta: 1 (0.001560%)
    [VERIFY] Running verification for iteration 2...
    [VERIFY] Check 1 PASSED: 10 injected log values match the pre-update JSON.
    [VERIFY] Check 2 PASSED: All 10 JSON keys found in the cardinality log.
    [VERIFY] Check 3 INFO: 1 new join(s) from plan change (not previously injected, OK).
    [VERIFY] Check 3 PASSED: All 9 previously-known joins (non-CTE) were INJECTED.
    [VERIFY] Check 4 PASSED: All injected cardinalities match actual plan cardinalities.
    [VERIFY] Check 4 INFO: tolerated 2 small stable-plan drift(s) (treated as measurement noise).
    [VERIFY] Check 5 PASSED: 10 mappings; all expression strings unique.
    [VERIFY] Check 6 INFO: matched 10/13 joins-with-conditions (unmatched=3).
    [VERIFY] Check 7 INFO: 7 ambiguous match(es); stage0=7, non_stage0=0.
    [VERIFY] Check 8 PASSED: all 10 JSON keys were INJECTED (10 applied).
    [VERIFY] Check 9 PASSED: all 10 pre-update keys preserved in post-update JSON.
  Verification passed.

  --- Iteration 3 ---
  Found 14 join(s) in physical plan.
  Found 88 log entries in cardinality_log.txt.
  Matched 10 expression(s) to actual cardinalities.
  [MATCH WARN] Unresolved physical joins: 3
    [INFO-AMBIGUOUS-RESOLVED] stage0 unique key (candidates=2): LOGICAL_JOIN: RelSets: [0, 1] RelBindings: [0:store_sales | 1:date_dim] NumRels: [0, 1] CtxInputCards: [0:28800991 | 1:1454] CtxParentSplit: [[0] | [1]] CtxEdgeSig: [jt=3,res=0,li=0:0,ri=1:0,fi=1] Filters: [(ss_sold_date_sk = d_date_sk)] CtxOcc: 1
    [INFO-AMBIGUOUS-RESOLVED] stage0 unique key (candidates=3): LOGICAL_JOIN: RelSets: [0, 1, 2] RelBindings: [0:store_sales | 1:customer | 2:store_sales, customer, date_dim] NumRels: [0, 1, 2] CtxInputCards: [0:28800991 | 1:500000 | 2:1] CtxParentSplit: [[0, 1] | [2]] CtxEdgeSig: [jt=3,res=0,li=0:0,ri=1:0,fi=0] Filters: [(ss_customer_sk = c_customer_sk)] CtxOcc: 1
    [INFO-AMBIGUOUS-RESOLVED] stage0 unique key (candidates=2): LOGICAL_JOIN: RelSets: [0, 1, 2] RelBindings: [0:store_sales | 1:customer | 2:store_sales, customer, date_dim] NumRels: [0, 1, 2] CtxInputCards: [0:28800991 | 1:500000 | 2:1] CtxParentSplit: [[0, 2] | [1]] CtxEdgeSig: [jt=3,res=0,li=0:0,ri=1:0,fi=0] Filters: [(ss_customer_sk = c_customer_sk)] CtxOcc: 1
    [INFO-AMBIGUOUS-RESOLVED] stage0 unique key (candidates=4): LOGICAL_JOIN: RelSets: [0, 1, 4] RelBindings: [0:catalog_sales | 1:customer | 4:store_sales, customer, store_sales, customer, date_dim] NumRels: [0, 1, 4] CtxInputCards: [0:14401261 | 1:500000 | 4:77030] CtxParentSplit: [[0, 1] | [4]] CtxEdgeSig: [jt=3,res=0,li=0:2,ri=1:0,fi=4 | jt=3,res=0,li=0:2,ri=4:0,fi=0 | jt=3,res=0,li=1:0,ri=4:0,fi=1] Filters: [(c_customer_sk = c_customer_sk) AND (cs_bill_customer_sk = c_customer_sk) AND (cs_bill_customer_sk = c_customer_sk)] CtxOcc: 1
    [INFO-AMBIGUOUS-RESOLVED] stage0 unique key (candidates=3): LOGICAL_JOIN: RelSets: [0, 1, 4] RelBindings: [0:catalog_sales | 1:customer | 4:store_sales, customer, store_sales, customer, date_dim] NumRels: [0, 1, 4] CtxInputCards: [0:14401261 | 1:500000 | 4:77030] CtxParentSplit: [[0, 4] | [1]] CtxEdgeSig: [jt=3,res=0,li=0:2,ri=1:0,fi=4 | jt=3,res=0,li=0:2,ri=4:0,fi=0 | jt=3,res=0,li=1:0,ri=4:0,fi=1] Filters: [(c_customer_sk = c_customer_sk) AND (cs_bill_customer_sk = c_customer_sk) AND (cs_bill_customer_sk = c_customer_sk)] CtxOcc: 1
    [INFO-AMBIGUOUS-RESOLVED] stage0 unique key (candidates=4): LOGICAL_JOIN: RelSets: [0, 1, 4] RelBindings: [0:web_sales | 1:customer | 4:store_sales, customer, store_sales, customer, date_dim] NumRels: [0, 1, 4] CtxInputCards: [0:7197566 | 1:500000 | 4:77030] CtxParentSplit: [[0, 1] | [4]] CtxEdgeSig: [jt=3,res=0,li=0:2,ri=1:0,fi=4 | jt=3,res=0,li=0:2,ri=4:0,fi=0 | jt=3,res=0,li=1:0,ri=4:0,fi=1] Filters: [(c_customer_sk = c_customer_sk) AND (ws_bill_customer_sk = c_customer_sk) AND (ws_bill_customer_sk = c_customer_sk)] CtxOcc: 1
    [INFO-AMBIGUOUS-RESOLVED] stage0 unique key (candidates=3): LOGICAL_JOIN: RelSets: [0, 1, 4] RelBindings: [0:web_sales | 1:customer | 4:store_sales, customer, store_sales, customer, date_dim] NumRels: [0, 1, 4] CtxInputCards: [0:7197566 | 1:500000 | 4:77030] CtxParentSplit: [[0, 4] | [1]] CtxEdgeSig: [jt=3,res=0,li=0:2,ri=1:0,fi=4 | jt=3,res=0,li=0:2,ri=4:0,fi=0 | jt=3,res=0,li=1:0,ri=4:0,fi=1] Filters: [(c_customer_sk = c_customer_sk) AND (ws_bill_customer_sk = c_customer_sk) AND (ws_bill_customer_sk = c_customer_sk)] CtxOcc: 1
    [INFO] Small stable-plan drift (keeping existing JSON value):
      Expression: LOGICAL_JOIN: RelSets: [0, 2] RelBindings: [0:store_sales | 2:date_dim] NumRels: [0, 2] CtxInputCards: [0:28800991 | 2:1454] CtxParentSplit: [[0] | [2]] CtxEdgeSig: [jt=3,res=0,li=0:1,ri=2:0,fi=0] Filters: [(ss_sold_date_sk = d_date_sk)] CtxOcc: 1
      Existing: 16548385, New: 16548338, Delta: 47 (0.000284%)
    [INFO] Small stable-plan drift (keeping existing JSON value):
      Expression: LOGICAL_JOIN: RelSets: [0, 2] RelBindings: [0:web_sales | 2:date_dim] NumRels: [0, 2] CtxInputCards: [0:7197566 | 2:28] CtxParentSplit: [[0] | [2]] CtxEdgeSig: [jt=3,res=0,li=0:0,ri=2:2,fi=3] Filters: [(ws_sold_date_sk = d_date_sk)] CtxOcc: 1
      Existing: 64102, New: 64103, Delta: 1 (0.001560%)
    [VERIFY] Running verification for iteration 3...
    [VERIFY] Check 1 PASSED: 11 injected log values match the pre-update JSON.
    [VERIFY] Check 2 PASSED: All 11 JSON keys found in the cardinality log.
    [VERIFY] Check 3 PASSED: All 10 previously-known joins (non-CTE) were INJECTED.
    [VERIFY] Check 4 PASSED: All injected cardinalities match actual plan cardinalities.
    [VERIFY] Check 4 INFO: tolerated 2 small stable-plan drift(s) (treated as measurement noise).
    [VERIFY] Check 5 PASSED: 10 mappings; all expression strings unique.
    [VERIFY] Check 6 INFO: matched 10/13 joins-with-conditions (unmatched=3).
    [VERIFY] Check 7 INFO: 7 ambiguous match(es); stage0=7, non_stage0=0.
    [VERIFY] Check 8 PASSED: all 11 JSON keys were INJECTED (11 applied).
    [VERIFY] Check 9 PASSED: all 11 pre-update keys preserved in post-update JSON.
  Verification passed.
  Plan CONVERGED after 3 iterations.

============================================================
  Query 24
============================================================

  --- Iteration 1 ---
  Found 6 join(s) in physical plan.
  Found 97 log entries in cardinality_log.txt.
  Matched 2 expression(s) to actual cardinalities.
  [MATCH WARN] Unresolved physical joins: 4
    [NEW] LOGICAL_JOIN: RelSets: [2, 5] RelBindings: [2:store | 5:customer_address] NumRels: [2, 5] CtxInputCards: [2:10 | 5:250000] CtxParentSplit: [[2] | [5]] CtxEdgeSig: [jt=3,res=0,li=2:1,ri=5:2,fi=2] Filters: [(s_zip = ca_zip)] CtxOcc: 1 -> 2665
    [NEW] LOGICAL_JOIN: RelSets: [0, 1] RelBindings: [0:store_sales, store_returns, store, item, customer, customer_address | 1:store_sales, store_returns, store, item, customer, customer_address] NumRels: [0, 1] CtxInputCards: [0:63671 | 1:1] CtxParentSplit: [[0] | [1]] CtxEdgeSig: [jt=3,res=0,li=0:0,ri=1:0,fi=0] Filters: [(CAST(sum(netpaid) AS DOUBLE) > SUBQUERY)] CtxOcc: 1 -> 5

  --- Iteration 2 ---
  Found 6 join(s) in physical plan.
  Found 97 log entries in cardinality_log.txt.
  Matched 2 expression(s) to actual cardinalities.
  [MATCH WARN] Unresolved physical joins: 4
    [VERIFY] Running verification for iteration 2...
    [VERIFY] Check 1 PASSED: 2 injected log values match the pre-update JSON.
    [VERIFY] Check 2 PASSED: All 2 JSON keys found in the cardinality log.
    [VERIFY] Check 3 PASSED: All 2 previously-known joins (non-CTE) were INJECTED.
    [VERIFY] Check 4 PASSED: All injected cardinalities match actual plan cardinalities.
    [VERIFY] Check 5 PASSED: 2 mappings; all expression strings unique.
    [VERIFY] Check 6 INFO: matched 2/6 joins-with-conditions (unmatched=4).
    [VERIFY] Check 7 PASSED: no ambiguous match candidates.
    [VERIFY] Check 8 PASSED: all 2 JSON keys were INJECTED (2 applied).
    [VERIFY] Check 9 PASSED: all 2 pre-update keys preserved in post-update JSON.
  Verification passed.
  Plan CONVERGED after 2 iterations.

============================================================
  Query 25
============================================================

  --- Iteration 1 ---
  Found 7 join(s) in physical plan.
  Found 380 log entries in cardinality_log.txt.
  Matched 3 expression(s) to actual cardinalities.
  [MATCH WARN] Unresolved physical joins: 4
    [NEW] LOGICAL_JOIN: RelSets: [2, 5] RelBindings: [2:catalog_sales | 5:date_dim] NumRels: [2, 5] CtxInputCards: [2:14401261 | 5:213] CtxParentSplit: [[2] | [5]] CtxEdgeSig: [jt=3,res=0,li=2:2,ri=5:0,fi=4] Filters: [(cs_sold_date_sk = d_date_sk)] CtxOcc: 1 -> 1497355
    [NEW] LOGICAL_JOIN: RelSets: [0, 3] RelBindings: [0:store_sales | 3:date_dim] NumRels: [0, 3] CtxInputCards: [0:28800991 | 3:28] CtxParentSplit: [[0] | [3]] CtxEdgeSig: [jt=3,res=0,li=0:0,ri=3:2,fi=6] Filters: [(ss_sold_date_sk = d_date_sk)] CtxOcc: 1 -> 262337
    [NEW] LOGICAL_JOIN: RelSets: [1, 4] RelBindings: [1:store_returns | 4:date_dim] NumRels: [1, 4] CtxInputCards: [1:2877532 | 4:213] CtxParentSplit: [[1] | [4]] CtxEdgeSig: [jt=3,res=0,li=1:3,ri=4:0,fi=5] Filters: [(sr_returned_date_sk = d_date_sk)] CtxOcc: 1 -> 259364

  --- Iteration 2 ---
  Found 7 join(s) in physical plan.
  Found 380 log entries in cardinality_log.txt.
  Matched 3 expression(s) to actual cardinalities.
  [MATCH WARN] Unresolved physical joins: 4
    [INFO] Small stable-plan drift (keeping existing JSON value):
      Expression: LOGICAL_JOIN: RelSets: [2, 5] RelBindings: [2:catalog_sales | 5:date_dim] NumRels: [2, 5] CtxInputCards: [2:14401261 | 5:213] CtxParentSplit: [[2] | [5]] CtxEdgeSig: [jt=3,res=0,li=2:2,ri=5:0,fi=4] Filters: [(cs_sold_date_sk = d_date_sk)] CtxOcc: 1
      Existing: 1497355, New: 1497508, Delta: 153 (0.010217%)
    [VERIFY] Running verification for iteration 2...
    [VERIFY] Check 1 PASSED: 3 injected log values match the pre-update JSON.
    [VERIFY] Check 2 PASSED: All 3 JSON keys found in the cardinality log.
    [VERIFY] Check 3 PASSED: All 3 previously-known joins (non-CTE) were INJECTED.
    [VERIFY] Check 4 PASSED: All injected cardinalities match actual plan cardinalities.
    [VERIFY] Check 4 INFO: tolerated 1 small stable-plan drift(s) (treated as measurement noise).
    [VERIFY] Check 5 PASSED: 3 mappings; all expression strings unique.
    [VERIFY] Check 6 INFO: matched 3/7 joins-with-conditions (unmatched=4).
    [VERIFY] Check 7 PASSED: no ambiguous match candidates.
    [VERIFY] Check 8 PASSED: all 3 JSON keys were INJECTED (3 applied).
    [VERIFY] Check 9 PASSED: all 3 pre-update keys preserved in post-update JSON.
  Verification passed.
  Plan CONVERGED after 2 iterations.

============================================================
  Query 26
============================================================

  --- Iteration 1 ---
  Found 4 join(s) in physical plan.
  Found 32 log entries in cardinality_log.txt.
  Matched 1 expression(s) to actual cardinalities.
  [MATCH WARN] Unresolved physical joins: 3
    [NEW] LOGICAL_JOIN: RelSets: [0, 1] RelBindings: [0:catalog_sales | 1:customer_demographics] NumRels: [0, 1] CtxInputCards: [0:14401261 | 1:27440] CtxParentSplit: [[0] | [1]] CtxEdgeSig: [jt=3,res=0,li=0:2,ri=1:0,fi=3] Filters: [(cs_bill_cdemo_sk = cd_demo_sk)] CtxOcc: 1 -> 41482

  --- Iteration 2 ---
  Found 4 join(s) in physical plan.
  Found 32 log entries in cardinality_log.txt.
  Matched 1 expression(s) to actual cardinalities.
  [MATCH WARN] Unresolved physical joins: 3
    [INFO] Small stable-plan drift (keeping existing JSON value):
      Expression: LOGICAL_JOIN: RelSets: [0, 1] RelBindings: [0:catalog_sales | 1:customer_demographics] NumRels: [0, 1] CtxInputCards: [0:14401261 | 1:27440] CtxParentSplit: [[0] | [1]] CtxEdgeSig: [jt=3,res=0,li=0:2,ri=1:0,fi=3] Filters: [(cs_bill_cdemo_sk = cd_demo_sk)] CtxOcc: 1
      Existing: 41482, New: 41485, Delta: 3 (0.007232%)
    [VERIFY] Running verification for iteration 2...
    [VERIFY] Check 1 PASSED: 1 injected log values match the pre-update JSON.
    [VERIFY] Check 2 PASSED: All 1 JSON keys found in the cardinality log.
    [VERIFY] Check 3 PASSED: All 1 previously-known joins (non-CTE) were INJECTED.
    [VERIFY] Check 4 PASSED: All injected cardinalities match actual plan cardinalities.
    [VERIFY] Check 4 INFO: tolerated 1 small stable-plan drift(s) (treated as measurement noise).
    [VERIFY] Check 5 PASSED: 1 mappings; all expression strings unique.
    [VERIFY] Check 6 INFO: matched 1/4 joins-with-conditions (unmatched=3).
    [VERIFY] Check 7 PASSED: no ambiguous match candidates.
    [VERIFY] Check 8 PASSED: all 1 JSON keys were INJECTED (1 applied).
    [VERIFY] Check 9 PASSED: all 1 pre-update keys preserved in post-update JSON.
  Verification passed.
  Plan CONVERGED after 2 iterations.

============================================================
  Query 27
============================================================

  --- Iteration 1 ---
  Found 4 join(s) in physical plan.
  Found 96 log entries in cardinality_log.txt.
  Matched 1 expression(s) to actual cardinalities.
  [MATCH WARN] Unresolved physical joins: 3
    [INFO-AMBIGUOUS-RESOLVED] stage0 unique key (candidates=3): LOGICAL_JOIN: RelSets: [0, 1] RelBindings: [0:store_sales | 1:customer_demographics] NumRels: [0, 1] CtxInputCards: [0:28800991 | 1:27440] CtxParentSplit: [[0] | [1]] CtxEdgeSig: [jt=3,res=0,li=0:3,ri=1:0,fi=3] Filters: [(ss_cdemo_sk = cd_demo_sk)] CtxOcc: 1
    [NEW] LOGICAL_JOIN: RelSets: [0, 1] RelBindings: [0:store_sales | 1:customer_demographics] NumRels: [0, 1] CtxInputCards: [0:28800991 | 1:27440] CtxParentSplit: [[0] | [1]] CtxEdgeSig: [jt=3,res=0,li=0:3,ri=1:0,fi=3] Filters: [(ss_cdemo_sk = cd_demo_sk)] CtxOcc: 1 -> 76616

  --- Iteration 2 ---
  Found 4 join(s) in physical plan.
  Found 96 log entries in cardinality_log.txt.
  Matched 1 expression(s) to actual cardinalities.
  [MATCH WARN] Unresolved physical joins: 3
    [INFO-AMBIGUOUS-RESOLVED] stage0 unique key (candidates=3): LOGICAL_JOIN: RelSets: [0, 1] RelBindings: [0:store_sales | 1:customer_demographics] NumRels: [0, 1] CtxInputCards: [0:28800991 | 1:27440] CtxParentSplit: [[0] | [1]] CtxEdgeSig: [jt=3,res=0,li=0:3,ri=1:0,fi=3] Filters: [(ss_cdemo_sk = cd_demo_sk)] CtxOcc: 1
    [VERIFY] Running verification for iteration 2...
    [VERIFY] Check 1 PASSED: 1 injected log values match the pre-update JSON.
    [VERIFY] Check 2 PASSED: All 1 JSON keys found in the cardinality log.
    [VERIFY] Check 3 PASSED: All 1 previously-known joins (non-CTE) were INJECTED.
    [VERIFY] Check 4 PASSED: All injected cardinalities match actual plan cardinalities.
    [VERIFY] Check 5 PASSED: 1 mappings; all expression strings unique.
    [VERIFY] Check 6 INFO: matched 1/4 joins-with-conditions (unmatched=3).
    [VERIFY] Check 7 INFO: 1 ambiguous match(es); stage0=1, non_stage0=0.
    [VERIFY] Check 8 PASSED: all 1 JSON keys were INJECTED (1 applied).
    [VERIFY] Check 9 PASSED: all 1 pre-update keys preserved in post-update JSON.
  Verification passed.
  Plan CONVERGED after 2 iterations.

============================================================
  Query 28
============================================================

  --- Iteration 1 ---
  Found 5 join(s) in physical plan.
  Found 301 log entries in cardinality_log.txt.
  Matched 0 expression(s) to actual cardinalities.

  --- Iteration 2 ---
  Found 5 join(s) in physical plan.
  Found 301 log entries in cardinality_log.txt.
  Matched 0 expression(s) to actual cardinalities.
    [VERIFY] Running verification for iteration 2...
    [VERIFY] Check 1 PASSED: 0 injected log values match the pre-update JSON.
    [VERIFY] Check 2 PASSED: All 0 JSON keys found in the cardinality log.
    [VERIFY] Check 3 PASSED: All 0 previously-known joins (non-CTE) were INJECTED.
    [VERIFY] Check 4 PASSED: All injected cardinalities match actual plan cardinalities.
    [VERIFY] Check 5 PASSED: 0 mappings; all expression strings unique.
    [VERIFY] Check 6 INFO: matched 0/0 joins-with-conditions (unmatched=0).
    [VERIFY] Check 7 PASSED: no ambiguous match candidates.
    [VERIFY] Check 8 PASSED: all 0 JSON keys were INJECTED (0 applied).
    [VERIFY] Check 9 PASSED: all 0 pre-update keys preserved in post-update JSON.
  Verification passed.
  Plan CONVERGED after 2 iterations.

============================================================
  Query 29
============================================================

  --- Iteration 1 ---
  Found 7 join(s) in physical plan.
  Found 380 log entries in cardinality_log.txt.
  Matched 2 expression(s) to actual cardinalities.
  [MATCH WARN] Unresolved physical joins: 5
    [NEW] LOGICAL_JOIN: RelSets: [0, 3] RelBindings: [0:store_sales | 3:date_dim] NumRels: [0, 3] CtxInputCards: [0:28800991 | 3:28] CtxParentSplit: [[0] | [3]] CtxEdgeSig: [jt=3,res=0,li=0:0,ri=3:2,fi=6] Filters: [(ss_sold_date_sk = d_date_sk)] CtxOcc: 1 -> 590023
    [NEW] LOGICAL_JOIN: RelSets: [1, 4] RelBindings: [1:store_returns | 4:date_dim] NumRels: [1, 4] CtxInputCards: [1:2877532 | 4:122] CtxParentSplit: [[1] | [4]] CtxEdgeSig: [jt=3,res=0,li=1:3,ri=4:0,fi=5] Filters: [(sr_returned_date_sk = d_date_sk)] CtxOcc: 1 -> 183032

  --- Iteration 2 ---
  Found 7 join(s) in physical plan.
  Found 380 log entries in cardinality_log.txt.
  Matched 2 expression(s) to actual cardinalities.
  [MATCH WARN] Unresolved physical joins: 5
    [VERIFY] Running verification for iteration 2...
    [VERIFY] Check 1 PASSED: 2 injected log values match the pre-update JSON.
    [VERIFY] Check 2 PASSED: All 2 JSON keys found in the cardinality log.
    [VERIFY] Check 3 PASSED: All 2 previously-known joins (non-CTE) were INJECTED.
    [VERIFY] Check 4 PASSED: All injected cardinalities match actual plan cardinalities.
    [VERIFY] Check 5 PASSED: 2 mappings; all expression strings unique.
    [VERIFY] Check 6 INFO: matched 2/7 joins-with-conditions (unmatched=5).
    [VERIFY] Check 7 PASSED: no ambiguous match candidates.
    [VERIFY] Check 8 PASSED: all 2 JSON keys were INJECTED (2 applied).
    [VERIFY] Check 9 PASSED: all 2 pre-update keys preserved in post-update JSON.
  Verification passed.
  Plan CONVERGED after 2 iterations.

============================================================
  Query 30
============================================================

  --- Iteration 1 ---
  Found 7 join(s) in physical plan.
  Found 9 log entries in cardinality_log.txt.
  Matched 3 expression(s) to actual cardinalities.
  [MATCH WARN] Unresolved physical joins: 1
    [NEW] LOGICAL_JOIN: RelSets: [0, 1] RelBindings: [0:web_returns | 1:date_dim] NumRels: [0, 1] CtxInputCards: [0:719222 | 1:364] CtxParentSplit: [[0] | [1]] CtxEdgeSig: [jt=3,res=0,li=0:0,ri=1:0,fi=1] Filters: [(wr_returned_date_sk = d_date_sk)] CtxOcc: 1 -> 137371
    [NEW] LOGICAL_JOIN: RelSets: [0, 2] RelBindings: [0:web_returns, date_dim, customer_address | 2:customer] NumRels: [0, 2] CtxInputCards: [0:105354 | 2:500000] CtxParentSplit: [[0] | [2]] CtxEdgeSig: [jt=3,res=0,li=0:0,ri=2:1,fi=1] Filters: [(ctr_customer_sk = c_customer_sk)] CtxOcc: 1 -> 6379
    [NEW] LOGICAL_JOIN: RelSets: [1, 2] RelBindings: [1:customer_address | 2:customer] NumRels: [1, 2] CtxInputCards: [1:4546 | 2:500000] CtxParentSplit: [[1] | [2]] CtxEdgeSig: [jt=3,res=0,li=1:0,ri=2:0,fi=0] Filters: [(ca_address_sk = c_current_addr_sk)] CtxOcc: 1 -> 24415

  --- Iteration 2 ---
  Found 7 join(s) in physical plan.
  Found 9 log entries in cardinality_log.txt.
  Matched 2 expression(s) to actual cardinalities.
  [MATCH WARN] Unresolved physical joins: 2
    [INFO] Cardinality update (plan changed vs last iteration; overwriting JSON):
      Expression: LOGICAL_JOIN: RelSets: [0, 2] RelBindings: [0:web_returns, date_dim, customer_address | 2:customer] NumRels: [0, 2] CtxInputCards: [0:105354 | 2:500000] CtxParentSplit: [[0] | [2]] CtxEdgeSig: [jt=3,res=0,li=0:0,ri=2:1,fi=1] Filters: [(ctr_customer_sk = c_customer_sk)] CtxOcc: 1
      Existing: 6379, New: 131703
    [VERIFY] Running verification for iteration 2...
    [VERIFY] Check 1 PASSED: 3 injected log values match the pre-update JSON.
    [VERIFY] Check 2 PASSED: All 3 JSON keys found in the cardinality log.
    [VERIFY] Check 3 PASSED: All 2 previously-known joins (non-CTE) were INJECTED.
    [VERIFY] Check 4 INFO: 1 injected != actual (plan may have changed):
      LOGICAL_JOIN: RelSets: [0, 2] RelBindings: [0:web_returns, date_dim, customer_address | 2:customer] NumRels: [0, 2] CtxInputCards: [0:105354 | 2:500000] CtxParentSplit: [[0] | [2]] CtxEdgeSig: [jt=3,res=0,li=0:0,ri=2:1,fi=1] Filters: [(ctr_customer_sk = c_customer_sk)] CtxOcc: 1
        Injected: 6379, Actual: 131703
    [VERIFY] Check 5 PASSED: 2 mappings; all expression strings unique.
    [VERIFY] Check 6 INFO: matched 2/7 joins-with-conditions (unmatched=5).
    [VERIFY] Check 7 PASSED: no ambiguous match candidates.
    [VERIFY] Check 8 PASSED: all 3 JSON keys were INJECTED (3 applied).
    [VERIFY] Check 9 PASSED: all 3 pre-update keys preserved in post-update JSON.
  Verification passed.
  Plan CHANGED on iteration 2.

  --- Iteration 3 ---
  Found 7 join(s) in physical plan.
  Found 9 log entries in cardinality_log.txt.
  Matched 3 expression(s) to actual cardinalities.
  [MATCH WARN] Unresolved physical joins: 1
    [INFO] Cardinality update (plan changed vs last iteration; overwriting JSON):
      Expression: LOGICAL_JOIN: RelSets: [0, 2] RelBindings: [0:web_returns, date_dim, customer_address | 2:customer] NumRels: [0, 2] CtxInputCards: [0:105354 | 2:500000] CtxParentSplit: [[0] | [2]] CtxEdgeSig: [jt=3,res=0,li=0:0,ri=2:1,fi=1] Filters: [(ctr_customer_sk = c_customer_sk)] CtxOcc: 1
      Existing: 131703, New: 6379
    [VERIFY] Running verification for iteration 3...
    [VERIFY] Check 1 PASSED: 3 injected log values match the pre-update JSON.
    [VERIFY] Check 2 PASSED: All 3 JSON keys found in the cardinality log.
    [VERIFY] Check 3 PASSED: All 3 previously-known joins (non-CTE) were INJECTED.
    [VERIFY] Check 4 INFO: 1 injected != actual (plan may have changed):
      LOGICAL_JOIN: RelSets: [0, 2] RelBindings: [0:web_returns, date_dim, customer_address | 2:customer] NumRels: [0, 2] CtxInputCards: [0:105354 | 2:500000] CtxParentSplit: [[0] | [2]] CtxEdgeSig: [jt=3,res=0,li=0:0,ri=2:1,fi=1] Filters: [(ctr_customer_sk = c_customer_sk)] CtxOcc: 1
        Injected: 131703, Actual: 6379
    [VERIFY] Check 5 PASSED: 3 mappings; all expression strings unique.
    [VERIFY] Check 6 INFO: matched 3/7 joins-with-conditions (unmatched=4).
    [VERIFY] Check 7 PASSED: no ambiguous match candidates.
    [VERIFY] Check 8 PASSED: all 3 JSON keys were INJECTED (3 applied).
    [VERIFY] Check 9 PASSED: all 3 pre-update keys preserved in post-update JSON.
  Verification passed.
  Plan CHANGED on iteration 3.
  Plan OSCILLATION detected: cycle of length 2 (iteration 1 == iteration 3).
  [OSCILLATION-CLEANUP] Removed 1 oscillating key(s) from JSON.
    LOGICAL_JOIN: RelSets: [0, 2] RelBindings: [0:web_returns, date_dim, customer_address | 2:customer] NumRels: [0, 2] CtxInputCards: [0:105354... cards=[6379, 131703, 6379]

============================================================
  Query 31
============================================================

  --- Iteration 1 ---
  Found 9 join(s) in physical plan.
  Found 309 log entries in cardinality_log.txt.
  Matched 2 expression(s) to actual cardinalities.
  [MATCH WARN] Unresolved physical joins: 3
    [NEW] LOGICAL_JOIN: RelSets: [0, 1] RelBindings: [0:store_sales | 1:date_dim] NumRels: [0, 1] CtxInputCards: [0:28800991 | 1:14609] CtxParentSplit: [[0] | [1]] CtxEdgeSig: [jt=3,res=0,li=0:0,ri=1:0,fi=1] Filters: [(ss_sold_date_sk = d_date_sk)] CtxOcc: 1 -> 3094469
    [NEW] LOGICAL_JOIN: RelSets: [0, 1] RelBindings: [0:web_sales | 1:date_dim] NumRels: [0, 1] CtxInputCards: [0:7197566 | 1:14609] CtxParentSplit: [[0] | [1]] CtxEdgeSig: [jt=3,res=0,li=0:0,ri=1:0,fi=1] Filters: [(ws_sold_date_sk = d_date_sk)] CtxOcc: 1 -> 811778

  --- Iteration 2 ---
  Found 9 join(s) in physical plan.
  Found 309 log entries in cardinality_log.txt.
  Matched 2 expression(s) to actual cardinalities.
  [MATCH WARN] Unresolved physical joins: 3
    [VERIFY] Running verification for iteration 2...
    [VERIFY] Check 1 PASSED: 2 injected log values match the pre-update JSON.
    [VERIFY] Check 2 PASSED: All 2 JSON keys found in the cardinality log.
    [VERIFY] Check 3 PASSED: All 2 previously-known joins (non-CTE) were INJECTED.
    [VERIFY] Check 4 PASSED: All injected cardinalities match actual plan cardinalities.
    [VERIFY] Check 5 PASSED: 2 mappings; all expression strings unique.
    [VERIFY] Check 6 INFO: matched 2/9 joins-with-conditions (unmatched=7).
    [VERIFY] Check 7 PASSED: no ambiguous match candidates.
    [VERIFY] Check 8 PASSED: all 2 JSON keys were INJECTED (2 applied).
    [VERIFY] Check 9 PASSED: all 2 pre-update keys preserved in post-update JSON.
  Verification passed.
  Plan CONVERGED after 2 iterations.

============================================================
  Query 32
============================================================

  --- Iteration 1 ---
  Found 6 join(s) in physical plan.
  Found 8 log entries in cardinality_log.txt.
  Matched 2 expression(s) to actual cardinalities.
  [MATCH WARN] Unresolved physical joins: 2
    [INFO-AMBIGUOUS-RESOLVED] stage0 unique key (candidates=2): LOGICAL_JOIN: RelSets: [0, 1] RelBindings: [0:catalog_sales | 1:date_dim] NumRels: [0, 1] CtxInputCards: [0:14401261 | 1:91] CtxParentSplit: [[0] | [1]] CtxEdgeSig: [jt=3,res=0,li=0:1,ri=1:1,fi=1] Filters: [(cs_sold_date_sk = d_date_sk)] CtxOcc: 1
    [NEW] LOGICAL_JOIN: RelSets: [0, 1] RelBindings: [0:catalog_sales | 1:item] NumRels: [0, 1] CtxInputCards: [0:14401261 | 1:83] CtxParentSplit: [[0] | [1]] CtxEdgeSig: [jt=3,res=0,li=0:0,ri=1:1,fi=1] Filters: [(cs_item_sk = i_item_sk)] CtxOcc: 1 -> 97
    [NEW] LOGICAL_JOIN: RelSets: [0, 1] RelBindings: [0:catalog_sales | 1:date_dim] NumRels: [0, 1] CtxInputCards: [0:14401261 | 1:91] CtxParentSplit: [[0] | [1]] CtxEdgeSig: [jt=3,res=0,li=0:1,ri=1:1,fi=1] Filters: [(cs_sold_date_sk = d_date_sk)] CtxOcc: 1 -> 95

  --- Iteration 2 ---
  Found 6 join(s) in physical plan.
  Found 8 log entries in cardinality_log.txt.
  Matched 2 expression(s) to actual cardinalities.
  [MATCH WARN] Unresolved physical joins: 2
    [INFO-AMBIGUOUS-RESOLVED] stage0 unique key (candidates=2): LOGICAL_JOIN: RelSets: [0, 1] RelBindings: [0:catalog_sales | 1:date_dim] NumRels: [0, 1] CtxInputCards: [0:14401261 | 1:91] CtxParentSplit: [[0] | [1]] CtxEdgeSig: [jt=3,res=0,li=0:1,ri=1:1,fi=1] Filters: [(cs_sold_date_sk = d_date_sk)] CtxOcc: 1
    [INFO] Cardinality update (plan changed vs last iteration; overwriting JSON):
      Expression: LOGICAL_JOIN: RelSets: [0, 1] RelBindings: [0:catalog_sales | 1:date_dim] NumRels: [0, 1] CtxInputCards: [0:14401261 | 1:91] CtxParentSplit: [[0] | [1]] CtxEdgeSig: [jt=3,res=0,li=0:1,ri=1:1,fi=1] Filters: [(cs_sold_date_sk = d_date_sk)] CtxOcc: 1
      Existing: 95, New: 412202
    [VERIFY] Running verification for iteration 2...
    [VERIFY] Check 1 PASSED: 2 injected log values match the pre-update JSON.
    [VERIFY] Check 2 PASSED: All 2 JSON keys found in the cardinality log.
    [VERIFY] Check 3 PASSED: All 2 previously-known joins (non-CTE) were INJECTED.
    [VERIFY] Check 4 INFO: 1 injected != actual (plan may have changed):
      LOGICAL_JOIN: RelSets: [0, 1] RelBindings: [0:catalog_sales | 1:date_dim] NumRels: [0, 1] CtxInputCards: [0:14401261 | 1:91] CtxParentSplit: [[0] | [1]] CtxEdgeSig: [jt=3,res=0,li=0:1,ri=1:1,fi=1] Filters: [(cs_sold_date_sk = d_date_sk)] CtxOcc: 1
        Injected: 95, Actual: 412202
    [VERIFY] Check 5 PASSED: 2 mappings; all expression strings unique.
    [VERIFY] Check 6 INFO: matched 2/6 joins-with-conditions (unmatched=4).
    [VERIFY] Check 7 INFO: 1 ambiguous match(es); stage0=1, non_stage0=0.
    [VERIFY] Check 8 PASSED: all 2 JSON keys were INJECTED (2 applied).
    [VERIFY] Check 9 PASSED: all 2 pre-update keys preserved in post-update JSON.
  Verification passed.
  Plan CHANGED on iteration 2.

  --- Iteration 3 ---
  Found 6 join(s) in physical plan.
  Found 8 log entries in cardinality_log.txt.
  Matched 2 expression(s) to actual cardinalities.
  [MATCH WARN] Unresolved physical joins: 2
    [INFO-AMBIGUOUS-RESOLVED] stage0 unique key (candidates=2): LOGICAL_JOIN: RelSets: [0, 1] RelBindings: [0:catalog_sales | 1:date_dim] NumRels: [0, 1] CtxInputCards: [0:14401261 | 1:91] CtxParentSplit: [[0] | [1]] CtxEdgeSig: [jt=3,res=0,li=0:1,ri=1:1,fi=1] Filters: [(cs_sold_date_sk = d_date_sk)] CtxOcc: 1
    [INFO] Cardinality update (plan changed vs last iteration; overwriting JSON):
      Expression: LOGICAL_JOIN: RelSets: [0, 1] RelBindings: [0:catalog_sales | 1:date_dim] NumRels: [0, 1] CtxInputCards: [0:14401261 | 1:91] CtxParentSplit: [[0] | [1]] CtxEdgeSig: [jt=3,res=0,li=0:1,ri=1:1,fi=1] Filters: [(cs_sold_date_sk = d_date_sk)] CtxOcc: 1
      Existing: 412202, New: 95
    [VERIFY] Running verification for iteration 3...
    [VERIFY] Check 1 PASSED: 2 injected log values match the pre-update JSON.
    [VERIFY] Check 2 PASSED: All 2 JSON keys found in the cardinality log.
    [VERIFY] Check 3 PASSED: All 2 previously-known joins (non-CTE) were INJECTED.
    [VERIFY] Check 4 INFO: 1 injected != actual (plan may have changed):
      LOGICAL_JOIN: RelSets: [0, 1] RelBindings: [0:catalog_sales | 1:date_dim] NumRels: [0, 1] CtxInputCards: [0:14401261 | 1:91] CtxParentSplit: [[0] | [1]] CtxEdgeSig: [jt=3,res=0,li=0:1,ri=1:1,fi=1] Filters: [(cs_sold_date_sk = d_date_sk)] CtxOcc: 1
        Injected: 412202, Actual: 95
    [VERIFY] Check 5 PASSED: 2 mappings; all expression strings unique.
    [VERIFY] Check 6 INFO: matched 2/6 joins-with-conditions (unmatched=4).
    [VERIFY] Check 7 INFO: 1 ambiguous match(es); stage0=1, non_stage0=0.
    [VERIFY] Check 8 PASSED: all 2 JSON keys were INJECTED (2 applied).
    [VERIFY] Check 9 PASSED: all 2 pre-update keys preserved in post-update JSON.
  Verification passed.
  Plan CHANGED on iteration 3.
  Plan OSCILLATION detected: cycle of length 2 (iteration 1 == iteration 3).
  [OSCILLATION-CLEANUP] Removed 1 oscillating key(s) from JSON.
    LOGICAL_JOIN: RelSets: [0, 1] RelBindings: [0:catalog_sales | 1:date_dim] NumRels: [0, 1] CtxInputCards: [0:14401261 | 1:91] CtxParentSplit:... cards=[95, 412202, 95]

============================================================
  Query 33
============================================================

  --- Iteration 1 ---
  Found 10 join(s) in physical plan.
  Found 75 log entries in cardinality_log.txt.
  Matched 3 expression(s) to actual cardinalities.
  [MATCH WARN] Unresolved physical joins: 7
    [NEW] LOGICAL_JOIN: RelSets: [0, 1] RelBindings: [0:store_sales | 1:date_dim] NumRels: [0, 1] CtxInputCards: [0:28800991 | 1:28] CtxParentSplit: [[0] | [1]] CtxEdgeSig: [jt=3,res=0,li=0:1,ri=1:0,fi=3] Filters: [(ss_sold_date_sk = d_date_sk)] CtxOcc: 1 -> 270723
    [NEW] LOGICAL_JOIN: RelSets: [0, 1] RelBindings: [0:catalog_sales | 1:date_dim] NumRels: [0, 1] CtxInputCards: [0:14401261 | 1:28] CtxParentSplit: [[0] | [1]] CtxEdgeSig: [jt=3,res=0,li=0:1,ri=1:0,fi=3] Filters: [(cs_sold_date_sk = d_date_sk)] CtxOcc: 1 -> 141205
    [NEW] LOGICAL_JOIN: RelSets: [0, 1] RelBindings: [0:web_sales | 1:date_dim] NumRels: [0, 1] CtxInputCards: [0:7197566 | 1:28] CtxParentSplit: [[0] | [1]] CtxEdgeSig: [jt=3,res=0,li=0:1,ri=1:0,fi=3] Filters: [(ws_sold_date_sk = d_date_sk)] CtxOcc: 1 -> 71106

  --- Iteration 2 ---
  Found 10 join(s) in physical plan.
  Found 75 log entries in cardinality_log.txt.
  Matched 3 expression(s) to actual cardinalities.
  [MATCH WARN] Unresolved physical joins: 7
    [INFO] Small stable-plan drift (keeping existing JSON value):
      Expression: LOGICAL_JOIN: RelSets: [0, 1] RelBindings: [0:store_sales | 1:date_dim] NumRels: [0, 1] CtxInputCards: [0:28800991 | 1:28] CtxParentSplit: [[0] | [1]] CtxEdgeSig: [jt=3,res=0,li=0:1,ri=1:0,fi=3] Filters: [(ss_sold_date_sk = d_date_sk)] CtxOcc: 1
      Existing: 270723, New: 270712, Delta: 11 (0.004063%)
    [VERIFY] Running verification for iteration 2...
    [VERIFY] Check 1 PASSED: 3 injected log values match the pre-update JSON.
    [VERIFY] Check 2 PASSED: All 3 JSON keys found in the cardinality log.
    [VERIFY] Check 3 PASSED: All 3 previously-known joins (non-CTE) were INJECTED.
    [VERIFY] Check 4 PASSED: All injected cardinalities match actual plan cardinalities.
    [VERIFY] Check 4 INFO: tolerated 1 small stable-plan drift(s) (treated as measurement noise).
    [VERIFY] Check 5 PASSED: 3 mappings; all expression strings unique.
    [VERIFY] Check 6 INFO: matched 3/10 joins-with-conditions (unmatched=7).
    [VERIFY] Check 7 PASSED: no ambiguous match candidates.
    [VERIFY] Check 8 PASSED: all 3 JSON keys were INJECTED (3 applied).
    [VERIFY] Check 9 PASSED: all 3 pre-update keys preserved in post-update JSON.
  Verification passed.
  Plan CONVERGED after 2 iterations.

============================================================
  Query 34
============================================================

  --- Iteration 1 ---
  Found 4 join(s) in physical plan.
  Found 13 log entries in cardinality_log.txt.
  Matched 2 expression(s) to actual cardinalities.
  [MATCH WARN] Unresolved physical joins: 2
    [NEW] LOGICAL_JOIN: RelSets: [0, 1] RelBindings: [0:store_sales, date_dim, store, household_demographics | 1:customer] NumRels: [0, 1] CtxInputCards: [0:83640 | 1:500000] CtxParentSplit: [[0] | [1]] CtxEdgeSig: [jt=3,res=0,li=0:1,ri=1:0,fi=0] Filters: [(ss_customer_sk = c_customer_sk)] CtxOcc: 1 -> 1560
    [NEW] LOGICAL_JOIN: RelSets: [0, 3] RelBindings: [0:store_sales | 3:household_demographics] NumRels: [0, 3] CtxInputCards: [0:28800991 | 3:288] CtxParentSplit: [[0] | [3]] CtxEdgeSig: [jt=3,res=0,li=0:2,ri=3:0,fi=0] Filters: [(ss_hdemo_sk = hd_demo_sk)] CtxOcc: 1 -> 3325819

  --- Iteration 2 ---
  Found 4 join(s) in physical plan.
  Found 13 log entries in cardinality_log.txt.
  Matched 2 expression(s) to actual cardinalities.
  [MATCH WARN] Unresolved physical joins: 2
    [ALARM] Cardinality mismatch for expression!
      Expression: LOGICAL_JOIN: RelSets: [0, 3] RelBindings: [0:store_sales | 3:household_demographics] NumRels: [0, 3] CtxInputCards: [0:28800991 | 3:288] CtxParentSplit: [[0] | [3]] CtxEdgeSig: [jt=3,res=0,li=0:2,ri=3:0,fi=0] Filters: [(ss_hdemo_sk = hd_demo_sk)] CtxOcc: 1
      Existing: 3325819, New: 3427899
    [VERIFY] Running verification for iteration 2...
    [VERIFY] Check 1 PASSED: 2 injected log values match the pre-update JSON.
    [VERIFY] Check 2 PASSED: All 2 JSON keys found in the cardinality log.
    [VERIFY] Check 3 PASSED: All 2 previously-known joins (non-CTE) were INJECTED.
    [VERIFY] Check 4 INFO: 1 injected != actual (plan may have changed):
      LOGICAL_JOIN: RelSets: [0, 3] RelBindings: [0:store_sales | 3:household_demographics] NumRels: [0, 3] CtxInputCards: [0:28800991 | 3:288] CtxParentSplit: [[0] | [3]] CtxEdgeSig: [jt=3,res=0,li=0:2,ri=3:0,fi=0] Filters: [(ss_hdemo_sk = hd_demo_sk)] CtxOcc: 1
        Injected: 3325819, Actual: 3427899
    [VERIFY] Check 5 PASSED: 2 mappings; all expression strings unique.
    [VERIFY] Check 6 INFO: matched 2/4 joins-with-conditions (unmatched=2).
    [VERIFY] Check 7 PASSED: no ambiguous match candidates.
    [VERIFY] Check 8 PASSED: all 2 JSON keys were INJECTED (2 applied).
    [VERIFY] Check 9 PASSED: all 2 pre-update keys preserved in post-update JSON.
  Verification passed.

  --- Iteration 3 ---
  Found 4 join(s) in physical plan.
  Found 13 log entries in cardinality_log.txt.
  Matched 2 expression(s) to actual cardinalities.
  [MATCH WARN] Unresolved physical joins: 2
    [ALARM-CONTEXT-COLLISION] same key changed cardinality on STABLE plan: prev=3427899, curr=3298244 (delta=129655, 3.78%) -- LOGICAL_JOIN: RelSets: [0, 3] RelBindings: [0:store_sales | 3:household_demographics] NumRels: [0, 3] CtxInputCards: [0:28800991 | 3:288] CtxParentSplit: [[0] | [3]] CtxEdgeSig: [jt=3,res=0,li=0:2,ri=3:0,fi=0] Filters: [(ss_hdemo_sk = hd_demo_sk)] CtxOcc: 1
    [QUARANTINE-DELETE] Removed 1 unsafe key(s) from actual_cardinality.json.
    [SKIP-UNSAFE] Skipping 1 match(es) due to ambiguity/context collision quarantine.
    [VERIFY] Running verification for iteration 3...
    [VERIFY] Check 1 PASSED: 2 injected log values match the pre-update JSON.
    [VERIFY] Check 2 PASSED: All 2 JSON keys found in the cardinality log.
    [VERIFY] Check 3 PASSED: All 2 previously-known joins (non-CTE) were INJECTED.
    [VERIFY] Check 4 INFO: 1 injected != actual (plan may have changed):
      LOGICAL_JOIN: RelSets: [0, 3] RelBindings: [0:store_sales | 3:household_demographics] NumRels: [0, 3] CtxInputCards: [0:28800991 | 3:288] CtxParentSplit: [[0] | [3]] CtxEdgeSig: [jt=3,res=0,li=0:2,ri=3:0,fi=0] Filters: [(ss_hdemo_sk = hd_demo_sk)] CtxOcc: 1
        Injected: 3427899, Actual: 3298244
    [VERIFY] Check 5 PASSED: 2 mappings; all expression strings unique.
    [VERIFY] Check 6 INFO: matched 2/4 joins-with-conditions (unmatched=2).
    [VERIFY] Check 7 PASSED: no ambiguous match candidates.
    [VERIFY] Check 8 PASSED: all 2 JSON keys were INJECTED (2 applied).
    [VERIFY] Check 9 WARN: 1 key(s) LOST from JSON (regression — quarantine may have removed them):
      LOST: LOGICAL_JOIN: RelSets: [0, 3] RelBindings: [0:store_sales | 3:household_demographics] NumRels: [0, 3] CtxInputCards: [0:28800991 | 3:288] CtxParentSplit: [[0] |...
  Verification passed.
  Plan CONVERGED after 3 iterations.

============================================================
  Query 35
============================================================

  --- Iteration 1 ---
  Found 14 join(s) in physical plan.
  Found 16 log entries in cardinality_log.txt.
  Matched 4 expression(s) to actual cardinalities.
  [MATCH WARN] Unresolved physical joins: 4
    [NEW] LOGICAL_JOIN: RelSets: [0, 1] RelBindings: [0:customer | 1:customer_address] NumRels: [0, 1] CtxInputCards: [0:500000 | 1:250000] CtxParentSplit: [[0] | [1]] CtxEdgeSig: [jt=3,res=0,li=0:0,ri=1:0,fi=1] Filters: [(c_current_addr_sk = ca_address_sk)] CtxOcc: 1 -> 500000
    [NEW] LOGICAL_JOIN: RelSets: [0, 1] RelBindings: [0:store_sales | 1:date_dim] NumRels: [0, 1] CtxInputCards: [0:28800991 | 1:364] CtxParentSplit: [[0] | [1]] CtxEdgeSig: [jt=3,res=0,li=0:1,ri=1:0,fi=1] Filters: [(ss_sold_date_sk = d_date_sk)] CtxOcc: 1 -> 3097016
    [NEW] LOGICAL_JOIN: RelSets: [0, 1] RelBindings: [0:web_sales | 1:date_dim] NumRels: [0, 1] CtxInputCards: [0:7197566 | 1:364] CtxParentSplit: [[0] | [1]] CtxEdgeSig: [jt=3,res=0,li=0:1,ri=1:0,fi=1] Filters: [(ws_sold_date_sk = d_date_sk)] CtxOcc: 1 -> 804593
    [NEW] LOGICAL_JOIN: RelSets: [0, 1] RelBindings: [0:catalog_sales | 1:date_dim] NumRels: [0, 1] CtxInputCards: [0:14401261 | 1:364] CtxParentSplit: [[0] | [1]] CtxEdgeSig: [jt=3,res=0,li=0:1,ri=1:0,fi=1] Filters: [(cs_sold_date_sk = d_date_sk)] CtxOcc: 1 -> 1591024

  --- Iteration 2 ---
  Found 14 join(s) in physical plan.
  Found 16 log entries in cardinality_log.txt.
  Matched 4 expression(s) to actual cardinalities.
  [MATCH WARN] Unresolved physical joins: 4
    [VERIFY] Running verification for iteration 2...
    [VERIFY] Check 1 PASSED: 4 injected log values match the pre-update JSON.
    [VERIFY] Check 2 PASSED: All 4 JSON keys found in the cardinality log.
    [VERIFY] Check 3 PASSED: All 4 previously-known joins (non-CTE) were INJECTED.
    [VERIFY] Check 4 PASSED: All injected cardinalities match actual plan cardinalities.
    [VERIFY] Check 5 PASSED: 4 mappings; all expression strings unique.
    [VERIFY] Check 6 INFO: matched 4/14 joins-with-conditions (unmatched=10).
    [VERIFY] Check 7 PASSED: no ambiguous match candidates.
    [VERIFY] Check 8 PASSED: all 4 JSON keys were INJECTED (4 applied).
    [VERIFY] Check 9 PASSED: all 4 pre-update keys preserved in post-update JSON.
  Verification passed.
  Plan CONVERGED after 2 iterations.

============================================================
  Query 36
============================================================

  --- Iteration 1 ---
  Found 3 join(s) in physical plan.
  Found 12 log entries in cardinality_log.txt.
  Matched 1 expression(s) to actual cardinalities.
  [MATCH WARN] Unresolved physical joins: 2
    [NEW] LOGICAL_JOIN: RelSets: [0, 1] RelBindings: [0:store_sales | 1:date_dim] NumRels: [0, 1] CtxInputCards: [0:28800991 | 1:364] CtxParentSplit: [[0] | [1]] CtxEdgeSig: [jt=3,res=0,li=0:0,ri=1:1,fi=2] Filters: [(ss_sold_date_sk = d_date_sk)] CtxOcc: 1 -> 5463221

  --- Iteration 2 ---
  Found 3 join(s) in physical plan.
  Found 12 log entries in cardinality_log.txt.
  Matched 1 expression(s) to actual cardinalities.
  [MATCH WARN] Unresolved physical joins: 2
    [VERIFY] Running verification for iteration 2...
    [VERIFY] Check 1 PASSED: 1 injected log values match the pre-update JSON.
    [VERIFY] Check 2 PASSED: All 1 JSON keys found in the cardinality log.
    [VERIFY] Check 3 PASSED: All 1 previously-known joins (non-CTE) were INJECTED.
    [VERIFY] Check 4 PASSED: All injected cardinalities match actual plan cardinalities.
    [VERIFY] Check 5 PASSED: 1 mappings; all expression strings unique.
    [VERIFY] Check 6 INFO: matched 1/3 joins-with-conditions (unmatched=2).
    [VERIFY] Check 7 PASSED: no ambiguous match candidates.
    [VERIFY] Check 8 PASSED: all 1 JSON keys were INJECTED (1 applied).
    [VERIFY] Check 9 PASSED: all 1 pre-update keys preserved in post-update JSON.
  Verification passed.
  Plan CONVERGED after 2 iterations.

============================================================
  Query 37
============================================================

  --- Iteration 1 ---
  Found 3 join(s) in physical plan.
  Found 15 log entries in cardinality_log.txt.
  Matched 1 expression(s) to actual cardinalities.
  [MATCH WARN] Unresolved physical joins: 2
    [NEW] LOGICAL_JOIN: RelSets: [0, 1] RelBindings: [0:item | 1:inventory] NumRels: [0, 1] CtxInputCards: [0:4080 | 1:26622000] CtxParentSplit: [[0] | [1]] CtxEdgeSig: [jt=3,res=0,li=0:1,ri=1:0,fi=3] Filters: [(i_item_sk = inv_item_sk)] CtxOcc: 1 -> 74

  --- Iteration 2 ---
  Found 3 join(s) in physical plan.
  Found 15 log entries in cardinality_log.txt.
  Matched 1 expression(s) to actual cardinalities.
  [MATCH WARN] Unresolved physical joins: 2
    [VERIFY] Running verification for iteration 2...
    [VERIFY] Check 1 PASSED: 1 injected log values match the pre-update JSON.
    [VERIFY] Check 2 PASSED: All 1 JSON keys found in the cardinality log.
    [VERIFY] Check 3 PASSED: All 1 previously-known joins (non-CTE) were INJECTED.
    [VERIFY] Check 4 PASSED: All injected cardinalities match actual plan cardinalities.
    [VERIFY] Check 5 PASSED: 1 mappings; all expression strings unique.
    [VERIFY] Check 6 INFO: matched 1/3 joins-with-conditions (unmatched=2).
    [VERIFY] Check 7 PASSED: no ambiguous match candidates.
    [VERIFY] Check 8 PASSED: all 1 JSON keys were INJECTED (1 applied).
    [VERIFY] Check 9 PASSED: all 1 pre-update keys preserved in post-update JSON.
  Verification passed.
  Plan CONVERGED after 2 iterations.

============================================================
  Query 38
============================================================

  --- Iteration 1 ---
  Found 8 join(s) in physical plan.
  Found 12 log entries in cardinality_log.txt.
  Matched 3 expression(s) to actual cardinalities.
  [MATCH WARN] Unresolved physical joins: 3
    [NEW] LOGICAL_JOIN: RelSets: [0, 1] RelBindings: [0:store_sales | 1:date_dim] NumRels: [0, 1] CtxInputCards: [0:28800991 | 1:366] CtxParentSplit: [[0] | [1]] CtxEdgeSig: [jt=3,res=0,li=0:0,ri=1:0,fi=1] Filters: [(ss_sold_date_sk = d_date_sk)] CtxOcc: 1 -> 5517172
    [NEW] LOGICAL_JOIN: RelSets: [0, 1] RelBindings: [0:catalog_sales | 1:date_dim] NumRels: [0, 1] CtxInputCards: [0:14401261 | 1:366] CtxParentSplit: [[0] | [1]] CtxEdgeSig: [jt=3,res=0,li=0:0,ri=1:0,fi=1] Filters: [(cs_sold_date_sk = d_date_sk)] CtxOcc: 1 -> 2866181
    [NEW] LOGICAL_JOIN: RelSets: [0, 1] RelBindings: [0:web_sales | 1:date_dim] NumRels: [0, 1] CtxInputCards: [0:7197566 | 1:366] CtxParentSplit: [[0] | [1]] CtxEdgeSig: [jt=3,res=0,li=0:0,ri=1:0,fi=1] Filters: [(ws_sold_date_sk = d_date_sk)] CtxOcc: 1 -> 1446535

  --- Iteration 2 ---
  Found 8 join(s) in physical plan.
  Found 12 log entries in cardinality_log.txt.
  Matched 3 expression(s) to actual cardinalities.
  [MATCH WARN] Unresolved physical joins: 3
    [INFO] Small stable-plan drift (keeping existing JSON value):
      Expression: LOGICAL_JOIN: RelSets: [0, 1] RelBindings: [0:store_sales | 1:date_dim] NumRels: [0, 1] CtxInputCards: [0:28800991 | 1:366] CtxParentSplit: [[0] | [1]] CtxEdgeSig: [jt=3,res=0,li=0:0,ri=1:0,fi=1] Filters: [(ss_sold_date_sk = d_date_sk)] CtxOcc: 1
      Existing: 5517172, New: 5517178, Delta: 6 (0.000109%)
    [VERIFY] Running verification for iteration 2...
    [VERIFY] Check 1 PASSED: 3 injected log values match the pre-update JSON.
    [VERIFY] Check 2 PASSED: All 3 JSON keys found in the cardinality log.
    [VERIFY] Check 3 PASSED: All 3 previously-known joins (non-CTE) were INJECTED.
    [VERIFY] Check 4 PASSED: All injected cardinalities match actual plan cardinalities.
    [VERIFY] Check 4 INFO: tolerated 1 small stable-plan drift(s) (treated as measurement noise).
    [VERIFY] Check 5 PASSED: 3 mappings; all expression strings unique.
    [VERIFY] Check 6 INFO: matched 3/8 joins-with-conditions (unmatched=5).
    [VERIFY] Check 7 PASSED: no ambiguous match candidates.
    [VERIFY] Check 8 PASSED: all 3 JSON keys were INJECTED (3 applied).
    [VERIFY] Check 9 PASSED: all 3 pre-update keys preserved in post-update JSON.
  Verification passed.
  Plan CONVERGED after 2 iterations.

============================================================
  Query 39
============================================================

  --- Iteration 1 ---
  Found 4 join(s) in physical plan.
  Found 13 log entries in cardinality_log.txt.
  Matched 1 expression(s) to actual cardinalities.
  [MATCH WARN] Unresolved physical joins: 2
    [NEW] LOGICAL_JOIN: RelSets: [0, 3] RelBindings: [0:inventory | 3:date_dim] NumRels: [0, 3] CtxInputCards: [0:133110000 | 3:72] CtxParentSplit: [[0] | [3]] CtxEdgeSig: [jt=3,res=0,li=0:2,ri=3:0,fi=0] Filters: [(inv_date_sk = d_date_sk)] CtxOcc: 1 -> 4080000

  --- Iteration 2 ---
  Found 4 join(s) in physical plan.
  Found 13 log entries in cardinality_log.txt.
  Matched 1 expression(s) to actual cardinalities.
  [MATCH WARN] Unresolved physical joins: 2
    [VERIFY] Running verification for iteration 2...
    [VERIFY] Check 1 PASSED: 1 injected log values match the pre-update JSON.
    [VERIFY] Check 2 PASSED: All 1 JSON keys found in the cardinality log.
    [VERIFY] Check 3 PASSED: All 1 previously-known joins (non-CTE) were INJECTED.
    [VERIFY] Check 4 PASSED: All injected cardinalities match actual plan cardinalities.
    [VERIFY] Check 5 PASSED: 1 mappings; all expression strings unique.
    [VERIFY] Check 6 INFO: matched 1/4 joins-with-conditions (unmatched=3).
    [VERIFY] Check 7 PASSED: no ambiguous match candidates.
    [VERIFY] Check 8 PASSED: all 1 JSON keys were INJECTED (1 applied).
    [VERIFY] Check 9 PASSED: all 1 pre-update keys preserved in post-update JSON.
  Verification passed.
  Plan CONVERGED after 2 iterations.

============================================================
  Query 40
============================================================

  --- Iteration 1 ---
  Found 4 join(s) in physical plan.
  Found 12 log entries in cardinality_log.txt.
  Matched 1 expression(s) to actual cardinalities.
  [MATCH WARN] Unresolved physical joins: 3
    [NEW] LOGICAL_JOIN: RelSets: [0, 3] RelBindings: [0:catalog_sales, catalog_returns | 3:date_dim] NumRels: [0, 3] CtxInputCards: [0:14401261 | 3:61] CtxParentSplit: [[0] | [3]] CtxEdgeSig: [jt=3,res=0,li=0:3,ri=3:0,fi=0] Filters: [(cs_sold_date_sk = d_date_sk)] CtxOcc: 1 -> 275546

  --- Iteration 2 ---
  Found 4 join(s) in physical plan.
  Found 12 log entries in cardinality_log.txt.
  Matched 1 expression(s) to actual cardinalities.
  [MATCH WARN] Unresolved physical joins: 3
    [VERIFY] Running verification for iteration 2...
    [VERIFY] Check 1 PASSED: 1 injected log values match the pre-update JSON.
    [VERIFY] Check 2 PASSED: All 1 JSON keys found in the cardinality log.
    [VERIFY] Check 3 PASSED: All 1 previously-known joins (non-CTE) were INJECTED.
    [VERIFY] Check 4 PASSED: All injected cardinalities match actual plan cardinalities.
    [VERIFY] Check 5 PASSED: 1 mappings; all expression strings unique.
    [VERIFY] Check 6 INFO: matched 1/4 joins-with-conditions (unmatched=3).
    [VERIFY] Check 7 PASSED: no ambiguous match candidates.
    [VERIFY] Check 8 PASSED: all 1 JSON keys were INJECTED (1 applied).
    [VERIFY] Check 9 PASSED: all 1 pre-update keys preserved in post-update JSON.
  Verification passed.
  Plan CONVERGED after 2 iterations.

============================================================
  Query 41
============================================================

  --- Iteration 1 ---
  Found 4 join(s) in physical plan.
  Found 1 log entries in cardinality_log.txt.
  Matched 0 expression(s) to actual cardinalities.
  [MATCH WARN] Unresolved physical joins: 1

  --- Iteration 2 ---
  Found 4 join(s) in physical plan.
  Found 1 log entries in cardinality_log.txt.
  Matched 0 expression(s) to actual cardinalities.
  [MATCH WARN] Unresolved physical joins: 1
    [VERIFY] Running verification for iteration 2...
    [VERIFY] Check 1 PASSED: 0 injected log values match the pre-update JSON.
    [VERIFY] Check 2 PASSED: All 0 JSON keys found in the cardinality log.
    [VERIFY] Check 3 PASSED: All 0 previously-known joins (non-CTE) were INJECTED.
    [VERIFY] Check 4 PASSED: All injected cardinalities match actual plan cardinalities.
    [VERIFY] Check 5 PASSED: 0 mappings; all expression strings unique.
    [VERIFY] Check 6 INFO: matched 0/4 joins-with-conditions (unmatched=4).
    [VERIFY] Check 7 PASSED: no ambiguous match candidates.
    [VERIFY] Check 8 PASSED: all 0 JSON keys were INJECTED (0 applied).
    [VERIFY] Check 9 PASSED: all 0 pre-update keys preserved in post-update JSON.
  Verification passed.
  Plan CONVERGED after 2 iterations.

============================================================
  Query 42
============================================================

  --- Iteration 1 ---
  Found 2 join(s) in physical plan.
  Found 4 log entries in cardinality_log.txt.
  Matched 1 expression(s) to actual cardinalities.
  [MATCH WARN] Unresolved physical joins: 1
    [NEW] LOGICAL_JOIN: RelSets: [1, 2] RelBindings: [1:store_sales | 2:item] NumRels: [1, 2] CtxInputCards: [1:28800991 | 2:1020] CtxParentSplit: [[1] | [2]] CtxEdgeSig: [jt=3,res=0,li=1:1,ri=2:0,fi=0] Filters: [(ss_item_sk = i_item_sk)] CtxOcc: 1 -> 16058

  --- Iteration 2 ---
  Found 2 join(s) in physical plan.
  Found 4 log entries in cardinality_log.txt.
  Matched 1 expression(s) to actual cardinalities.
  [MATCH WARN] Unresolved physical joins: 1
    [VERIFY] Running verification for iteration 2...
    [VERIFY] Check 1 PASSED: 1 injected log values match the pre-update JSON.
    [VERIFY] Check 2 PASSED: All 1 JSON keys found in the cardinality log.
    [VERIFY] Check 3 PASSED: All 1 previously-known joins (non-CTE) were INJECTED.
    [VERIFY] Check 4 PASSED: All injected cardinalities match actual plan cardinalities.
    [VERIFY] Check 5 PASSED: 1 mappings; all expression strings unique.
    [VERIFY] Check 6 INFO: matched 1/2 joins-with-conditions (unmatched=1).
    [VERIFY] Check 7 PASSED: no ambiguous match candidates.
    [VERIFY] Check 8 PASSED: all 1 JSON keys were INJECTED (1 applied).
    [VERIFY] Check 9 PASSED: all 1 pre-update keys preserved in post-update JSON.
  Verification passed.
  Plan CONVERGED after 2 iterations.

============================================================
  Query 43
============================================================

  --- Iteration 1 ---
  Found 2 join(s) in physical plan.
  Found 4 log entries in cardinality_log.txt.
  Matched 1 expression(s) to actual cardinalities.
  [MATCH WARN] Unresolved physical joins: 1
    [NEW] LOGICAL_JOIN: RelSets: [0, 1] RelBindings: [0:date_dim | 1:store_sales] NumRels: [0, 1] CtxInputCards: [0:364 | 1:28800991] CtxParentSplit: [[0] | [1]] CtxEdgeSig: [jt=3,res=0,li=0:0,ri=1:0,fi=1] Filters: [(d_date_sk = ss_sold_date_sk)] CtxOcc: 1 -> 5512077

  --- Iteration 2 ---
  Found 2 join(s) in physical plan.
  Found 4 log entries in cardinality_log.txt.
  Matched 1 expression(s) to actual cardinalities.
  [MATCH WARN] Unresolved physical joins: 1
    [VERIFY] Running verification for iteration 2...
    [VERIFY] Check 1 PASSED: 1 injected log values match the pre-update JSON.
    [VERIFY] Check 2 PASSED: All 1 JSON keys found in the cardinality log.
    [VERIFY] Check 3 PASSED: All 1 previously-known joins (non-CTE) were INJECTED.
    [VERIFY] Check 4 PASSED: All injected cardinalities match actual plan cardinalities.
    [VERIFY] Check 5 PASSED: 1 mappings; all expression strings unique.
    [VERIFY] Check 6 INFO: matched 1/2 joins-with-conditions (unmatched=1).
    [VERIFY] Check 7 PASSED: no ambiguous match candidates.
    [VERIFY] Check 8 PASSED: all 1 JSON keys were INJECTED (1 applied).
    [VERIFY] Check 9 PASSED: all 1 pre-update keys preserved in post-update JSON.
  Verification passed.
  Plan CONVERGED after 2 iterations.

============================================================
  Query 44
============================================================

  --- Iteration 1 ---
  Found 5 join(s) in physical plan.
  Found 12 log entries in cardinality_log.txt.
  Matched 4 expression(s) to actual cardinalities.
    [INFO-AMBIGUOUS-RESOLVED] stage0 unique key (candidates=9): LOGICAL_JOIN: RelSets: [0, 2] RelBindings: [0:store_sales, store_sales | 2:item] NumRels: [0, 2] CtxInputCards: [0:192 | 2:102000] CtxParentSplit: [[0] | [2]] CtxEdgeSig: [jt=3,res=0,li=0:0,ri=2:0,fi=1] Filters: [(item_sk = i_item_sk)] CtxOcc: 1
    [INFO-AMBIGUOUS-RESOLVED] stage0 unique key (candidates=2): LOGICAL_JOIN: RelSets: [0, 1] RelBindings: [0:store_sales | 1:store_sales] NumRels: [0, 1] CtxInputCards: [0:961 | 1:1] CtxParentSplit: [[0] | [1]] CtxEdgeSig: [jt=3,res=0,li=0:0,ri=1:0,fi=0] Filters: [(avg(ss_net_profit) > (0.9 * SUBQUERY))] CtxOcc: 1
    [INFO-AMBIGUOUS-RESOLVED] stage0 unique key (candidates=8): LOGICAL_JOIN: RelSets: [1, 3] RelBindings: [1:store_sales, store_sales | 3:item] NumRels: [1, 3] CtxInputCards: [1:192 | 3:102000] CtxParentSplit: [[1] | [3]] CtxEdgeSig: [jt=3,res=0,li=1:0,ri=3:0,fi=0] Filters: [(item_sk = i_item_sk)] CtxOcc: 1
    [NEW] LOGICAL_JOIN: RelSets: [0, 2] RelBindings: [0:store_sales, store_sales | 2:item] NumRels: [0, 2] CtxInputCards: [0:192 | 2:102000] CtxParentSplit: [[0] | [2]] CtxEdgeSig: [jt=3,res=0,li=0:0,ri=2:0,fi=1] Filters: [(item_sk = i_item_sk)] CtxOcc: 1 -> 10
    [NEW] LOGICAL_JOIN: RelSets: [0, 1] RelBindings: [0:store_sales | 1:store_sales] NumRels: [0, 1] CtxInputCards: [0:961 | 1:1] CtxParentSplit: [[0] | [1]] CtxEdgeSig: [jt=3,res=0,li=0:0,ri=1:0,fi=0] Filters: [(avg(ss_net_profit) > (0.9 * SUBQUERY))] CtxOcc: 1 -> 50055
    [NEW] LOGICAL_JOIN: RelSets: [1, 3] RelBindings: [1:store_sales, store_sales | 3:item] NumRels: [1, 3] CtxInputCards: [1:192 | 3:102000] CtxParentSplit: [[1] | [3]] CtxEdgeSig: [jt=3,res=0,li=1:0,ri=3:0,fi=0] Filters: [(item_sk = i_item_sk)] CtxOcc: 1 -> 10
    [NEW] LOGICAL_JOIN: RelSets: [0, 1] RelBindings: [0:store_sales | 1:store_sales] NumRels: [0, 1] CtxInputCards: [0:961 | 1:1] CtxParentSplit: [[0] | [1]] CtxEdgeSig: [jt=3,res=0,li=0:0,ri=1:0,fi=0] Filters: [(avg(ss_net_profit) > (0.9 * SUBQUERY))] CtxOcc: 2 -> 50055

  --- Iteration 2 ---
  Found 5 join(s) in physical plan.
  Found 12 log entries in cardinality_log.txt.
  Matched 4 expression(s) to actual cardinalities.
    [INFO-AMBIGUOUS-RESOLVED] stage0 unique key (candidates=9): LOGICAL_JOIN: RelSets: [0, 2] RelBindings: [0:store_sales, store_sales | 2:item] NumRels: [0, 2] CtxInputCards: [0:10011 | 2:102000] CtxParentSplit: [[0] | [2]] CtxEdgeSig: [jt=3,res=0,li=0:0,ri=2:0,fi=1] Filters: [(item_sk = i_item_sk)] CtxOcc: 1
    [INFO-AMBIGUOUS-RESOLVED] stage0 unique key (candidates=2): LOGICAL_JOIN: RelSets: [0, 1] RelBindings: [0:store_sales | 1:store_sales] NumRels: [0, 1] CtxInputCards: [0:961 | 1:1] CtxParentSplit: [[0] | [1]] CtxEdgeSig: [jt=3,res=0,li=0:0,ri=1:0,fi=0] Filters: [(avg(ss_net_profit) > (0.9 * SUBQUERY))] CtxOcc: 1
    [INFO-AMBIGUOUS-RESOLVED] stage0 unique key (candidates=8): LOGICAL_JOIN: RelSets: [1, 3] RelBindings: [1:store_sales, store_sales | 3:item] NumRels: [1, 3] CtxInputCards: [1:10011 | 3:102000] CtxParentSplit: [[1] | [3]] CtxEdgeSig: [jt=3,res=0,li=1:0,ri=3:0,fi=0] Filters: [(item_sk = i_item_sk)] CtxOcc: 1
    [NEW] LOGICAL_JOIN: RelSets: [0, 2] RelBindings: [0:store_sales, store_sales | 2:item] NumRels: [0, 2] CtxInputCards: [0:10011 | 2:102000] CtxParentSplit: [[0] | [2]] CtxEdgeSig: [jt=3,res=0,li=0:0,ri=2:0,fi=1] Filters: [(item_sk = i_item_sk)] CtxOcc: 1 -> 10
    [NEW] LOGICAL_JOIN: RelSets: [1, 3] RelBindings: [1:store_sales, store_sales | 3:item] NumRels: [1, 3] CtxInputCards: [1:10011 | 3:102000] CtxParentSplit: [[1] | [3]] CtxEdgeSig: [jt=3,res=0,li=1:0,ri=3:0,fi=0] Filters: [(item_sk = i_item_sk)] CtxOcc: 1 -> 10
    [VERIFY] Running verification for iteration 2...
    [VERIFY] Check 1 PASSED: 2 injected log values match the pre-update JSON.
    [VERIFY] Check 2 WARN: JSON key not in log: LOGICAL_JOIN: RelSets: [0, 2] RelBindings: [0:store_sales, store_sales | 2:item] NumRels: [0, 2] CtxInputCards: [0:192 | 2:102000] CtxParentSplit: [[0] | [2]] CtxEdgeSig: [jt=3,res=0,li=0:0,ri=2:0,fi=1] Filters: [(item_sk = i_item_sk)] CtxOcc: 1
    [VERIFY] Check 2 WARN: JSON key not in log: LOGICAL_JOIN: RelSets: [1, 3] RelBindings: [1:store_sales, store_sales | 3:item] NumRels: [1, 3] CtxInputCards: [1:192 | 3:102000] CtxParentSplit: [[1] | [3]] CtxEdgeSig: [jt=3,res=0,li=1:0,ri=3:0,fi=0] Filters: [(item_sk = i_item_sk)] CtxOcc: 1
    [VERIFY] Check 3 INFO: 2 new join(s) from plan change (not previously injected, OK).
    [VERIFY] Check 3 PASSED: All 2 previously-known joins (non-CTE) were INJECTED.
    [VERIFY] Check 4 PASSED: All injected cardinalities match actual plan cardinalities.
    [VERIFY] Check 5 PASSED: 4 mappings; all expression strings unique.
    [VERIFY] Check 6 INFO: matched 4/5 joins-with-conditions (unmatched=1).
    [VERIFY] Check 7 INFO: 3 ambiguous match(es); stage0=3, non_stage0=0.
    [VERIFY] Check 8 INFO: 2 JSON key(s) not visited by optimizer (plan shape changed, key's subplan not reached).
    [VERIFY] Check 9 PASSED: all 4 pre-update keys preserved in post-update JSON.
  Verification passed.

  --- Iteration 3 ---
  Found 5 join(s) in physical plan.
  Found 12 log entries in cardinality_log.txt.
  Matched 4 expression(s) to actual cardinalities.
    [INFO-AMBIGUOUS-RESOLVED] stage0 unique key (candidates=9): LOGICAL_JOIN: RelSets: [0, 2] RelBindings: [0:store_sales, store_sales | 2:item] NumRels: [0, 2] CtxInputCards: [0:10011 | 2:102000] CtxParentSplit: [[0] | [2]] CtxEdgeSig: [jt=3,res=0,li=0:0,ri=2:0,fi=1] Filters: [(item_sk = i_item_sk)] CtxOcc: 1
    [INFO-AMBIGUOUS-RESOLVED] stage0 unique key (candidates=2): LOGICAL_JOIN: RelSets: [0, 1] RelBindings: [0:store_sales | 1:store_sales] NumRels: [0, 1] CtxInputCards: [0:961 | 1:1] CtxParentSplit: [[0] | [1]] CtxEdgeSig: [jt=3,res=0,li=0:0,ri=1:0,fi=0] Filters: [(avg(ss_net_profit) > (0.9 * SUBQUERY))] CtxOcc: 1
    [INFO-AMBIGUOUS-RESOLVED] stage0 unique key (candidates=8): LOGICAL_JOIN: RelSets: [1, 3] RelBindings: [1:store_sales, store_sales | 3:item] NumRels: [1, 3] CtxInputCards: [1:10011 | 3:102000] CtxParentSplit: [[1] | [3]] CtxEdgeSig: [jt=3,res=0,li=1:0,ri=3:0,fi=0] Filters: [(item_sk = i_item_sk)] CtxOcc: 1
    [VERIFY] Running verification for iteration 3...
    [VERIFY] Check 1 PASSED: 4 injected log values match the pre-update JSON.
    [VERIFY] Check 2 WARN: JSON key not in log: LOGICAL_JOIN: RelSets: [0, 2] RelBindings: [0:store_sales, store_sales | 2:item] NumRels: [0, 2] CtxInputCards: [0:192 | 2:102000] CtxParentSplit: [[0] | [2]] CtxEdgeSig: [jt=3,res=0,li=0:0,ri=2:0,fi=1] Filters: [(item_sk = i_item_sk)] CtxOcc: 1
    [VERIFY] Check 2 WARN: JSON key not in log: LOGICAL_JOIN: RelSets: [1, 3] RelBindings: [1:store_sales, store_sales | 3:item] NumRels: [1, 3] CtxInputCards: [1:192 | 3:102000] CtxParentSplit: [[1] | [3]] CtxEdgeSig: [jt=3,res=0,li=1:0,ri=3:0,fi=0] Filters: [(item_sk = i_item_sk)] CtxOcc: 1
    [VERIFY] Check 3 PASSED: All 4 previously-known joins (non-CTE) were INJECTED.
    [VERIFY] Check 4 PASSED: All injected cardinalities match actual plan cardinalities.
    [VERIFY] Check 5 PASSED: 4 mappings; all expression strings unique.
    [VERIFY] Check 6 INFO: matched 4/5 joins-with-conditions (unmatched=1).
    [VERIFY] Check 7 INFO: 3 ambiguous match(es); stage0=3, non_stage0=0.
    [VERIFY] Check 8 INFO: 2 JSON key(s) not visited by optimizer (plan shape changed, key's subplan not reached).
    [VERIFY] Check 9 PASSED: all 6 pre-update keys preserved in post-update JSON.
  Verification passed.
  Plan CONVERGED after 3 iterations.

============================================================
  Query 45
============================================================

  --- Iteration 1 ---
  Found 7 join(s) in physical plan.
  Found 25 log entries in cardinality_log.txt.
  Matched 1 expression(s) to actual cardinalities.
  [MATCH WARN] Unresolved physical joins: 6
    [NEW] LOGICAL_JOIN: RelSets: [0, 3] RelBindings: [0:web_sales | 3:date_dim] NumRels: [0, 3] CtxInputCards: [0:7197566 | 3:91] CtxParentSplit: [[0] | [3]] CtxEdgeSig: [jt=3,res=0,li=0:2,ri=3:0,fi=1] Filters: [(ws_sold_date_sk = d_date_sk)] CtxOcc: 1 -> 211086

  --- Iteration 2 ---
  Found 7 join(s) in physical plan.
  Found 25 log entries in cardinality_log.txt.
  Matched 1 expression(s) to actual cardinalities.
  [MATCH WARN] Unresolved physical joins: 6
    [VERIFY] Running verification for iteration 2...
    [VERIFY] Check 1 PASSED: 1 injected log values match the pre-update JSON.
    [VERIFY] Check 2 PASSED: All 1 JSON keys found in the cardinality log.
    [VERIFY] Check 3 PASSED: All 1 previously-known joins (non-CTE) were INJECTED.
    [VERIFY] Check 4 PASSED: All injected cardinalities match actual plan cardinalities.
    [VERIFY] Check 5 PASSED: 1 mappings; all expression strings unique.
    [VERIFY] Check 6 INFO: matched 1/7 joins-with-conditions (unmatched=6).
    [VERIFY] Check 7 PASSED: no ambiguous match candidates.
    [VERIFY] Check 8 PASSED: all 1 JSON keys were INJECTED (1 applied).
    [VERIFY] Check 9 PASSED: all 1 pre-update keys preserved in post-update JSON.
  Verification passed.
  Plan CONVERGED after 2 iterations.

============================================================
  Query 46
============================================================

  --- Iteration 1 ---
  Found 6 join(s) in physical plan.
  Found 38 log entries in cardinality_log.txt.
  Matched 2 expression(s) to actual cardinalities.
  [MATCH WARN] Unresolved physical joins: 4
    [NEW] LOGICAL_JOIN: RelSets: [0, 1] RelBindings: [0:store_sales, date_dim, store, household_demographics, customer_address | 1:customer] NumRels: [0, 1] CtxInputCards: [0:143410 | 1:500000] CtxParentSplit: [[0] | [1]] CtxEdgeSig: [jt=3,res=0,li=0:1,ri=1:0,fi=2] Filters: [(ss_customer_sk = c_customer_sk)] CtxOcc: 1 -> 30588
    [NEW] LOGICAL_JOIN: RelSets: [0, 1] RelBindings: [0:store_sales | 1:date_dim] NumRels: [0, 1] CtxInputCards: [0:28800991 | 1:218] CtxParentSplit: [[0] | [1]] CtxEdgeSig: [jt=3,res=0,li=0:0,ri=1:0,fi=3] Filters: [(ss_sold_date_sk = d_date_sk)] CtxOcc: 1 -> 4766284

  --- Iteration 2 ---
  Found 6 join(s) in physical plan.
  Found 38 log entries in cardinality_log.txt.
  Matched 2 expression(s) to actual cardinalities.
  [MATCH WARN] Unresolved physical joins: 4
    [VERIFY] Running verification for iteration 2...
    [VERIFY] Check 1 PASSED: 2 injected log values match the pre-update JSON.
    [VERIFY] Check 2 PASSED: All 2 JSON keys found in the cardinality log.
    [VERIFY] Check 3 PASSED: All 2 previously-known joins (non-CTE) were INJECTED.
    [VERIFY] Check 4 PASSED: All injected cardinalities match actual plan cardinalities.
    [VERIFY] Check 5 PASSED: 2 mappings; all expression strings unique.
    [VERIFY] Check 6 INFO: matched 2/6 joins-with-conditions (unmatched=4).
    [VERIFY] Check 7 PASSED: no ambiguous match candidates.
    [VERIFY] Check 8 PASSED: all 2 JSON keys were INJECTED (2 applied).
    [VERIFY] Check 9 PASSED: all 2 pre-update keys preserved in post-update JSON.
  Verification passed.
  Plan CHANGED on iteration 2.
  No new cardinality entries. Expecting convergence next iteration.

  --- Iteration 3 ---
  Found 6 join(s) in physical plan.
  Found 38 log entries in cardinality_log.txt.
  Matched 2 expression(s) to actual cardinalities.
  [MATCH WARN] Unresolved physical joins: 4
    [VERIFY] Running verification for iteration 3...
    [VERIFY] Check 1 PASSED: 2 injected log values match the pre-update JSON.
    [VERIFY] Check 2 PASSED: All 2 JSON keys found in the cardinality log.
    [VERIFY] Check 3 PASSED: All 2 previously-known joins (non-CTE) were INJECTED.
    [VERIFY] Check 4 PASSED: All injected cardinalities match actual plan cardinalities.
    [VERIFY] Check 5 PASSED: 2 mappings; all expression strings unique.
    [VERIFY] Check 6 INFO: matched 2/6 joins-with-conditions (unmatched=4).
    [VERIFY] Check 7 PASSED: no ambiguous match candidates.
    [VERIFY] Check 8 PASSED: all 2 JSON keys were INJECTED (2 applied).
    [VERIFY] Check 9 PASSED: all 2 pre-update keys preserved in post-update JSON.
  Verification passed.
  Plan CONVERGED after 3 iterations.

  [TIMING] Comparing vanilla vs feedback plan for Q46 (5 runs each)...
    Vanilla:  min=0.131s  mean=0.133s  runs=[0.13228012500258046, 0.13384429199868464, 0.13141750000067987, 0.13122754199866904, 0.13604387500163284]
    Feedback: min=0.134s  mean=0.136s  runs=[0.133736667001358, 0.135480416000064, 0.13481758300258662, 0.13563320799948997, 0.13936399999874993]
    Speedup (min): 0.98x (SLOWER ⚠)

============================================================
  Query 47
============================================================

  --- Iteration 1 ---
  Found 5 join(s) in physical plan.
  Found 18 log entries in cardinality_log.txt.
  Matched 2 expression(s) to actual cardinalities.
  [MATCH WARN] Unresolved physical joins: 3
    [NEW] LOGICAL_JOIN: RelSets: [1, 2] RelBindings: [1:store_sales | 2:date_dim] NumRels: [1, 2] CtxInputCards: [1:28800991 | 2:14609] CtxParentSplit: [[1] | [2]] CtxEdgeSig: [jt=3,res=0,li=1:1,ri=2:0,fi=1] Filters: [(ss_sold_date_sk = d_date_sk)] CtxOcc: 1 -> 6755156
    [NEW] LOGICAL_JOIN: RelSets: [1, 2] RelBindings: [1:item, store_sales, date_dim, store | 2:item, store_sales, date_dim, store] NumRels: [1, 2] CtxInputCards: [1:6238870 | 2:6238870] CtxParentSplit: [[1] | [2]] CtxEdgeSig: [jt=3,res=0,li=1:0,ri=2:0,fi=1 | jt=3,res=0,li=1:1,ri=2:1,fi=3 | jt=3,res=0,li=1:2,ri=2:2,fi=5 | jt=3,res=0,li=1:3,ri=2:3,fi=7 | jt=3,res=0,li=1:8,ri=2:8,fi=9] Filters: [((rn + 1) = (rn - 1)) AND (i_brand = i_brand) AND (i_category = i_category) AND (s_company_name = s_company_name) AND (s_store_name = s_store_name)] CtxOcc: 1 -> 102600

  --- Iteration 2 ---
  Found 5 join(s) in physical plan.
  Found 18 log entries in cardinality_log.txt.
  Matched 2 expression(s) to actual cardinalities.
  [MATCH WARN] Unresolved physical joins: 3
    [VERIFY] Running verification for iteration 2...
    [VERIFY] Check 1 PASSED: 2 injected log values match the pre-update JSON.
    [VERIFY] Check 2 PASSED: All 2 JSON keys found in the cardinality log.
    [VERIFY] Check 3 PASSED: All 2 previously-known joins (non-CTE) were INJECTED.
    [VERIFY] Check 4 PASSED: All injected cardinalities match actual plan cardinalities.
    [VERIFY] Check 5 PASSED: 2 mappings; all expression strings unique.
    [VERIFY] Check 6 INFO: matched 2/5 joins-with-conditions (unmatched=3).
    [VERIFY] Check 7 PASSED: no ambiguous match candidates.
    [VERIFY] Check 8 PASSED: all 2 JSON keys were INJECTED (2 applied).
    [VERIFY] Check 9 PASSED: all 2 pre-update keys preserved in post-update JSON.
  Verification passed.
  Plan CHANGED on iteration 2.
  No new cardinality entries. Expecting convergence next iteration.

  --- Iteration 3 ---
  Found 5 join(s) in physical plan.
  Found 18 log entries in cardinality_log.txt.
  Matched 2 expression(s) to actual cardinalities.
  [MATCH WARN] Unresolved physical joins: 3
    [VERIFY] Running verification for iteration 3...
    [VERIFY] Check 1 PASSED: 2 injected log values match the pre-update JSON.
    [VERIFY] Check 2 PASSED: All 2 JSON keys found in the cardinality log.
    [VERIFY] Check 3 PASSED: All 2 previously-known joins (non-CTE) were INJECTED.
    [VERIFY] Check 4 PASSED: All injected cardinalities match actual plan cardinalities.
    [VERIFY] Check 5 PASSED: 2 mappings; all expression strings unique.
    [VERIFY] Check 6 INFO: matched 2/5 joins-with-conditions (unmatched=3).
    [VERIFY] Check 7 PASSED: no ambiguous match candidates.
    [VERIFY] Check 8 PASSED: all 2 JSON keys were INJECTED (2 applied).
    [VERIFY] Check 9 PASSED: all 2 pre-update keys preserved in post-update JSON.
  Verification passed.
  Plan CONVERGED after 3 iterations.

  [TIMING] Comparing vanilla vs feedback plan for Q47 (5 runs each)...
    Vanilla:  min=0.291s  mean=0.301s  runs=[0.2993173750001006, 0.2909629589994438, 0.3056481249986973, 0.3047506250004517, 0.3036948329972802]
    Feedback: min=0.293s  mean=0.297s  runs=[0.2934421249992738, 0.29637629200078663, 0.2995691659998556, 0.29755720799948904, 0.3002310000010766]
    Speedup (min): 0.99x (SLOWER ⚠)

============================================================
  Query 48
============================================================

  --- Iteration 1 ---
  Found 4 join(s) in physical plan.
  Found 32 log entries in cardinality_log.txt.
  Matched 1 expression(s) to actual cardinalities.
  [MATCH WARN] Unresolved physical joins: 3
    [NEW] LOGICAL_JOIN: RelSets: [0, 4] RelBindings: [0:store_sales | 4:date_dim] NumRels: [0, 4] CtxInputCards: [0:28800991 | 4:364] CtxParentSplit: [[0] | [4]] CtxEdgeSig: [jt=3,res=0,li=0:1,ri=4:0,fi=0] Filters: [(ss_sold_date_sk = d_date_sk)] CtxOcc: 1 -> 5505102

  --- Iteration 2 ---
  Found 4 join(s) in physical plan.
  Found 32 log entries in cardinality_log.txt.
  Matched 1 expression(s) to actual cardinalities.
  [MATCH WARN] Unresolved physical joins: 3
    [INFO] Small stable-plan drift (keeping existing JSON value):
      Expression: LOGICAL_JOIN: RelSets: [0, 4] RelBindings: [0:store_sales | 4:date_dim] NumRels: [0, 4] CtxInputCards: [0:28800991 | 4:364] CtxParentSplit: [[0] | [4]] CtxEdgeSig: [jt=3,res=0,li=0:1,ri=4:0,fi=0] Filters: [(ss_sold_date_sk = d_date_sk)] CtxOcc: 1
      Existing: 5505102, New: 5504961, Delta: 141 (0.002561%)
    [VERIFY] Running verification for iteration 2...
    [VERIFY] Check 1 PASSED: 1 injected log values match the pre-update JSON.
    [VERIFY] Check 2 PASSED: All 1 JSON keys found in the cardinality log.
    [VERIFY] Check 3 PASSED: All 1 previously-known joins (non-CTE) were INJECTED.
    [VERIFY] Check 4 PASSED: All injected cardinalities match actual plan cardinalities.
    [VERIFY] Check 4 INFO: tolerated 1 small stable-plan drift(s) (treated as measurement noise).
    [VERIFY] Check 5 PASSED: 1 mappings; all expression strings unique.
    [VERIFY] Check 6 INFO: matched 1/4 joins-with-conditions (unmatched=3).
    [VERIFY] Check 7 PASSED: no ambiguous match candidates.
    [VERIFY] Check 8 PASSED: all 1 JSON keys were INJECTED (1 applied).
    [VERIFY] Check 9 PASSED: all 1 pre-update keys preserved in post-update JSON.
  Verification passed.
  Plan CONVERGED after 2 iterations.

============================================================
  Query 49
============================================================

  --- Iteration 1 ---
  Found 6 join(s) in physical plan.
  Found 12 log entries in cardinality_log.txt.
  Matched 3 expression(s) to actual cardinalities.
  [MATCH WARN] Unresolved physical joins: 3
    [NEW] LOGICAL_JOIN: RelSets: [0, 2] RelBindings: [0:web_sales | 2:date_dim] NumRels: [0, 2] CtxInputCards: [0:1439513 | 2:28] CtxParentSplit: [[0] | [2]] CtxEdgeSig: [jt=3,res=0,li=0:5,ri=2:0,fi=0] Filters: [(ws_sold_date_sk = d_date_sk)] CtxOcc: 1 -> 94678
    [NEW] LOGICAL_JOIN: RelSets: [0, 2] RelBindings: [0:catalog_sales | 2:date_dim] NumRels: [0, 2] CtxInputCards: [0:2880252 | 2:28] CtxParentSplit: [[0] | [2]] CtxEdgeSig: [jt=3,res=0,li=0:5,ri=2:0,fi=0] Filters: [(cs_sold_date_sk = d_date_sk)] CtxOcc: 1 -> 187925
    [NEW] LOGICAL_JOIN: RelSets: [0, 2] RelBindings: [0:store_sales | 2:date_dim] NumRels: [0, 2] CtxInputCards: [0:5760198 | 2:28] CtxParentSplit: [[0] | [2]] CtxEdgeSig: [jt=3,res=0,li=0:5,ri=2:0,fi=0] Filters: [(ss_sold_date_sk = d_date_sk)] CtxOcc: 1 -> 229299

  --- Iteration 2 ---
  Found 6 join(s) in physical plan.
  Found 12 log entries in cardinality_log.txt.
  Matched 3 expression(s) to actual cardinalities.
  [MATCH WARN] Unresolved physical joins: 3
    [VERIFY] Running verification for iteration 2...
    [VERIFY] Check 1 PASSED: 3 injected log values match the pre-update JSON.
    [VERIFY] Check 2 PASSED: All 3 JSON keys found in the cardinality log.
    [VERIFY] Check 3 PASSED: All 3 previously-known joins (non-CTE) were INJECTED.
    [VERIFY] Check 4 PASSED: All injected cardinalities match actual plan cardinalities.
    [VERIFY] Check 5 PASSED: 3 mappings; all expression strings unique.
    [VERIFY] Check 6 INFO: matched 3/6 joins-with-conditions (unmatched=3).
    [VERIFY] Check 7 PASSED: no ambiguous match candidates.
    [VERIFY] Check 8 PASSED: all 3 JSON keys were INJECTED (3 applied).
    [VERIFY] Check 9 PASSED: all 3 pre-update keys preserved in post-update JSON.
  Verification passed.
  Plan CONVERGED after 2 iterations.

============================================================
  Query 50
============================================================

  --- Iteration 1 ---
  Found 4 join(s) in physical plan.
  Found 25 log entries in cardinality_log.txt.
  Matched 1 expression(s) to actual cardinalities.
  [MATCH WARN] Unresolved physical joins: 3
    [NEW] LOGICAL_JOIN: RelSets: [1, 4] RelBindings: [1:store_returns | 4:date_dim] NumRels: [1, 4] CtxInputCards: [1:2877532 | 4:28] CtxParentSplit: [[1] | [4]] CtxEdgeSig: [jt=3,res=0,li=1:2,ri=4:2,fi=0] Filters: [(sr_returned_date_sk = d_date_sk)] CtxOcc: 1 -> 28914

  --- Iteration 2 ---
  Found 4 join(s) in physical plan.
  Found 25 log entries in cardinality_log.txt.
  Matched 1 expression(s) to actual cardinalities.
  [MATCH WARN] Unresolved physical joins: 3
    [VERIFY] Running verification for iteration 2...
    [VERIFY] Check 1 PASSED: 1 injected log values match the pre-update JSON.
    [VERIFY] Check 2 PASSED: All 1 JSON keys found in the cardinality log.
    [VERIFY] Check 3 PASSED: All 1 previously-known joins (non-CTE) were INJECTED.
    [VERIFY] Check 4 PASSED: All injected cardinalities match actual plan cardinalities.
    [VERIFY] Check 5 PASSED: 1 mappings; all expression strings unique.
    [VERIFY] Check 6 INFO: matched 1/4 joins-with-conditions (unmatched=3).
    [VERIFY] Check 7 PASSED: no ambiguous match candidates.
    [VERIFY] Check 8 PASSED: all 1 JSON keys were INJECTED (1 applied).
    [VERIFY] Check 9 PASSED: all 1 pre-update keys preserved in post-update JSON.
  Verification passed.
  Plan CONVERGED after 2 iterations.

============================================================
  Query 51
============================================================

  --- Iteration 1 ---
  Found 3 join(s) in physical plan.
  Found 2 log entries in cardinality_log.txt.
  Matched 2 expression(s) to actual cardinalities.
    [NEW] LOGICAL_JOIN: RelSets: [0, 1] RelBindings: [0:store_sales | 1:date_dim] NumRels: [0, 1] CtxInputCards: [0:5760198 | 1:366] CtxParentSplit: [[0] | [1]] CtxEdgeSig: [jt=3,res=0,li=0:0,ri=1:0,fi=0] Filters: [(ss_sold_date_sk = d_date_sk)] CtxOcc: 1 -> 5519337
    [NEW] LOGICAL_JOIN: RelSets: [0, 1] RelBindings: [0:web_sales | 1:date_dim] NumRels: [0, 1] CtxInputCards: [0:1439513 | 1:366] CtxParentSplit: [[0] | [1]] CtxEdgeSig: [jt=3,res=0,li=0:0,ri=1:0,fi=0] Filters: [(ws_sold_date_sk = d_date_sk)] CtxOcc: 1 -> 1446551

  --- Iteration 2 ---
  Found 3 join(s) in physical plan.
  Found 2 log entries in cardinality_log.txt.
  Matched 2 expression(s) to actual cardinalities.
    [VERIFY] Running verification for iteration 2...
    [VERIFY] Check 1 PASSED: 2 injected log values match the pre-update JSON.
    [VERIFY] Check 2 PASSED: All 2 JSON keys found in the cardinality log.
    [VERIFY] Check 3 PASSED: All 2 previously-known joins (non-CTE) were INJECTED.
    [VERIFY] Check 4 PASSED: All injected cardinalities match actual plan cardinalities.
    [VERIFY] Check 5 PASSED: 2 mappings; all expression strings unique.
    [VERIFY] Check 6 INFO: matched 2/3 joins-with-conditions (unmatched=1).
    [VERIFY] Check 7 PASSED: no ambiguous match candidates.
    [VERIFY] Check 8 PASSED: all 2 JSON keys were INJECTED (2 applied).
    [VERIFY] Check 9 PASSED: all 2 pre-update keys preserved in post-update JSON.
  Verification passed.
  Plan CONVERGED after 2 iterations.

============================================================
  Query 52
============================================================

  --- Iteration 1 ---
  Found 2 join(s) in physical plan.
  Found 4 log entries in cardinality_log.txt.
  Matched 1 expression(s) to actual cardinalities.
  [MATCH WARN] Unresolved physical joins: 1
    [NEW] LOGICAL_JOIN: RelSets: [1, 2] RelBindings: [1:store_sales | 2:item] NumRels: [1, 2] CtxInputCards: [1:28800991 | 2:1020] CtxParentSplit: [[1] | [2]] CtxEdgeSig: [jt=3,res=0,li=1:1,ri=2:0,fi=0] Filters: [(ss_item_sk = i_item_sk)] CtxOcc: 1 -> 16058

  --- Iteration 2 ---
  Found 2 join(s) in physical plan.
  Found 4 log entries in cardinality_log.txt.
  Matched 1 expression(s) to actual cardinalities.
  [MATCH WARN] Unresolved physical joins: 1
    [VERIFY] Running verification for iteration 2...
    [VERIFY] Check 1 PASSED: 1 injected log values match the pre-update JSON.
    [VERIFY] Check 2 PASSED: All 1 JSON keys found in the cardinality log.
    [VERIFY] Check 3 PASSED: All 1 previously-known joins (non-CTE) were INJECTED.
    [VERIFY] Check 4 PASSED: All injected cardinalities match actual plan cardinalities.
    [VERIFY] Check 5 PASSED: 1 mappings; all expression strings unique.
    [VERIFY] Check 6 INFO: matched 1/2 joins-with-conditions (unmatched=1).
    [VERIFY] Check 7 PASSED: no ambiguous match candidates.
    [VERIFY] Check 8 PASSED: all 1 JSON keys were INJECTED (1 applied).
    [VERIFY] Check 9 PASSED: all 1 pre-update keys preserved in post-update JSON.
  Verification passed.
  Plan CONVERGED after 2 iterations.

============================================================
  Query 53
============================================================

  --- Iteration 1 ---
  Found 3 join(s) in physical plan.
  Found 12 log entries in cardinality_log.txt.
  Matched 1 expression(s) to actual cardinalities.
  [MATCH WARN] Unresolved physical joins: 2
    [NEW] LOGICAL_JOIN: RelSets: [1, 2] RelBindings: [1:store_sales | 2:date_dim] NumRels: [1, 2] CtxInputCards: [1:28800991 | 2:366] CtxParentSplit: [[1] | [2]] CtxEdgeSig: [jt=3,res=0,li=1:1,ri=2:0,fi=1] Filters: [(ss_sold_date_sk = d_date_sk)] CtxOcc: 1 -> 5517116

  --- Iteration 2 ---
  Found 3 join(s) in physical plan.
  Found 12 log entries in cardinality_log.txt.
  Matched 1 expression(s) to actual cardinalities.
  [MATCH WARN] Unresolved physical joins: 2
    [INFO] Small stable-plan drift (keeping existing JSON value):
      Expression: LOGICAL_JOIN: RelSets: [1, 2] RelBindings: [1:store_sales | 2:date_dim] NumRels: [1, 2] CtxInputCards: [1:28800991 | 2:366] CtxParentSplit: [[1] | [2]] CtxEdgeSig: [jt=3,res=0,li=1:1,ri=2:0,fi=1] Filters: [(ss_sold_date_sk = d_date_sk)] CtxOcc: 1
      Existing: 5517116, New: 5517122, Delta: 6 (0.000109%)
    [VERIFY] Running verification for iteration 2...
    [VERIFY] Check 1 PASSED: 1 injected log values match the pre-update JSON.
    [VERIFY] Check 2 PASSED: All 1 JSON keys found in the cardinality log.
    [VERIFY] Check 3 PASSED: All 1 previously-known joins (non-CTE) were INJECTED.
    [VERIFY] Check 4 PASSED: All injected cardinalities match actual plan cardinalities.
    [VERIFY] Check 4 INFO: tolerated 1 small stable-plan drift(s) (treated as measurement noise).
    [VERIFY] Check 5 PASSED: 1 mappings; all expression strings unique.
    [VERIFY] Check 6 INFO: matched 1/3 joins-with-conditions (unmatched=2).
    [VERIFY] Check 7 PASSED: no ambiguous match candidates.
    [VERIFY] Check 8 PASSED: all 1 JSON keys were INJECTED (1 applied).
    [VERIFY] Check 9 PASSED: all 1 pre-update keys preserved in post-update JSON.
  Verification passed.
  Plan CONVERGED after 2 iterations.

============================================================
  Query 54
============================================================

  --- Iteration 1 ---
  Found 9 join(s) in physical plan.
  Found 82 log entries in cardinality_log.txt.
  Matched 2 expression(s) to actual cardinalities.
  [MATCH WARN] Unresolved physical joins: 7
    [NEW] LOGICAL_JOIN: RelSets: [0, 2] RelBindings: [0:catalog_sales, web_sales, item, date_dim, customer | 2:customer_address] NumRels: [0, 2] CtxInputCards: [0:278 | 2:250000] CtxParentSplit: [[0] | [2]] CtxEdgeSig: [jt=3,res=0,li=0:1,ri=2:0,fi=5] Filters: [(c_current_addr_sk = ca_address_sk)] CtxOcc: 1 -> 883
    [NEW] LOGICAL_JOIN: RelSets: [0, 1] RelBindings: [0:catalog_sales, web_sales | 1:item] NumRels: [0, 1] CtxInputCards: [0:21598827 | 1:88] CtxParentSplit: [[0] | [1]] CtxEdgeSig: [jt=3,res=0,li=0:2,ri=1:0,fi=2] Filters: [(item_sk = i_item_sk)] CtxOcc: 1 -> 44948

  --- Iteration 2 ---
  Found 9 join(s) in physical plan.
  Found 82 log entries in cardinality_log.txt.
  Matched 2 expression(s) to actual cardinalities.
  [MATCH WARN] Unresolved physical joins: 7
    [INFO] Small stable-plan drift (keeping existing JSON value):
      Expression: LOGICAL_JOIN: RelSets: [0, 2] RelBindings: [0:catalog_sales, web_sales, item, date_dim, customer | 2:customer_address] NumRels: [0, 2] CtxInputCards: [0:278 | 2:250000] CtxParentSplit: [[0] | [2]] CtxEdgeSig: [jt=3,res=0,li=0:1,ri=2:0,fi=5] Filters: [(c_current_addr_sk = ca_address_sk)] CtxOcc: 1
      Existing: 883, New: 948, Delta: 65 (6.856540%)
    [INFO] Small stable-plan drift (keeping existing JSON value):
      Expression: LOGICAL_JOIN: RelSets: [0, 1] RelBindings: [0:catalog_sales, web_sales | 1:item] NumRels: [0, 1] CtxInputCards: [0:21598827 | 1:88] CtxParentSplit: [[0] | [1]] CtxEdgeSig: [jt=3,res=0,li=0:2,ri=1:0,fi=2] Filters: [(item_sk = i_item_sk)] CtxOcc: 1
      Existing: 44948, New: 44946, Delta: 2 (0.004450%)
    [VERIFY] Running verification for iteration 2...
    [VERIFY] Check 1 PASSED: 2 injected log values match the pre-update JSON.
    [VERIFY] Check 2 PASSED: All 2 JSON keys found in the cardinality log.
    [VERIFY] Check 3 PASSED: All 2 previously-known joins (non-CTE) were INJECTED.
    [VERIFY] Check 4 PASSED: All injected cardinalities match actual plan cardinalities.
    [VERIFY] Check 4 INFO: tolerated 2 small stable-plan drift(s) (treated as measurement noise).
    [VERIFY] Check 5 PASSED: 2 mappings; all expression strings unique.
    [VERIFY] Check 6 INFO: matched 2/9 joins-with-conditions (unmatched=7).
    [VERIFY] Check 7 PASSED: no ambiguous match candidates.
    [VERIFY] Check 8 PASSED: all 2 JSON keys were INJECTED (2 applied).
    [VERIFY] Check 9 PASSED: all 2 pre-update keys preserved in post-update JSON.
  Verification passed.
  Plan CONVERGED after 2 iterations.

============================================================
  Query 55
============================================================

  --- Iteration 1 ---
  Found 2 join(s) in physical plan.
  Found 4 log entries in cardinality_log.txt.
  Matched 1 expression(s) to actual cardinalities.
  [MATCH WARN] Unresolved physical joins: 1
    [NEW] LOGICAL_JOIN: RelSets: [1, 2] RelBindings: [1:store_sales | 2:item] NumRels: [1, 2] CtxInputCards: [1:28800991 | 2:1020] CtxParentSplit: [[1] | [2]] CtxEdgeSig: [jt=3,res=0,li=1:1,ri=2:0,fi=0] Filters: [(ss_item_sk = i_item_sk)] CtxOcc: 1 -> 15849

  --- Iteration 2 ---
  Found 2 join(s) in physical plan.
  Found 4 log entries in cardinality_log.txt.
  Matched 1 expression(s) to actual cardinalities.
  [MATCH WARN] Unresolved physical joins: 1
    [VERIFY] Running verification for iteration 2...
    [VERIFY] Check 1 PASSED: 1 injected log values match the pre-update JSON.
    [VERIFY] Check 2 PASSED: All 1 JSON keys found in the cardinality log.
    [VERIFY] Check 3 PASSED: All 1 previously-known joins (non-CTE) were INJECTED.
    [VERIFY] Check 4 PASSED: All injected cardinalities match actual plan cardinalities.
    [VERIFY] Check 5 PASSED: 1 mappings; all expression strings unique.
    [VERIFY] Check 6 INFO: matched 1/2 joins-with-conditions (unmatched=1).
    [VERIFY] Check 7 PASSED: no ambiguous match candidates.
    [VERIFY] Check 8 PASSED: all 1 JSON keys were INJECTED (1 applied).
    [VERIFY] Check 9 PASSED: all 1 pre-update keys preserved in post-update JSON.
  Verification passed.
  Plan CONVERGED after 2 iterations.

============================================================
  Query 56
============================================================

  --- Iteration 1 ---
  Found 10 join(s) in physical plan.
  Found 75 log entries in cardinality_log.txt.
  Matched 3 expression(s) to actual cardinalities.
  [MATCH WARN] Unresolved physical joins: 7
    [NEW] LOGICAL_JOIN: RelSets: [0, 1] RelBindings: [0:store_sales | 1:date_dim] NumRels: [0, 1] CtxInputCards: [0:28800991 | 1:28] CtxParentSplit: [[0] | [1]] CtxEdgeSig: [jt=3,res=0,li=0:1,ri=1:0,fi=3] Filters: [(ss_sold_date_sk = d_date_sk)] CtxOcc: 1 -> 246177
    [NEW] LOGICAL_JOIN: RelSets: [0, 1] RelBindings: [0:catalog_sales | 1:date_dim] NumRels: [0, 1] CtxInputCards: [0:14401261 | 1:28] CtxParentSplit: [[0] | [1]] CtxEdgeSig: [jt=3,res=0,li=0:1,ri=1:0,fi=3] Filters: [(cs_sold_date_sk = d_date_sk)] CtxOcc: 1 -> 127140
    [NEW] LOGICAL_JOIN: RelSets: [0, 1] RelBindings: [0:web_sales | 1:date_dim] NumRels: [0, 1] CtxInputCards: [0:7197566 | 1:28] CtxParentSplit: [[0] | [1]] CtxEdgeSig: [jt=3,res=0,li=0:1,ri=1:0,fi=3] Filters: [(ws_sold_date_sk = d_date_sk)] CtxOcc: 1 -> 63408

  --- Iteration 2 ---
  Found 10 join(s) in physical plan.
  Found 75 log entries in cardinality_log.txt.
  Matched 3 expression(s) to actual cardinalities.
  [MATCH WARN] Unresolved physical joins: 7
    [INFO] Small stable-plan drift (keeping existing JSON value):
      Expression: LOGICAL_JOIN: RelSets: [0, 1] RelBindings: [0:store_sales | 1:date_dim] NumRels: [0, 1] CtxInputCards: [0:28800991 | 1:28] CtxParentSplit: [[0] | [1]] CtxEdgeSig: [jt=3,res=0,li=0:1,ri=1:0,fi=3] Filters: [(ss_sold_date_sk = d_date_sk)] CtxOcc: 1
      Existing: 246177, New: 246171, Delta: 6 (0.002437%)
    [VERIFY] Running verification for iteration 2...
    [VERIFY] Check 1 PASSED: 3 injected log values match the pre-update JSON.
    [VERIFY] Check 2 PASSED: All 3 JSON keys found in the cardinality log.
    [VERIFY] Check 3 PASSED: All 3 previously-known joins (non-CTE) were INJECTED.
    [VERIFY] Check 4 PASSED: All injected cardinalities match actual plan cardinalities.
    [VERIFY] Check 4 INFO: tolerated 1 small stable-plan drift(s) (treated as measurement noise).
    [VERIFY] Check 5 PASSED: 3 mappings; all expression strings unique.
    [VERIFY] Check 6 INFO: matched 3/10 joins-with-conditions (unmatched=7).
    [VERIFY] Check 7 PASSED: no ambiguous match candidates.
    [VERIFY] Check 8 PASSED: all 3 JSON keys were INJECTED (3 applied).
    [VERIFY] Check 9 PASSED: all 3 pre-update keys preserved in post-update JSON.
  Verification passed.
  Plan CONVERGED after 2 iterations.

============================================================
  Query 57
============================================================

  --- Iteration 1 ---
  Found 5 join(s) in physical plan.
  Found 18 log entries in cardinality_log.txt.
  Matched 2 expression(s) to actual cardinalities.
  [MATCH WARN] Unresolved physical joins: 3
    [NEW] LOGICAL_JOIN: RelSets: [1, 2] RelBindings: [1:catalog_sales | 2:date_dim] NumRels: [1, 2] CtxInputCards: [1:14401261 | 2:14609] CtxParentSplit: [[1] | [2]] CtxEdgeSig: [jt=3,res=0,li=1:1,ri=2:0,fi=1] Filters: [(cs_sold_date_sk = d_date_sk)] CtxOcc: 1 -> 3475745
    [NEW] LOGICAL_JOIN: RelSets: [1, 2] RelBindings: [1:item, catalog_sales, date_dim, call_center | 2:item, catalog_sales, date_dim, call_center] NumRels: [1, 2] CtxInputCards: [1:3051005 | 2:3051005] CtxParentSplit: [[1] | [2]] CtxEdgeSig: [jt=3,res=0,li=1:0,ri=2:0,fi=1 | jt=3,res=0,li=1:1,ri=2:1,fi=3 | jt=3,res=0,li=1:2,ri=2:2,fi=5 | jt=3,res=0,li=1:7,ri=2:7,fi=7] Filters: [((rn + 1) = (rn - 1)) AND (cc_name = cc_name) AND (i_brand = i_brand) AND (i_category = i_category)] CtxOcc: 1 -> 122145

  --- Iteration 2 ---
  Found 5 join(s) in physical plan.
  Found 18 log entries in cardinality_log.txt.
  Matched 2 expression(s) to actual cardinalities.
  [MATCH WARN] Unresolved physical joins: 3
    [VERIFY] Running verification for iteration 2...
    [VERIFY] Check 1 PASSED: 2 injected log values match the pre-update JSON.
    [VERIFY] Check 2 PASSED: All 2 JSON keys found in the cardinality log.
    [VERIFY] Check 3 PASSED: All 2 previously-known joins (non-CTE) were INJECTED.
    [VERIFY] Check 4 PASSED: All injected cardinalities match actual plan cardinalities.
    [VERIFY] Check 5 PASSED: 2 mappings; all expression strings unique.
    [VERIFY] Check 6 INFO: matched 2/5 joins-with-conditions (unmatched=3).
    [VERIFY] Check 7 PASSED: no ambiguous match candidates.
    [VERIFY] Check 8 PASSED: all 2 JSON keys were INJECTED (2 applied).
    [VERIFY] Check 9 PASSED: all 2 pre-update keys preserved in post-update JSON.
  Verification passed.
  Plan CHANGED on iteration 2.
  No new cardinality entries. Expecting convergence next iteration.

  --- Iteration 3 ---
  Found 5 join(s) in physical plan.
  Found 18 log entries in cardinality_log.txt.
  Matched 2 expression(s) to actual cardinalities.
  [MATCH WARN] Unresolved physical joins: 3
    [VERIFY] Running verification for iteration 3...
    [VERIFY] Check 1 PASSED: 2 injected log values match the pre-update JSON.
    [VERIFY] Check 2 PASSED: All 2 JSON keys found in the cardinality log.
    [VERIFY] Check 3 PASSED: All 2 previously-known joins (non-CTE) were INJECTED.
    [VERIFY] Check 4 PASSED: All injected cardinalities match actual plan cardinalities.
    [VERIFY] Check 5 PASSED: 2 mappings; all expression strings unique.
    [VERIFY] Check 6 INFO: matched 2/5 joins-with-conditions (unmatched=3).
    [VERIFY] Check 7 PASSED: no ambiguous match candidates.
    [VERIFY] Check 8 PASSED: all 2 JSON keys were INJECTED (2 applied).
    [VERIFY] Check 9 PASSED: all 2 pre-update keys preserved in post-update JSON.
  Verification passed.
  Plan CONVERGED after 3 iterations.

  [TIMING] Comparing vanilla vs feedback plan for Q57 (5 runs each)...
    Vanilla:  min=0.129s  mean=0.133s  runs=[0.13476941600310965, 0.13084408299982897, 0.12851129099726677, 0.1309747499981313, 0.1406557080008497]
    Feedback: min=0.131s  mean=0.134s  runs=[0.13088649999917834, 0.1329762089990254, 0.13431608400060213, 0.13616650000039954, 0.1352276659999916]
    Speedup (min): 0.98x (SLOWER ⚠)

============================================================
  Query 58
============================================================

  --- Iteration 1 ---
  Found 14 join(s) in physical plan.
  Found 39 log entries in cardinality_log.txt.
  Matched 7 expression(s) to actual cardinalities.
  [MATCH WARN] Unresolved physical joins: 7
    [INFO-AMBIGUOUS-RESOLVED] stage0 unique key (candidates=3): LOGICAL_JOIN: RelSets: [0, 1] RelBindings: [0:date_dim | 1:date_dim] NumRels: [0, 1] CtxInputCards: [0:73049 | 1:1] CtxParentSplit: [[0] | [1]] CtxEdgeSig: [jt=3,res=0,li=0:0,ri=1:0,fi=0] Filters: [(d_week_seq = SUBQUERY)] CtxOcc: 1
    [INFO-AMBIGUOUS-RESOLVED] stage0 unique key (candidates=2): LOGICAL_JOIN: RelSets: [0, 1] RelBindings: [0:date_dim | 1:date_dim] NumRels: [0, 1] CtxInputCards: [0:73049 | 1:1] CtxParentSplit: [[0] | [1]] CtxEdgeSig: [jt=3,res=0,li=0:0,ri=1:0,fi=0] Filters: [(d_week_seq = SUBQUERY)] CtxOcc: 2
    [NEW] LOGICAL_JOIN: RelSets: [0, 2] RelBindings: [0:store_sales | 2:date_dim] NumRels: [0, 2] CtxInputCards: [0:28800991 | 2:73049] CtxParentSplit: [[0] | [2]] CtxEdgeSig: [jt=3,res=0,li=0:1,ri=2:1,fi=1] Filters: [(ss_sold_date_sk = d_date_sk)] CtxOcc: 1 -> 197074
    [NEW] LOGICAL_JOIN: RelSets: [0, 1] RelBindings: [0:date_dim | 1:date_dim] NumRels: [0, 1] CtxInputCards: [0:73049 | 1:1] CtxParentSplit: [[0] | [1]] CtxEdgeSig: [jt=3,res=0,li=0:0,ri=1:0,fi=0] Filters: [(d_week_seq = SUBQUERY)] CtxOcc: 1 -> 7
    [NEW] LOGICAL_JOIN: RelSets: [1, 2] RelBindings: [1:catalog_sales, item, date_dim, date_dim, date_dim | 2:web_sales, item, date_dim, date_dim, date_dim] NumRels: [1, 2] CtxInputCards: [1:1990 | 2:1990] CtxParentSplit: [[1] | [2]] CtxEdgeSig: [jt=3,res=0,li=1:0,ri=2:0,fi=9 | jt=3,res=0,li=1:1,ri=2:1,fi=1 | jt=3,res=0,li=1:1,ri=2:1,fi=3 | jt=3,res=0,li=1:1,ri=2:1,fi=5 | jt=3,res=0,li=1:1,ri=2:1,fi=7] Filters: [((0.9 * cs_item_rev) <= CAST(ws_item_rev AS DECIMAL(38,3))) AND ((1.1 * cs_item_rev) >= CAST(ws_item_rev AS DECIMAL(38,3))) AND (CAST(cs_item_rev AS DECIMAL(38,3)) <= (1.1 * ws_item_rev)) AND (CAST(cs_item_rev AS DECIMAL(38,3)) >= (0.9 * ws_item_rev)) AND (item_id = item_id)] CtxOcc: 1 -> 993
    [NEW] LOGICAL_JOIN: RelSets: [0, 2] RelBindings: [0:catalog_sales | 2:date_dim] NumRels: [0, 2] CtxInputCards: [0:14401261 | 2:73049] CtxParentSplit: [[0] | [2]] CtxEdgeSig: [jt=3,res=0,li=0:1,ri=2:1,fi=1] Filters: [(cs_sold_date_sk = d_date_sk)] CtxOcc: 1 -> 75933
    [NEW] LOGICAL_JOIN: RelSets: [0, 1] RelBindings: [0:date_dim | 1:date_dim] NumRels: [0, 1] CtxInputCards: [0:73049 | 1:1] CtxParentSplit: [[0] | [1]] CtxEdgeSig: [jt=3,res=0,li=0:0,ri=1:0,fi=0] Filters: [(d_week_seq = SUBQUERY)] CtxOcc: 2 -> 7
    [NEW] LOGICAL_JOIN: RelSets: [0, 2] RelBindings: [0:web_sales | 2:date_dim] NumRels: [0, 2] CtxInputCards: [0:7197566 | 2:73049] CtxParentSplit: [[0] | [2]] CtxEdgeSig: [jt=3,res=0,li=0:1,ri=2:1,fi=1] Filters: [(ws_sold_date_sk = d_date_sk)] CtxOcc: 1 -> 52128
    [NEW] LOGICAL_JOIN: RelSets: [0, 1] RelBindings: [0:date_dim | 1:date_dim] NumRels: [0, 1] CtxInputCards: [0:73049 | 1:1] CtxParentSplit: [[0] | [1]] CtxEdgeSig: [jt=3,res=0,li=0:0,ri=1:0,fi=0] Filters: [(d_week_seq = SUBQUERY)] CtxOcc: 3 -> 7

  --- Iteration 2 ---
  Found 14 join(s) in physical plan.
  Found 39 log entries in cardinality_log.txt.
  Matched 7 expression(s) to actual cardinalities.
  [MATCH WARN] Unresolved physical joins: 7
    [INFO-AMBIGUOUS-RESOLVED] stage0 unique key (candidates=3): LOGICAL_JOIN: RelSets: [0, 1] RelBindings: [0:date_dim | 1:date_dim] NumRels: [0, 1] CtxInputCards: [0:73049 | 1:1] CtxParentSplit: [[0] | [1]] CtxEdgeSig: [jt=3,res=0,li=0:0,ri=1:0,fi=0] Filters: [(d_week_seq = SUBQUERY)] CtxOcc: 1
    [INFO-AMBIGUOUS-RESOLVED] stage0 unique key (candidates=2): LOGICAL_JOIN: RelSets: [0, 1] RelBindings: [0:date_dim | 1:date_dim] NumRels: [0, 1] CtxInputCards: [0:73049 | 1:1] CtxParentSplit: [[0] | [1]] CtxEdgeSig: [jt=3,res=0,li=0:0,ri=1:0,fi=0] Filters: [(d_week_seq = SUBQUERY)] CtxOcc: 2
    [NEW] LOGICAL_JOIN: RelSets: [0, 1] RelBindings: [0:store_sales, item, date_dim, date_dim, date_dim | 1:catalog_sales, item, date_dim, date_dim, date_dim] NumRels: [0, 1] CtxInputCards: [0:1990 | 1:1990] CtxParentSplit: [[0] | [1]] CtxEdgeSig: [jt=3,res=0,li=0:0,ri=1:0,fi=14 | jt=3,res=0,li=0:1,ri=1:1,fi=10 | jt=3,res=0,li=0:1,ri=1:1,fi=11 | jt=3,res=0,li=0:1,ri=1:1,fi=12 | jt=3,res=0,li=0:1,ri=1:1,fi=13] Filters: [((0.9 * ss_item_rev) <= CAST(cs_item_rev AS DECIMAL(38,3))) AND ((1.1 * ss_item_rev) >= CAST(cs_item_rev AS DECIMAL(38,3))) AND (CAST(ss_item_rev AS DECIMAL(38,3)) <= (1.1 * cs_item_rev)) AND (CAST(ss_item_rev AS DECIMAL(38,3)) >= (0.9 * cs_item_rev)) AND (item_id = item_id)] CtxOcc: 1 -> 1767
    [VERIFY] Running verification for iteration 2...
    [VERIFY] Check 1 PASSED: 7 injected log values match the pre-update JSON.
    [VERIFY] Check 2 PASSED: All 7 JSON keys found in the cardinality log.
    [VERIFY] Check 3 INFO: 1 new join(s) from plan change (not previously injected, OK).
    [VERIFY] Check 3 PASSED: All 6 previously-known joins (non-CTE) were INJECTED.
    [VERIFY] Check 4 PASSED: All injected cardinalities match actual plan cardinalities.
    [VERIFY] Check 5 PASSED: 7 mappings; all expression strings unique.
    [VERIFY] Check 6 INFO: matched 7/14 joins-with-conditions (unmatched=7).
    [VERIFY] Check 7 INFO: 2 ambiguous match(es); stage0=2, non_stage0=0.
    [VERIFY] Check 8 PASSED: all 7 JSON keys were INJECTED (7 applied).
    [VERIFY] Check 9 PASSED: all 7 pre-update keys preserved in post-update JSON.
  Verification passed.
  Plan CHANGED on iteration 2.

  --- Iteration 3 ---
  Found 14 join(s) in physical plan.
  Found 39 log entries in cardinality_log.txt.
  Matched 7 expression(s) to actual cardinalities.
  [MATCH WARN] Unresolved physical joins: 7
    [INFO-AMBIGUOUS-RESOLVED] stage0 unique key (candidates=3): LOGICAL_JOIN: RelSets: [0, 1] RelBindings: [0:date_dim | 1:date_dim] NumRels: [0, 1] CtxInputCards: [0:73049 | 1:1] CtxParentSplit: [[0] | [1]] CtxEdgeSig: [jt=3,res=0,li=0:0,ri=1:0,fi=0] Filters: [(d_week_seq = SUBQUERY)] CtxOcc: 1
    [INFO-AMBIGUOUS-RESOLVED] stage0 unique key (candidates=2): LOGICAL_JOIN: RelSets: [0, 1] RelBindings: [0:date_dim | 1:date_dim] NumRels: [0, 1] CtxInputCards: [0:73049 | 1:1] CtxParentSplit: [[0] | [1]] CtxEdgeSig: [jt=3,res=0,li=0:0,ri=1:0,fi=0] Filters: [(d_week_seq = SUBQUERY)] CtxOcc: 2
    [NEW] LOGICAL_JOIN: RelSets: [0, 2] RelBindings: [0:store_sales, item, date_dim, date_dim, date_dim | 2:web_sales, item, date_dim, date_dim, date_dim] NumRels: [0, 2] CtxInputCards: [0:1990 | 2:1990] CtxParentSplit: [[0] | [2]] CtxEdgeSig: [jt=3,res=0,li=0:0,ri=2:0,fi=8 | jt=3,res=0,li=0:1,ri=2:1,fi=0 | jt=3,res=0,li=0:1,ri=2:1,fi=2 | jt=3,res=0,li=0:1,ri=2:1,fi=4 | jt=3,res=0,li=0:1,ri=2:1,fi=6] Filters: [((0.9 * ss_item_rev) <= CAST(ws_item_rev AS DECIMAL(38,3))) AND ((1.1 * ss_item_rev) >= CAST(ws_item_rev AS DECIMAL(38,3))) AND (CAST(ss_item_rev AS DECIMAL(38,3)) <= (1.1 * ws_item_rev)) AND (CAST(ss_item_rev AS DECIMAL(38,3)) >= (0.9 * ws_item_rev)) AND (item_id = item_id)] CtxOcc: 1 -> 1413
    [VERIFY] Running verification for iteration 3...
    [VERIFY] Check 1 PASSED: 8 injected log values match the pre-update JSON.
    [VERIFY] Check 2 PASSED: All 8 JSON keys found in the cardinality log.
    [VERIFY] Check 3 INFO: 1 new join(s) from plan change (not previously injected, OK).
    [VERIFY] Check 3 PASSED: All 6 previously-known joins (non-CTE) were INJECTED.
    [VERIFY] Check 4 PASSED: All injected cardinalities match actual plan cardinalities.
    [VERIFY] Check 5 PASSED: 7 mappings; all expression strings unique.
    [VERIFY] Check 6 INFO: matched 7/14 joins-with-conditions (unmatched=7).
    [VERIFY] Check 7 INFO: 2 ambiguous match(es); stage0=2, non_stage0=0.
    [VERIFY] Check 8 PASSED: all 8 JSON keys were INJECTED (8 applied).
    [VERIFY] Check 9 PASSED: all 8 pre-update keys preserved in post-update JSON.
  Verification passed.
  Plan CHANGED on iteration 3.

  --- Iteration 4 ---
  Found 14 join(s) in physical plan.
  Found 39 log entries in cardinality_log.txt.
  Matched 7 expression(s) to actual cardinalities.
  [MATCH WARN] Unresolved physical joins: 7
    [INFO-AMBIGUOUS-RESOLVED] stage0 unique key (candidates=3): LOGICAL_JOIN: RelSets: [0, 1] RelBindings: [0:date_dim | 1:date_dim] NumRels: [0, 1] CtxInputCards: [0:73049 | 1:1] CtxParentSplit: [[0] | [1]] CtxEdgeSig: [jt=3,res=0,li=0:0,ri=1:0,fi=0] Filters: [(d_week_seq = SUBQUERY)] CtxOcc: 1
    [INFO-AMBIGUOUS-RESOLVED] stage0 unique key (candidates=2): LOGICAL_JOIN: RelSets: [0, 1] RelBindings: [0:date_dim | 1:date_dim] NumRels: [0, 1] CtxInputCards: [0:73049 | 1:1] CtxParentSplit: [[0] | [1]] CtxEdgeSig: [jt=3,res=0,li=0:0,ri=1:0,fi=0] Filters: [(d_week_seq = SUBQUERY)] CtxOcc: 2
    [VERIFY] Running verification for iteration 4...
    [VERIFY] Check 1 PASSED: 9 injected log values match the pre-update JSON.
    [VERIFY] Check 2 PASSED: All 9 JSON keys found in the cardinality log.
    [VERIFY] Check 3 PASSED: All 7 previously-known joins (non-CTE) were INJECTED.
    [VERIFY] Check 4 PASSED: All injected cardinalities match actual plan cardinalities.
    [VERIFY] Check 5 PASSED: 7 mappings; all expression strings unique.
    [VERIFY] Check 6 INFO: matched 7/14 joins-with-conditions (unmatched=7).
    [VERIFY] Check 7 INFO: 2 ambiguous match(es); stage0=2, non_stage0=0.
    [VERIFY] Check 8 PASSED: all 9 JSON keys were INJECTED (9 applied).
    [VERIFY] Check 9 PASSED: all 9 pre-update keys preserved in post-update JSON.
  Verification passed.
  Plan CHANGED on iteration 4.
  Plan OSCILLATION detected: cycle of length 3 (iteration 1 == iteration 4).

============================================================
  Query 59
============================================================

  --- Iteration 1 ---
  Found 6 join(s) in physical plan.
  Found 10 log entries in cardinality_log.txt.
  Matched 4 expression(s) to actual cardinalities.
    [INFO-AMBIGUOUS-RESOLVED] stage0 unique key (candidates=6): LOGICAL_JOIN: RelSets: [0, 1, 2] RelBindings: [0:store_sales, date_dim | 1:store | 2:date_dim] NumRels: [0, 1, 2] CtxInputCards: [0:2979 | 1:102 | 2:366] CtxParentSplit: [[0, 1] | [2]] CtxEdgeSig: [jt=3,res=0,li=0:0,ri=2:0,fi=0 | jt=3,res=0,li=0:1,ri=1:0,fi=1] Filters: [(d_week_seq = d_week_seq) AND (ss_store_sk = s_store_sk)] CtxOcc: 1
    [INFO-AMBIGUOUS-RESOLVED] stage0 unique key (candidates=5): LOGICAL_JOIN: RelSets: [0, 1, 2] RelBindings: [0:store_sales, date_dim | 1:store | 2:date_dim] NumRels: [0, 1, 2] CtxInputCards: [0:2979 | 1:102 | 2:366] CtxParentSplit: [[0, 1] | [2]] CtxEdgeSig: [jt=3,res=0,li=0:0,ri=2:0,fi=0 | jt=3,res=0,li=0:1,ri=1:0,fi=1] Filters: [(d_week_seq = d_week_seq) AND (ss_store_sk = s_store_sk)] CtxOcc: 2
    [NEW] LOGICAL_JOIN: RelSets: [0, 1] RelBindings: [0:store_sales | 1:date_dim] NumRels: [0, 1] CtxInputCards: [0:28800991 | 1:73049] CtxParentSplit: [[0] | [1]] CtxEdgeSig: [jt=3,res=0,li=0:0,ri=1:0,fi=0] Filters: [(ss_sold_date_sk = d_date_sk)] CtxOcc: 1 -> 27504533
    [NEW] LOGICAL_JOIN: RelSets: [0, 1] RelBindings: [0:store_sales, date_dim, store, date_dim | 1:store_sales, date_dim, store, date_dim] NumRels: [0, 1] CtxInputCards: [0:558 | 1:558] CtxParentSplit: [[0] | [1]] CtxEdgeSig: [jt=3,res=0,li=0:1,ri=1:1,fi=1 | jt=3,res=0,li=0:2,ri=1:2,fi=0] Filters: [(d_week_seq1 = (d_week_seq2 - 52)) AND (s_store_id1 = s_store_id2)] CtxOcc: 1 -> 129948
    [NEW] LOGICAL_JOIN: RelSets: [0, 1, 2] RelBindings: [0:store_sales, date_dim | 1:store | 2:date_dim] NumRels: [0, 1, 2] CtxInputCards: [0:2979 | 1:102 | 2:366] CtxParentSplit: [[0, 1] | [2]] CtxEdgeSig: [jt=3,res=0,li=0:0,ri=2:0,fi=0 | jt=3,res=0,li=0:1,ri=1:0,fi=1] Filters: [(d_week_seq = d_week_seq) AND (ss_store_sk = s_store_sk)] CtxOcc: 1 -> 18615
    [NEW] LOGICAL_JOIN: RelSets: [0, 1, 2] RelBindings: [0:store_sales, date_dim | 1:store | 2:date_dim] NumRels: [0, 1, 2] CtxInputCards: [0:2979 | 1:102 | 2:366] CtxParentSplit: [[0, 1] | [2]] CtxEdgeSig: [jt=3,res=0,li=0:0,ri=2:0,fi=0 | jt=3,res=0,li=0:1,ri=1:0,fi=1] Filters: [(d_week_seq = d_week_seq) AND (ss_store_sk = s_store_sk)] CtxOcc: 2 -> 18615

  --- Iteration 2 ---
  Found 6 join(s) in physical plan.
  Found 10 log entries in cardinality_log.txt.
  Matched 4 expression(s) to actual cardinalities.
    [INFO-AMBIGUOUS-RESOLVED] stage0 unique key (candidates=6): LOGICAL_JOIN: RelSets: [0, 1, 2] RelBindings: [0:store_sales, date_dim | 1:store | 2:date_dim] NumRels: [0, 1, 2] CtxInputCards: [0:2979 | 1:102 | 2:366] CtxParentSplit: [[0, 2] | [1]] CtxEdgeSig: [jt=3,res=0,li=0:0,ri=2:0,fi=0 | jt=3,res=0,li=0:1,ri=1:0,fi=1] Filters: [(d_week_seq = d_week_seq) AND (ss_store_sk = s_store_sk)] CtxOcc: 1
    [INFO-AMBIGUOUS-RESOLVED] stage0 unique key (candidates=5): LOGICAL_JOIN: RelSets: [0, 1, 2] RelBindings: [0:store_sales, date_dim | 1:store | 2:date_dim] NumRels: [0, 1, 2] CtxInputCards: [0:2979 | 1:102 | 2:366] CtxParentSplit: [[0, 2] | [1]] CtxEdgeSig: [jt=3,res=0,li=0:0,ri=2:0,fi=0 | jt=3,res=0,li=0:1,ri=1:0,fi=1] Filters: [(d_week_seq = d_week_seq) AND (ss_store_sk = s_store_sk)] CtxOcc: 2
    [NEW] LOGICAL_JOIN: RelSets: [0, 1, 2] RelBindings: [0:store_sales, date_dim | 1:store | 2:date_dim] NumRels: [0, 1, 2] CtxInputCards: [0:2979 | 1:102 | 2:366] CtxParentSplit: [[0, 2] | [1]] CtxEdgeSig: [jt=3,res=0,li=0:0,ri=2:0,fi=0 | jt=3,res=0,li=0:1,ri=1:0,fi=1] Filters: [(d_week_seq = d_week_seq) AND (ss_store_sk = s_store_sk)] CtxOcc: 1 -> 18615
    [NEW] LOGICAL_JOIN: RelSets: [0, 1, 2] RelBindings: [0:store_sales, date_dim | 1:store | 2:date_dim] NumRels: [0, 1, 2] CtxInputCards: [0:2979 | 1:102 | 2:366] CtxParentSplit: [[0, 2] | [1]] CtxEdgeSig: [jt=3,res=0,li=0:0,ri=2:0,fi=0 | jt=3,res=0,li=0:1,ri=1:0,fi=1] Filters: [(d_week_seq = d_week_seq) AND (ss_store_sk = s_store_sk)] CtxOcc: 2 -> 18615
    [VERIFY] Running verification for iteration 2...
    [VERIFY] Check 1 PASSED: 4 injected log values match the pre-update JSON.
    [VERIFY] Check 2 PASSED: All 4 JSON keys found in the cardinality log.
    [VERIFY] Check 3 INFO: 2 new join(s) from plan change (not previously injected, OK).
    [VERIFY] Check 3 PASSED: All 2 previously-known joins (non-CTE) were INJECTED.
    [VERIFY] Check 4 PASSED: All injected cardinalities match actual plan cardinalities.
    [VERIFY] Check 5 PASSED: 4 mappings; all expression strings unique.
    [VERIFY] Check 6 INFO: matched 4/6 joins-with-conditions (unmatched=2).
    [VERIFY] Check 7 INFO: 2 ambiguous match(es); stage0=2, non_stage0=0.
    [VERIFY] Check 8 PASSED: all 4 JSON keys were INJECTED (4 applied).
    [VERIFY] Check 9 PASSED: all 4 pre-update keys preserved in post-update JSON.
  Verification passed.

  --- Iteration 3 ---
  Found 6 join(s) in physical plan.
  Found 10 log entries in cardinality_log.txt.
  Matched 4 expression(s) to actual cardinalities.
    [INFO-AMBIGUOUS-RESOLVED] stage0 unique key (candidates=6): LOGICAL_JOIN: RelSets: [0, 1, 2] RelBindings: [0:store_sales, date_dim | 1:store | 2:date_dim] NumRels: [0, 1, 2] CtxInputCards: [0:2979 | 1:102 | 2:366] CtxParentSplit: [[0, 1] | [2]] CtxEdgeSig: [jt=3,res=0,li=0:0,ri=2:0,fi=0 | jt=3,res=0,li=0:1,ri=1:0,fi=1] Filters: [(d_week_seq = d_week_seq) AND (ss_store_sk = s_store_sk)] CtxOcc: 1
    [INFO-AMBIGUOUS-RESOLVED] stage0 unique key (candidates=5): LOGICAL_JOIN: RelSets: [0, 1, 2] RelBindings: [0:store_sales, date_dim | 1:store | 2:date_dim] NumRels: [0, 1, 2] CtxInputCards: [0:2979 | 1:102 | 2:366] CtxParentSplit: [[0, 1] | [2]] CtxEdgeSig: [jt=3,res=0,li=0:0,ri=2:0,fi=0 | jt=3,res=0,li=0:1,ri=1:0,fi=1] Filters: [(d_week_seq = d_week_seq) AND (ss_store_sk = s_store_sk)] CtxOcc: 2
    [NEW] LOGICAL_JOIN: RelSets: [0, 1] RelBindings: [0:store_sales, date_dim, store, date_dim | 1:store_sales, date_dim, store, date_dim] NumRels: [0, 1] CtxInputCards: [0:18615 | 1:18615] CtxParentSplit: [[0] | [1]] CtxEdgeSig: [jt=3,res=0,li=0:1,ri=1:1,fi=1 | jt=3,res=0,li=0:2,ri=1:2,fi=0] Filters: [(d_week_seq1 = (d_week_seq2 - 52)) AND (s_store_id1 = s_store_id2)] CtxOcc: 1 -> 129948
    [VERIFY] Running verification for iteration 3...
    [VERIFY] Check 1 PASSED: 5 injected log values match the pre-update JSON.
    [VERIFY] Check 2 WARN: JSON key not in log: LOGICAL_JOIN: RelSets: [0, 1] RelBindings: [0:store_sales, date_dim, store, date_dim | 1:store_sales, date_dim, store, date_dim] NumRels: [0, 1] CtxInputCards: [0:558 | 1:558] CtxParentSplit: [[0] | [1]] CtxEdgeSig: [jt=3,res=0,li=0:1,ri=1:1,fi=1 | jt=3,res=0,li=0:2,ri=1:2,fi=0] Filters: [(d_week_seq1 = (d_week_seq2 - 52)) AND (s_store_id1 = s_store_id2)] CtxOcc: 1
    [VERIFY] Check 3 INFO: 1 new join(s) from plan change (not previously injected, OK).
    [VERIFY] Check 3 PASSED: All 3 previously-known joins (non-CTE) were INJECTED.
    [VERIFY] Check 4 PASSED: All injected cardinalities match actual plan cardinalities.
    [VERIFY] Check 5 PASSED: 4 mappings; all expression strings unique.
    [VERIFY] Check 6 INFO: matched 4/6 joins-with-conditions (unmatched=2).
    [VERIFY] Check 7 INFO: 2 ambiguous match(es); stage0=2, non_stage0=0.
    [VERIFY] Check 8 INFO: 1 JSON key(s) not visited by optimizer (plan shape changed, key's subplan not reached).
    [VERIFY] Check 9 PASSED: all 6 pre-update keys preserved in post-update JSON.
  Verification passed.

  --- Iteration 4 ---
  Found 6 join(s) in physical plan.
  Found 10 log entries in cardinality_log.txt.
  Matched 4 expression(s) to actual cardinalities.
    [INFO-AMBIGUOUS-RESOLVED] stage0 unique key (candidates=6): LOGICAL_JOIN: RelSets: [0, 1, 2] RelBindings: [0:store_sales, date_dim | 1:store | 2:date_dim] NumRels: [0, 1, 2] CtxInputCards: [0:2979 | 1:102 | 2:366] CtxParentSplit: [[0, 1] | [2]] CtxEdgeSig: [jt=3,res=0,li=0:0,ri=2:0,fi=0 | jt=3,res=0,li=0:1,ri=1:0,fi=1] Filters: [(d_week_seq = d_week_seq) AND (ss_store_sk = s_store_sk)] CtxOcc: 1
    [INFO-AMBIGUOUS-RESOLVED] stage0 unique key (candidates=5): LOGICAL_JOIN: RelSets: [0, 1, 2] RelBindings: [0:store_sales, date_dim | 1:store | 2:date_dim] NumRels: [0, 1, 2] CtxInputCards: [0:2979 | 1:102 | 2:366] CtxParentSplit: [[0, 1] | [2]] CtxEdgeSig: [jt=3,res=0,li=0:0,ri=2:0,fi=0 | jt=3,res=0,li=0:1,ri=1:0,fi=1] Filters: [(d_week_seq = d_week_seq) AND (ss_store_sk = s_store_sk)] CtxOcc: 2
    [VERIFY] Running verification for iteration 4...
    [VERIFY] Check 1 PASSED: 6 injected log values match the pre-update JSON.
    [VERIFY] Check 2 WARN: JSON key not in log: LOGICAL_JOIN: RelSets: [0, 1] RelBindings: [0:store_sales, date_dim, store, date_dim | 1:store_sales, date_dim, store, date_dim] NumRels: [0, 1] CtxInputCards: [0:558 | 1:558] CtxParentSplit: [[0] | [1]] CtxEdgeSig: [jt=3,res=0,li=0:1,ri=1:1,fi=1 | jt=3,res=0,li=0:2,ri=1:2,fi=0] Filters: [(d_week_seq1 = (d_week_seq2 - 52)) AND (s_store_id1 = s_store_id2)] CtxOcc: 1
    [VERIFY] Check 3 PASSED: All 4 previously-known joins (non-CTE) were INJECTED.
    [VERIFY] Check 4 PASSED: All injected cardinalities match actual plan cardinalities.
    [VERIFY] Check 5 PASSED: 4 mappings; all expression strings unique.
    [VERIFY] Check 6 INFO: matched 4/6 joins-with-conditions (unmatched=2).
    [VERIFY] Check 7 INFO: 2 ambiguous match(es); stage0=2, non_stage0=0.
    [VERIFY] Check 8 INFO: 1 JSON key(s) not visited by optimizer (plan shape changed, key's subplan not reached).
    [VERIFY] Check 9 PASSED: all 7 pre-update keys preserved in post-update JSON.
  Verification passed.
  Plan CONVERGED after 4 iterations.

============================================================
  Query 60
============================================================

  --- Iteration 1 ---
  Found 10 join(s) in physical plan.
  Found 75 log entries in cardinality_log.txt.
  Matched 3 expression(s) to actual cardinalities.
  [MATCH WARN] Unresolved physical joins: 7
    [NEW] LOGICAL_JOIN: RelSets: [0, 1] RelBindings: [0:store_sales | 1:date_dim] NumRels: [0, 1] CtxInputCards: [0:28800991 | 1:28] CtxParentSplit: [[0] | [1]] CtxEdgeSig: [jt=3,res=0,li=0:1,ri=1:0,fi=3] Filters: [(ss_sold_date_sk = d_date_sk)] CtxOcc: 1 -> 594118
    [NEW] LOGICAL_JOIN: RelSets: [0, 1] RelBindings: [0:catalog_sales | 1:date_dim] NumRels: [0, 1] CtxInputCards: [0:14401261 | 1:28] CtxParentSplit: [[0] | [1]] CtxEdgeSig: [jt=3,res=0,li=0:1,ri=1:0,fi=3] Filters: [(cs_sold_date_sk = d_date_sk)] CtxOcc: 1 -> 308341
    [NEW] LOGICAL_JOIN: RelSets: [0, 1] RelBindings: [0:web_sales | 1:date_dim] NumRels: [0, 1] CtxInputCards: [0:7197566 | 1:28] CtxParentSplit: [[0] | [1]] CtxEdgeSig: [jt=3,res=0,li=0:1,ri=1:0,fi=3] Filters: [(ws_sold_date_sk = d_date_sk)] CtxOcc: 1 -> 152970

  --- Iteration 2 ---
  Found 10 join(s) in physical plan.
  Found 75 log entries in cardinality_log.txt.
  Matched 3 expression(s) to actual cardinalities.
  [MATCH WARN] Unresolved physical joins: 7
    [INFO] Small stable-plan drift (keeping existing JSON value):
      Expression: LOGICAL_JOIN: RelSets: [0, 1] RelBindings: [0:store_sales | 1:date_dim] NumRels: [0, 1] CtxInputCards: [0:28800991 | 1:28] CtxParentSplit: [[0] | [1]] CtxEdgeSig: [jt=3,res=0,li=0:1,ri=1:0,fi=3] Filters: [(ss_sold_date_sk = d_date_sk)] CtxOcc: 1
      Existing: 594118, New: 594090, Delta: 28 (0.004713%)
    [VERIFY] Running verification for iteration 2...
    [VERIFY] Check 1 PASSED: 3 injected log values match the pre-update JSON.
    [VERIFY] Check 2 PASSED: All 3 JSON keys found in the cardinality log.
    [VERIFY] Check 3 PASSED: All 3 previously-known joins (non-CTE) were INJECTED.
    [VERIFY] Check 4 PASSED: All injected cardinalities match actual plan cardinalities.
    [VERIFY] Check 4 INFO: tolerated 1 small stable-plan drift(s) (treated as measurement noise).
    [VERIFY] Check 5 PASSED: 3 mappings; all expression strings unique.
    [VERIFY] Check 6 INFO: matched 3/10 joins-with-conditions (unmatched=7).
    [VERIFY] Check 7 PASSED: no ambiguous match candidates.
    [VERIFY] Check 8 PASSED: all 3 JSON keys were INJECTED (3 applied).
    [VERIFY] Check 9 PASSED: all 3 pre-update keys preserved in post-update JSON.
  Verification passed.
  Plan CONVERGED after 2 iterations.

============================================================
  Query 61
============================================================

  --- Iteration 1 ---
  Found 10 join(s) in physical plan.
  Found 207 log entries in cardinality_log.txt.
  Matched 1 expression(s) to actual cardinalities.
  [MATCH WARN] Unresolved physical joins: 8
    [INFO-AMBIGUOUS-RESOLVED] stage0 unique key (candidates=2): LOGICAL_JOIN: RelSets: [0, 2] RelBindings: [0:store_sales | 2:date_dim] NumRels: [0, 2] CtxInputCards: [0:28800991 | 2:28] CtxParentSplit: [[0] | [2]] CtxEdgeSig: [jt=3,res=0,li=0:0,ri=2:0,fi=3] Filters: [(ss_sold_date_sk = d_date_sk)] CtxOcc: 1
    [NEW] LOGICAL_JOIN: RelSets: [0, 2] RelBindings: [0:store_sales | 2:date_dim] NumRels: [0, 2] CtxInputCards: [0:28800991 | 2:28] CtxParentSplit: [[0] | [2]] CtxEdgeSig: [jt=3,res=0,li=0:0,ri=2:0,fi=3] Filters: [(ss_sold_date_sk = d_date_sk)] CtxOcc: 1 -> 882587

  --- Iteration 2 ---
  Found 10 join(s) in physical plan.
  Found 207 log entries in cardinality_log.txt.
  Matched 1 expression(s) to actual cardinalities.
  [MATCH WARN] Unresolved physical joins: 8
    [INFO-AMBIGUOUS-RESOLVED] stage0 unique key (candidates=2): LOGICAL_JOIN: RelSets: [0, 3] RelBindings: [0:store_sales | 3:date_dim] NumRels: [0, 3] CtxInputCards: [0:28800991 | 3:28] CtxParentSplit: [[0] | [3]] CtxEdgeSig: [jt=3,res=0,li=0:0,ri=3:0,fi=3] Filters: [(ss_sold_date_sk = d_date_sk)] CtxOcc: 1
    [NEW] LOGICAL_JOIN: RelSets: [0, 3] RelBindings: [0:store_sales | 3:date_dim] NumRels: [0, 3] CtxInputCards: [0:28800991 | 3:28] CtxParentSplit: [[0] | [3]] CtxEdgeSig: [jt=3,res=0,li=0:0,ri=3:0,fi=3] Filters: [(ss_sold_date_sk = d_date_sk)] CtxOcc: 1 -> 882587
    [VERIFY] Running verification for iteration 2...
    [VERIFY] Check 1 PASSED: 1 injected log values match the pre-update JSON.
    [VERIFY] Check 2 PASSED: All 1 JSON keys found in the cardinality log.
    [VERIFY] Check 3 INFO: 1 new join(s) from plan change (not previously injected, OK).
    [VERIFY] Check 3 PASSED: All 0 previously-known joins (non-CTE) were INJECTED.
    [VERIFY] Check 4 PASSED: All injected cardinalities match actual plan cardinalities.
    [VERIFY] Check 5 PASSED: 1 mappings; all expression strings unique.
    [VERIFY] Check 6 INFO: matched 1/9 joins-with-conditions (unmatched=8).
    [VERIFY] Check 7 INFO: 1 ambiguous match(es); stage0=1, non_stage0=0.
    [VERIFY] Check 8 PASSED: all 1 JSON keys were INJECTED (1 applied).
    [VERIFY] Check 9 PASSED: all 1 pre-update keys preserved in post-update JSON.
  Verification passed.

  --- Iteration 3 ---
  Found 10 join(s) in physical plan.
  Found 207 log entries in cardinality_log.txt.
  Matched 1 expression(s) to actual cardinalities.
  [MATCH WARN] Unresolved physical joins: 8
    [INFO-AMBIGUOUS-RESOLVED] stage0 unique key (candidates=2): LOGICAL_JOIN: RelSets: [0, 2] RelBindings: [0:store_sales | 2:date_dim] NumRels: [0, 2] CtxInputCards: [0:28800991 | 2:28] CtxParentSplit: [[0] | [2]] CtxEdgeSig: [jt=3,res=0,li=0:0,ri=2:0,fi=3] Filters: [(ss_sold_date_sk = d_date_sk)] CtxOcc: 1
    [VERIFY] Running verification for iteration 3...
    [VERIFY] Check 1 PASSED: 2 injected log values match the pre-update JSON.
    [VERIFY] Check 2 PASSED: All 2 JSON keys found in the cardinality log.
    [VERIFY] Check 3 PASSED: All 1 previously-known joins (non-CTE) were INJECTED.
    [VERIFY] Check 4 PASSED: All injected cardinalities match actual plan cardinalities.
    [VERIFY] Check 5 PASSED: 1 mappings; all expression strings unique.
    [VERIFY] Check 6 INFO: matched 1/9 joins-with-conditions (unmatched=8).
    [VERIFY] Check 7 INFO: 1 ambiguous match(es); stage0=1, non_stage0=0.
    [VERIFY] Check 8 PASSED: all 2 JSON keys were INJECTED (2 applied).
    [VERIFY] Check 9 PASSED: all 2 pre-update keys preserved in post-update JSON.
  Verification passed.
  Plan CONVERGED after 3 iterations.

============================================================
  Query 62
============================================================

  --- Iteration 1 ---
  Found 4 join(s) in physical plan.
  Found 32 log entries in cardinality_log.txt.
  Matched 1 expression(s) to actual cardinalities.
  [MATCH WARN] Unresolved physical joins: 3
    [NEW] LOGICAL_JOIN: RelSets: [0, 4] RelBindings: [0:web_sales | 4:date_dim] NumRels: [0, 4] CtxInputCards: [0:7197566 | 4:366] CtxParentSplit: [[0] | [4]] CtxEdgeSig: [jt=3,res=0,li=0:0,ri=4:1,fi=0] Filters: [(ws_ship_date_sk = d_date_sk)] CtxOcc: 1 -> 1445381

  --- Iteration 2 ---
  Found 4 join(s) in physical plan.
  Found 32 log entries in cardinality_log.txt.
  Matched 1 expression(s) to actual cardinalities.
  [MATCH WARN] Unresolved physical joins: 3
    [VERIFY] Running verification for iteration 2...
    [VERIFY] Check 1 PASSED: 1 injected log values match the pre-update JSON.
    [VERIFY] Check 2 PASSED: All 1 JSON keys found in the cardinality log.
    [VERIFY] Check 3 PASSED: All 1 previously-known joins (non-CTE) were INJECTED.
    [VERIFY] Check 4 PASSED: All injected cardinalities match actual plan cardinalities.
    [VERIFY] Check 5 PASSED: 1 mappings; all expression strings unique.
    [VERIFY] Check 6 INFO: matched 1/4 joins-with-conditions (unmatched=3).
    [VERIFY] Check 7 PASSED: no ambiguous match candidates.
    [VERIFY] Check 8 PASSED: all 1 JSON keys were INJECTED (1 applied).
    [VERIFY] Check 9 PASSED: all 1 pre-update keys preserved in post-update JSON.
  Verification passed.
  Plan CONVERGED after 2 iterations.

============================================================
  Query 63
============================================================

  --- Iteration 1 ---
  Found 3 join(s) in physical plan.
  Found 12 log entries in cardinality_log.txt.
  Matched 1 expression(s) to actual cardinalities.
  [MATCH WARN] Unresolved physical joins: 2
    [NEW] LOGICAL_JOIN: RelSets: [1, 2] RelBindings: [1:store_sales | 2:date_dim] NumRels: [1, 2] CtxInputCards: [1:28800991 | 2:366] CtxParentSplit: [[1] | [2]] CtxEdgeSig: [jt=3,res=0,li=1:1,ri=2:0,fi=1] Filters: [(ss_sold_date_sk = d_date_sk)] CtxOcc: 1 -> 5517122

  --- Iteration 2 ---
  Found 3 join(s) in physical plan.
  Found 12 log entries in cardinality_log.txt.
  Matched 1 expression(s) to actual cardinalities.
  [MATCH WARN] Unresolved physical joins: 2
    [VERIFY] Running verification for iteration 2...
    [VERIFY] Check 1 PASSED: 1 injected log values match the pre-update JSON.
    [VERIFY] Check 2 PASSED: All 1 JSON keys found in the cardinality log.
    [VERIFY] Check 3 PASSED: All 1 previously-known joins (non-CTE) were INJECTED.
    [VERIFY] Check 4 PASSED: All injected cardinalities match actual plan cardinalities.
    [VERIFY] Check 5 PASSED: 1 mappings; all expression strings unique.
    [VERIFY] Check 6 INFO: matched 1/3 joins-with-conditions (unmatched=2).
    [VERIFY] Check 7 PASSED: no ambiguous match candidates.
    [VERIFY] Check 8 PASSED: all 1 JSON keys were INJECTED (1 applied).
    [VERIFY] Check 9 PASSED: all 1 pre-update keys preserved in post-update JSON.
  Verification passed.
  Plan CONVERGED after 2 iterations.

============================================================
  Query 64
============================================================

  --- Iteration 1 ---
  Found 20 join(s) in physical plan.
  Found 73 log entries in cardinality_log.txt.
  Matched 6 expression(s) to actual cardinalities.
  [MATCH WARN] Unresolved physical joins: 14
    [INFO-AMBIGUOUS-RESOLVED] stage0 unique key (candidates=2): LOGICAL_JOIN: RelSets: [11, 15] RelBindings: [11:household_demographics | 15:income_band] NumRels: [11, 15] CtxInputCards: [11:7200 | 15:20] CtxParentSplit: [[11] | [15]] CtxEdgeSig: [jt=3,res=0,li=11:1,ri=15:0,fi=4] Filters: [(hd_income_band_sk = ib_income_band_sk)] CtxOcc: 1
    [NEW] LOGICAL_JOIN: RelSets: [2, 17] RelBindings: [2:catalog_sales, catalog_returns | 17:item] NumRels: [2, 17] CtxInputCards: [2:96135 | 17:4080] CtxParentSplit: [[17] | [2]] CtxEdgeSig: [jt=3,res=0,li=2:0,ri=17:0,fi=2] Filters: [(cs_item_sk = i_item_sk)] CtxOcc: 1 -> 72
    [NEW] LOGICAL_JOIN: RelSets: [0, 1] RelBindings: [0:catalog_sales | 1:catalog_returns] NumRels: [0, 1] CtxInputCards: [0:14401261 | 1:1441224] CtxParentSplit: [[0] | [1]] CtxEdgeSig: [jt=3,res=0,li=0:0,ri=1:0,fi=0 | jt=3,res=0,li=0:1,ri=1:1,fi=1] Filters: [(cs_item_sk = cr_item_sk) AND (cs_order_number = cr_order_number)] CtxOcc: 1 -> 1441224
    [NEW] LOGICAL_JOIN: RelSets: [11, 15] RelBindings: [11:household_demographics | 15:income_band] NumRels: [11, 15] CtxInputCards: [11:7200 | 15:20] CtxParentSplit: [[11] | [15]] CtxEdgeSig: [jt=3,res=0,li=11:1,ri=15:0,fi=4] Filters: [(hd_income_band_sk = ib_income_band_sk)] CtxOcc: 1 -> 7200
    [NEW] LOGICAL_JOIN: RelSets: [7, 14] RelBindings: [7:customer | 14:customer_address] NumRels: [7, 14] CtxInputCards: [7:500000 | 14:250000] CtxParentSplit: [[14] | [7]] CtxEdgeSig: [jt=3,res=0,li=7:3,ri=14:0,fi=5] Filters: [(c_current_addr_sk = ca_address_sk)] CtxOcc: 1 -> 486624
    [NEW] LOGICAL_JOIN: RelSets: [12, 16] RelBindings: [12:household_demographics | 16:income_band] NumRels: [12, 16] CtxInputCards: [12:7200 | 16:20] CtxParentSplit: [[12] | [16]] CtxEdgeSig: [jt=3,res=0,li=12:1,ri=16:0,fi=3] Filters: [(hd_income_band_sk = ib_income_band_sk)] CtxOcc: 1 -> 7200
    [NEW] LOGICAL_JOIN: RelSets: [0, 1] RelBindings: [0:store_sales, store_returns, catalog_sales, catalog_returns, date_dim, date_dim, date_dim, store, customer, customer_demographics, customer_demographics, promotion, household_demographics, household_demographics, customer_address, customer_address, income_band, income_band, item | 1:store_sales, store_returns, catalog_sales, catalog_returns, date_dim, date_dim, date_dim, store, customer, customer_demographics, customer_demographics, promotion, household_demographics, household_demographics, customer_address, customer_address, income_band, income_band, item] NumRels: [0, 1] CtxInputCards: [0:294843 | 1:294843] CtxParentSplit: [[0] | [1]] CtxEdgeSig: [jt=3,res=0,li=0:1,ri=1:1,fi=1 | jt=3,res=0,li=0:15,ri=1:15,fi=0 | jt=3,res=0,li=0:2,ri=1:2,fi=2 | jt=3,res=0,li=0:3,ri=1:3,fi=3] Filters: [(cnt >= cnt) AND (item_sk = item_sk) AND (store_name = store_name) AND (store_zip = store_zip)] CtxOcc: 1 -> 28

  --- Iteration 2 ---
  Found 20 join(s) in physical plan.
  Found 73 log entries in cardinality_log.txt.
  Matched 5 expression(s) to actual cardinalities.
  [MATCH WARN] Unresolved physical joins: 15
    [INFO-AMBIGUOUS-RESOLVED] stage0 unique key (candidates=2): LOGICAL_JOIN: RelSets: [11, 15] RelBindings: [11:household_demographics | 15:income_band] NumRels: [11, 15] CtxInputCards: [11:7200 | 15:20] CtxParentSplit: [[11] | [15]] CtxEdgeSig: [jt=3,res=0,li=11:1,ri=15:0,fi=4] Filters: [(hd_income_band_sk = ib_income_band_sk)] CtxOcc: 1
    [NEW] LOGICAL_JOIN: RelSets: [2, 17] RelBindings: [2:catalog_sales, catalog_returns | 17:item] NumRels: [2, 17] CtxInputCards: [2:96134 | 17:4080] CtxParentSplit: [[17] | [2]] CtxEdgeSig: [jt=3,res=0,li=2:0,ri=17:0,fi=2] Filters: [(cs_item_sk = i_item_sk)] CtxOcc: 1 -> 72
    [NEW] LOGICAL_JOIN: RelSets: [0, 1] RelBindings: [0:store_sales, store_returns, catalog_sales, catalog_returns, date_dim, date_dim, date_dim, store, customer, customer_demographics, customer_demographics, promotion, household_demographics, household_demographics, customer_address, customer_address, income_band, income_band, item | 1:store_sales, store_returns, catalog_sales, catalog_returns, date_dim, date_dim, date_dim, store, customer, customer_demographics, customer_demographics, promotion, household_demographics, household_demographics, customer_address, customer_address, income_band, income_band, item] NumRels: [0, 1] CtxInputCards: [0:294840 | 1:294840] CtxParentSplit: [[0] | [1]] CtxEdgeSig: [jt=3,res=0,li=0:1,ri=1:1,fi=1 | jt=3,res=0,li=0:15,ri=1:15,fi=0 | jt=3,res=0,li=0:2,ri=1:2,fi=2 | jt=3,res=0,li=0:3,ri=1:3,fi=3] Filters: [(cnt >= cnt) AND (item_sk = item_sk) AND (store_name = store_name) AND (store_zip = store_zip)] CtxOcc: 1 -> 28
    [VERIFY] Running verification for iteration 2...
    [VERIFY] Check 1 PASSED: 4 injected log values match the pre-update JSON.
    [VERIFY] Check 2 WARN: JSON key not in log: LOGICAL_JOIN: RelSets: [2, 17] RelBindings: [2:catalog_sales, catalog_returns | 17:item] NumRels: [2, 17] CtxInputCards: [2:96135 | 17:4080] CtxParentSplit: [[17] | [2]] CtxEdgeSig: [jt=3,res=0,li=2:0,ri=17:0,fi=2] Filters: [(cs_item_sk = i_item_sk)] CtxOcc: 1
    [VERIFY] Check 2 WARN: JSON key not in log: LOGICAL_JOIN: RelSets: [0, 1] RelBindings: [0:store_sales, store_returns, catalog_sales, catalog_returns, date_dim, date_dim, date_dim, store, customer, customer_demographics, customer_demographics, promotion, household_demographics, household_demographics, customer_address, customer_address, income_band, income_band, item | 1:store_sales, store_returns, catalog_sales, catalog_returns, date_dim, date_dim, date_dim, store, customer, customer_demographics, customer_demographics, promotion, household_demographics, household_demographics, customer_address, customer_address, income_band, income_band, item] NumRels: [0, 1] CtxInputCards: [0:294843 | 1:294843] CtxParentSplit: [[0] | [1]] CtxEdgeSig: [jt=3,res=0,li=0:1,ri=1:1,fi=1 | jt=3,res=0,li=0:15,ri=1:15,fi=0 | jt=3,res=0,li=0:2,ri=1:2,fi=2 | jt=3,res=0,li=0:3,ri=1:3,fi=3] Filters: [(cnt >= cnt) AND (item_sk = item_sk) AND (store_name = store_name) AND (store_zip = store_zip)] CtxOcc: 1
    [VERIFY] Check 3 INFO: 2 new join(s) from plan change (not previously injected, OK).
    [VERIFY] Check 3 PASSED: All 3 previously-known joins (non-CTE) were INJECTED.
    [VERIFY] Check 4 PASSED: All injected cardinalities match actual plan cardinalities.
    [VERIFY] Check 5 PASSED: 5 mappings; all expression strings unique.
    [VERIFY] Check 6 INFO: matched 5/20 joins-with-conditions (unmatched=15).
    [VERIFY] Check 7 INFO: 1 ambiguous match(es); stage0=1, non_stage0=0.
    [VERIFY] Check 8 INFO: 2 JSON key(s) not visited by optimizer (plan shape changed, key's subplan not reached).
    [VERIFY] Check 9 PASSED: all 6 pre-update keys preserved in post-update JSON.
  Verification passed.
  Plan CHANGED on iteration 2.

  --- Iteration 3 ---
  Found 20 join(s) in physical plan.
  Found 73 log entries in cardinality_log.txt.
  Matched 5 expression(s) to actual cardinalities.
  [MATCH WARN] Unresolved physical joins: 15
    [INFO-AMBIGUOUS-RESOLVED] stage0 unique key (candidates=2): LOGICAL_JOIN: RelSets: [11, 15] RelBindings: [11:household_demographics | 15:income_band] NumRels: [11, 15] CtxInputCards: [11:7200 | 15:20] CtxParentSplit: [[11] | [15]] CtxEdgeSig: [jt=3,res=0,li=11:1,ri=15:0,fi=4] Filters: [(hd_income_band_sk = ib_income_band_sk)] CtxOcc: 1
    [VERIFY] Running verification for iteration 3...
    [VERIFY] Check 1 PASSED: 6 injected log values match the pre-update JSON.
    [VERIFY] Check 2 WARN: JSON key not in log: LOGICAL_JOIN: RelSets: [2, 17] RelBindings: [2:catalog_sales, catalog_returns | 17:item] NumRels: [2, 17] CtxInputCards: [2:96135 | 17:4080] CtxParentSplit: [[17] | [2]] CtxEdgeSig: [jt=3,res=0,li=2:0,ri=17:0,fi=2] Filters: [(cs_item_sk = i_item_sk)] CtxOcc: 1
    [VERIFY] Check 2 WARN: JSON key not in log: LOGICAL_JOIN: RelSets: [0, 1] RelBindings: [0:store_sales, store_returns, catalog_sales, catalog_returns, date_dim, date_dim, date_dim, store, customer, customer_demographics, customer_demographics, promotion, household_demographics, household_demographics, customer_address, customer_address, income_band, income_band, item | 1:store_sales, store_returns, catalog_sales, catalog_returns, date_dim, date_dim, date_dim, store, customer, customer_demographics, customer_demographics, promotion, household_demographics, household_demographics, customer_address, customer_address, income_band, income_band, item] NumRels: [0, 1] CtxInputCards: [0:294843 | 1:294843] CtxParentSplit: [[0] | [1]] CtxEdgeSig: [jt=3,res=0,li=0:1,ri=1:1,fi=1 | jt=3,res=0,li=0:15,ri=1:15,fi=0 | jt=3,res=0,li=0:2,ri=1:2,fi=2 | jt=3,res=0,li=0:3,ri=1:3,fi=3] Filters: [(cnt >= cnt) AND (item_sk = item_sk) AND (store_name = store_name) AND (store_zip = store_zip)] CtxOcc: 1
    [VERIFY] Check 3 PASSED: All 5 previously-known joins (non-CTE) were INJECTED.
    [VERIFY] Check 4 PASSED: All injected cardinalities match actual plan cardinalities.
    [VERIFY] Check 5 PASSED: 5 mappings; all expression strings unique.
    [VERIFY] Check 6 INFO: matched 5/20 joins-with-conditions (unmatched=15).
    [VERIFY] Check 7 INFO: 1 ambiguous match(es); stage0=1, non_stage0=0.
    [VERIFY] Check 8 INFO: 2 JSON key(s) not visited by optimizer (plan shape changed, key's subplan not reached).
    [VERIFY] Check 9 PASSED: all 8 pre-update keys preserved in post-update JSON.
  Verification passed.
  Plan CONVERGED after 3 iterations.

  [TIMING] Comparing vanilla vs feedback plan for Q64 (5 runs each)...
    Vanilla:  min=0.282s  mean=0.284s  runs=[0.28304633399966406, 0.2832217920004041, 0.2877084579995426, 0.284999790997972, 0.2824817079999775]
    Feedback: min=0.280s  mean=0.286s  runs=[0.28810470800090116, 0.2819589159989846, 0.2797662080010923, 0.2814993339998182, 0.2973890829998709]
    Speedup (min): 1.01x (FASTER)

============================================================
  Query 65
============================================================

  --- Iteration 1 ---
  Found 4 join(s) in physical plan.
  Found 17 log entries in cardinality_log.txt.
  Matched 2 expression(s) to actual cardinalities.
  [MATCH WARN] Unresolved physical joins: 2
    [INFO-AMBIGUOUS-RESOLVED] stage0 unique key (candidates=2): LOGICAL_JOIN: RelSets: [0, 1] RelBindings: [0:store_sales | 1:date_dim] NumRels: [0, 1] CtxInputCards: [0:28800991 | 1:366] CtxParentSplit: [[0] | [1]] CtxEdgeSig: [jt=3,res=0,li=0:0,ri=1:0,fi=0] Filters: [(ss_sold_date_sk = d_date_sk)] CtxOcc: 1
    [INFO-AMBIGUOUS-RESOLVED] stage0 unique key (candidates=2): LOGICAL_JOIN: RelSets: [0, 3] RelBindings: [0:store | 3:store_sales, date_dim] NumRels: [0, 3] CtxInputCards: [0:102 | 3:3297700] CtxParentSplit: [[0] | [3]] CtxEdgeSig: [jt=3,res=0,li=0:0,ri=3:0,fi=2] Filters: [(s_store_sk = ss_store_sk)] CtxOcc: 1
    [NEW] LOGICAL_JOIN: RelSets: [0, 1] RelBindings: [0:store_sales | 1:date_dim] NumRels: [0, 1] CtxInputCards: [0:28800991 | 1:366] CtxParentSplit: [[0] | [1]] CtxEdgeSig: [jt=3,res=0,li=0:0,ri=1:0,fi=0] Filters: [(ss_sold_date_sk = d_date_sk)] CtxOcc: 1 -> 5442712
    [NEW] LOGICAL_JOIN: RelSets: [0, 3] RelBindings: [0:store | 3:store_sales, date_dim] NumRels: [0, 3] CtxInputCards: [0:102 | 3:3297700] CtxParentSplit: [[0] | [3]] CtxEdgeSig: [jt=3,res=0,li=0:0,ri=3:0,fi=2] Filters: [(s_store_sk = ss_store_sk)] CtxOcc: 1 -> 2264246

  --- Iteration 2 ---
  Found 4 join(s) in physical plan.
  Found 17 log entries in cardinality_log.txt.
  Matched 2 expression(s) to actual cardinalities.
  [MATCH WARN] Unresolved physical joins: 2
    [INFO-AMBIGUOUS-RESOLVED] stage0 unique key (candidates=2): LOGICAL_JOIN: RelSets: [0, 1] RelBindings: [0:store_sales | 1:date_dim] NumRels: [0, 1] CtxInputCards: [0:28800991 | 1:366] CtxParentSplit: [[0] | [1]] CtxEdgeSig: [jt=3,res=0,li=0:0,ri=1:0,fi=0] Filters: [(ss_sold_date_sk = d_date_sk)] CtxOcc: 2
    [INFO-AMBIGUOUS-RESOLVED] stage0 unique key (candidates=2): LOGICAL_JOIN: RelSets: [0, 2] RelBindings: [0:store | 2:store_sales, date_dim] NumRels: [0, 2] CtxInputCards: [0:102 | 2:1990] CtxParentSplit: [[0] | [2]] CtxEdgeSig: [jt=3,res=0,li=0:0,ri=2:0,fi=4] Filters: [(s_store_sk = ss_store_sk)] CtxOcc: 1
    [NEW] LOGICAL_JOIN: RelSets: [0, 1] RelBindings: [0:store_sales | 1:date_dim] NumRels: [0, 1] CtxInputCards: [0:28800991 | 1:366] CtxParentSplit: [[0] | [1]] CtxEdgeSig: [jt=3,res=0,li=0:0,ri=1:0,fi=0] Filters: [(ss_sold_date_sk = d_date_sk)] CtxOcc: 2 -> 5442712
    [NEW] LOGICAL_JOIN: RelSets: [0, 2] RelBindings: [0:store | 2:store_sales, date_dim] NumRels: [0, 2] CtxInputCards: [0:102 | 2:1990] CtxParentSplit: [[0] | [2]] CtxEdgeSig: [jt=3,res=0,li=0:0,ri=2:0,fi=4] Filters: [(s_store_sk = ss_store_sk)] CtxOcc: 1 -> 51
    [VERIFY] Running verification for iteration 2...
    [VERIFY] Check 1 PASSED: 2 injected log values match the pre-update JSON.
    [VERIFY] Check 2 PASSED: All 2 JSON keys found in the cardinality log.
    [VERIFY] Check 3 INFO: 2 new join(s) from plan change (not previously injected, OK).
    [VERIFY] Check 3 PASSED: All 0 previously-known joins (non-CTE) were INJECTED.
    [VERIFY] Check 4 PASSED: All injected cardinalities match actual plan cardinalities.
    [VERIFY] Check 5 PASSED: 2 mappings; all expression strings unique.
    [VERIFY] Check 6 INFO: matched 2/4 joins-with-conditions (unmatched=2).
    [VERIFY] Check 7 INFO: 2 ambiguous match(es); stage0=2, non_stage0=0.
    [VERIFY] Check 8 PASSED: all 2 JSON keys were INJECTED (2 applied).
    [VERIFY] Check 9 PASSED: all 2 pre-update keys preserved in post-update JSON.
  Verification passed.
  Plan CHANGED on iteration 2.

  --- Iteration 3 ---
  Found 4 join(s) in physical plan.
  Found 17 log entries in cardinality_log.txt.
  Matched 2 expression(s) to actual cardinalities.
  [MATCH WARN] Unresolved physical joins: 2
    [INFO-AMBIGUOUS-RESOLVED] stage0 unique key (candidates=2): LOGICAL_JOIN: RelSets: [0, 1] RelBindings: [0:store_sales | 1:date_dim] NumRels: [0, 1] CtxInputCards: [0:28800991 | 1:366] CtxParentSplit: [[0] | [1]] CtxEdgeSig: [jt=3,res=0,li=0:0,ri=1:0,fi=0] Filters: [(ss_sold_date_sk = d_date_sk)] CtxOcc: 1
    [INFO-AMBIGUOUS-RESOLVED] stage0 unique key (candidates=2): LOGICAL_JOIN: RelSets: [0, 3] RelBindings: [0:store | 3:store_sales, date_dim] NumRels: [0, 3] CtxInputCards: [0:102 | 3:3348624] CtxParentSplit: [[0] | [3]] CtxEdgeSig: [jt=3,res=0,li=0:0,ri=3:0,fi=2] Filters: [(s_store_sk = ss_store_sk)] CtxOcc: 1
    [NEW] LOGICAL_JOIN: RelSets: [0, 3] RelBindings: [0:store | 3:store_sales, date_dim] NumRels: [0, 3] CtxInputCards: [0:102 | 3:3348624] CtxParentSplit: [[0] | [3]] CtxEdgeSig: [jt=3,res=0,li=0:0,ri=3:0,fi=2] Filters: [(s_store_sk = ss_store_sk)] CtxOcc: 1 -> 2264246
    [VERIFY] Running verification for iteration 3...
    [VERIFY] Check 1 PASSED: 3 injected log values match the pre-update JSON.
    [VERIFY] Check 2 WARN: JSON key not in log: LOGICAL_JOIN: RelSets: [0, 3] RelBindings: [0:store | 3:store_sales, date_dim] NumRels: [0, 3] CtxInputCards: [0:102 | 3:3297700] CtxParentSplit: [[0] | [3]] CtxEdgeSig: [jt=3,res=0,li=0:0,ri=3:0,fi=2] Filters: [(s_store_sk = ss_store_sk)] CtxOcc: 1
    [VERIFY] Check 3 INFO: 1 new join(s) from plan change (not previously injected, OK).
    [VERIFY] Check 3 PASSED: All 1 previously-known joins (non-CTE) were INJECTED.
    [VERIFY] Check 4 PASSED: All injected cardinalities match actual plan cardinalities.
    [VERIFY] Check 5 PASSED: 2 mappings; all expression strings unique.
    [VERIFY] Check 6 INFO: matched 2/4 joins-with-conditions (unmatched=2).
    [VERIFY] Check 7 INFO: 2 ambiguous match(es); stage0=2, non_stage0=0.
    [VERIFY] Check 8 INFO: 1 JSON key(s) not visited by optimizer (plan shape changed, key's subplan not reached).
    [VERIFY] Check 9 PASSED: all 4 pre-update keys preserved in post-update JSON.
  Verification passed.
  Plan CHANGED on iteration 3.
  Plan OSCILLATION detected: cycle of length 2 (iteration 1 == iteration 3).

============================================================
  Query 66
============================================================

  --- Iteration 1 ---
  Found 8 join(s) in physical plan.
  Found 64 log entries in cardinality_log.txt.
  Matched 2 expression(s) to actual cardinalities.
  [MATCH WARN] Unresolved physical joins: 6
    [NEW] LOGICAL_JOIN: RelSets: [0, 2] RelBindings: [0:web_sales | 2:date_dim] NumRels: [0, 2] CtxInputCards: [0:7197566 | 2:364] CtxParentSplit: [[0] | [2]] CtxEdgeSig: [jt=3,res=0,li=0:1,ri=2:0,fi=2] Filters: [(ws_sold_date_sk = d_date_sk)] CtxOcc: 1 -> 544944
    [NEW] LOGICAL_JOIN: RelSets: [0, 2] RelBindings: [0:catalog_sales | 2:date_dim] NumRels: [0, 2] CtxInputCards: [0:14401261 | 2:364] CtxParentSplit: [[0] | [2]] CtxEdgeSig: [jt=3,res=0,li=0:1,ri=2:0,fi=2] Filters: [(cs_sold_date_sk = d_date_sk)] CtxOcc: 1 -> 1016551

  --- Iteration 2 ---
  Found 8 join(s) in physical plan.
  Found 64 log entries in cardinality_log.txt.
  Matched 2 expression(s) to actual cardinalities.
  [MATCH WARN] Unresolved physical joins: 6
    [VERIFY] Running verification for iteration 2...
    [VERIFY] Check 1 PASSED: 2 injected log values match the pre-update JSON.
    [VERIFY] Check 2 PASSED: All 2 JSON keys found in the cardinality log.
    [VERIFY] Check 3 PASSED: All 2 previously-known joins (non-CTE) were INJECTED.
    [VERIFY] Check 4 PASSED: All injected cardinalities match actual plan cardinalities.
    [VERIFY] Check 5 PASSED: 2 mappings; all expression strings unique.
    [VERIFY] Check 6 INFO: matched 2/8 joins-with-conditions (unmatched=6).
    [VERIFY] Check 7 PASSED: no ambiguous match candidates.
    [VERIFY] Check 8 PASSED: all 2 JSON keys were INJECTED (2 applied).
    [VERIFY] Check 9 PASSED: all 2 pre-update keys preserved in post-update JSON.
  Verification passed.
  Plan CONVERGED after 2 iterations.

============================================================
  Query 67
============================================================

  --- Iteration 1 ---
  Found 3 join(s) in physical plan.
  Found 12 log entries in cardinality_log.txt.
  Matched 1 expression(s) to actual cardinalities.
  [MATCH WARN] Unresolved physical joins: 2
    [NEW] LOGICAL_JOIN: RelSets: [0, 1] RelBindings: [0:store_sales | 1:date_dim] NumRels: [0, 1] CtxInputCards: [0:28800991 | 1:366] CtxParentSplit: [[0] | [1]] CtxEdgeSig: [jt=3,res=0,li=0:0,ri=1:0,fi=2] Filters: [(ss_sold_date_sk = d_date_sk)] CtxOcc: 1 -> 5517139

  --- Iteration 2 ---
  Found 3 join(s) in physical plan.
  Found 12 log entries in cardinality_log.txt.
  Matched 1 expression(s) to actual cardinalities.
  [MATCH WARN] Unresolved physical joins: 2
    [VERIFY] Running verification for iteration 2...
    [VERIFY] Check 1 PASSED: 1 injected log values match the pre-update JSON.
    [VERIFY] Check 2 PASSED: All 1 JSON keys found in the cardinality log.
    [VERIFY] Check 3 PASSED: All 1 previously-known joins (non-CTE) were INJECTED.
    [VERIFY] Check 4 PASSED: All injected cardinalities match actual plan cardinalities.
    [VERIFY] Check 5 PASSED: 1 mappings; all expression strings unique.
    [VERIFY] Check 6 INFO: matched 1/3 joins-with-conditions (unmatched=2).
    [VERIFY] Check 7 PASSED: no ambiguous match candidates.
    [VERIFY] Check 8 PASSED: all 1 JSON keys were INJECTED (1 applied).
    [VERIFY] Check 9 PASSED: all 1 pre-update keys preserved in post-update JSON.
  Verification passed.
  Plan CONVERGED after 2 iterations.

============================================================
  Query 68
============================================================

  --- Iteration 1 ---
  Found 6 join(s) in physical plan.
  Found 38 log entries in cardinality_log.txt.
  Matched 2 expression(s) to actual cardinalities.
  [MATCH WARN] Unresolved physical joins: 4
    [NEW] LOGICAL_JOIN: RelSets: [0, 1] RelBindings: [0:store_sales, date_dim, store, household_demographics, customer_address | 1:customer] NumRels: [0, 1] CtxInputCards: [0:46748 | 1:500000] CtxParentSplit: [[0] | [1]] CtxEdgeSig: [jt=3,res=0,li=0:1,ri=1:0,fi=2] Filters: [(ss_customer_sk = c_customer_sk)] CtxOcc: 1 -> 6738
    [NEW] LOGICAL_JOIN: RelSets: [0, 1] RelBindings: [0:store_sales | 1:date_dim] NumRels: [0, 1] CtxInputCards: [0:28800991 | 1:71] CtxParentSplit: [[0] | [1]] CtxEdgeSig: [jt=3,res=0,li=0:0,ri=1:0,fi=3] Filters: [(ss_sold_date_sk = d_date_sk)] CtxOcc: 1 -> 1082294

  --- Iteration 2 ---
  Found 6 join(s) in physical plan.
  Found 38 log entries in cardinality_log.txt.
  Matched 2 expression(s) to actual cardinalities.
  [MATCH WARN] Unresolved physical joins: 4
    [VERIFY] Running verification for iteration 2...
    [VERIFY] Check 1 PASSED: 2 injected log values match the pre-update JSON.
    [VERIFY] Check 2 PASSED: All 2 JSON keys found in the cardinality log.
    [VERIFY] Check 3 PASSED: All 2 previously-known joins (non-CTE) were INJECTED.
    [VERIFY] Check 4 PASSED: All injected cardinalities match actual plan cardinalities.
    [VERIFY] Check 5 PASSED: 2 mappings; all expression strings unique.
    [VERIFY] Check 6 INFO: matched 2/6 joins-with-conditions (unmatched=4).
    [VERIFY] Check 7 PASSED: no ambiguous match candidates.
    [VERIFY] Check 8 PASSED: all 2 JSON keys were INJECTED (2 applied).
    [VERIFY] Check 9 PASSED: all 2 pre-update keys preserved in post-update JSON.
  Verification passed.
  Plan CONVERGED after 2 iterations.

============================================================
  Query 69
============================================================

  --- Iteration 1 ---
  Found 14 join(s) in physical plan.
  Found 16 log entries in cardinality_log.txt.
  Matched 4 expression(s) to actual cardinalities.
  [MATCH WARN] Unresolved physical joins: 4
    [NEW] LOGICAL_JOIN: RelSets: [0, 1] RelBindings: [0:customer | 1:customer_address] NumRels: [0, 1] CtxInputCards: [0:500000 | 1:50000] CtxParentSplit: [[0] | [1]] CtxEdgeSig: [jt=3,res=0,li=0:0,ri=1:0,fi=1] Filters: [(c_current_addr_sk = ca_address_sk)] CtxOcc: 1 -> 47706
    [NEW] LOGICAL_JOIN: RelSets: [0, 1] RelBindings: [0:store_sales | 1:date_dim] NumRels: [0, 1] CtxInputCards: [0:28800991 | 1:91] CtxParentSplit: [[0] | [1]] CtxEdgeSig: [jt=3,res=0,li=0:1,ri=1:0,fi=1] Filters: [(ss_sold_date_sk = d_date_sk)] CtxOcc: 1 -> 795774
    [NEW] LOGICAL_JOIN: RelSets: [0, 1] RelBindings: [0:web_sales | 1:date_dim] NumRels: [0, 1] CtxInputCards: [0:7197566 | 1:91] CtxParentSplit: [[0] | [1]] CtxEdgeSig: [jt=3,res=0,li=0:1,ri=1:0,fi=1] Filters: [(ws_sold_date_sk = d_date_sk)] CtxOcc: 1 -> 210947
    [NEW] LOGICAL_JOIN: RelSets: [0, 1] RelBindings: [0:catalog_sales | 1:date_dim] NumRels: [0, 1] CtxInputCards: [0:14401261 | 1:91] CtxParentSplit: [[0] | [1]] CtxEdgeSig: [jt=3,res=0,li=0:1,ri=1:0,fi=1] Filters: [(cs_sold_date_sk = d_date_sk)] CtxOcc: 1 -> 4807

  --- Iteration 2 ---
  Found 14 join(s) in physical plan.
  Found 16 log entries in cardinality_log.txt.
  Matched 4 expression(s) to actual cardinalities.
  [MATCH WARN] Unresolved physical joins: 4
    [INFO] Cardinality update (plan changed vs last iteration; overwriting JSON):
      Expression: LOGICAL_JOIN: RelSets: [0, 1] RelBindings: [0:catalog_sales | 1:date_dim] NumRels: [0, 1] CtxInputCards: [0:14401261 | 1:91] CtxParentSplit: [[0] | [1]] CtxEdgeSig: [jt=3,res=0,li=0:1,ri=1:0,fi=1] Filters: [(cs_sold_date_sk = d_date_sk)] CtxOcc: 1
      Existing: 4807, New: 412306
    [VERIFY] Running verification for iteration 2...
    [VERIFY] Check 1 PASSED: 4 injected log values match the pre-update JSON.
    [VERIFY] Check 2 PASSED: All 4 JSON keys found in the cardinality log.
    [VERIFY] Check 3 PASSED: All 4 previously-known joins (non-CTE) were INJECTED.
    [VERIFY] Check 4 INFO: 1 injected != actual (plan may have changed):
      LOGICAL_JOIN: RelSets: [0, 1] RelBindings: [0:catalog_sales | 1:date_dim] NumRels: [0, 1] CtxInputCards: [0:14401261 | 1:91] CtxParentSplit: [[0] | [1]] CtxEdgeSig: [jt=3,res=0,li=0:1,ri=1:0,fi=1] Filters: [(cs_sold_date_sk = d_date_sk)] CtxOcc: 1
        Injected: 4807, Actual: 412306
    [VERIFY] Check 5 PASSED: 4 mappings; all expression strings unique.
    [VERIFY] Check 6 INFO: matched 4/14 joins-with-conditions (unmatched=10).
    [VERIFY] Check 7 PASSED: no ambiguous match candidates.
    [VERIFY] Check 8 PASSED: all 4 JSON keys were INJECTED (4 applied).
    [VERIFY] Check 9 PASSED: all 4 pre-update keys preserved in post-update JSON.
  Verification passed.
  Plan CHANGED on iteration 2.

  --- Iteration 3 ---
  Found 14 join(s) in physical plan.
  Found 16 log entries in cardinality_log.txt.
  Matched 4 expression(s) to actual cardinalities.
  [MATCH WARN] Unresolved physical joins: 4
    [INFO] Cardinality update (plan changed vs last iteration; overwriting JSON):
      Expression: LOGICAL_JOIN: RelSets: [0, 1] RelBindings: [0:catalog_sales | 1:date_dim] NumRels: [0, 1] CtxInputCards: [0:14401261 | 1:91] CtxParentSplit: [[0] | [1]] CtxEdgeSig: [jt=3,res=0,li=0:1,ri=1:0,fi=1] Filters: [(cs_sold_date_sk = d_date_sk)] CtxOcc: 1
      Existing: 412306, New: 4807
    [VERIFY] Running verification for iteration 3...
    [VERIFY] Check 1 PASSED: 4 injected log values match the pre-update JSON.
    [VERIFY] Check 2 PASSED: All 4 JSON keys found in the cardinality log.
    [VERIFY] Check 3 PASSED: All 4 previously-known joins (non-CTE) were INJECTED.
    [VERIFY] Check 4 INFO: 1 injected != actual (plan may have changed):
      LOGICAL_JOIN: RelSets: [0, 1] RelBindings: [0:catalog_sales | 1:date_dim] NumRels: [0, 1] CtxInputCards: [0:14401261 | 1:91] CtxParentSplit: [[0] | [1]] CtxEdgeSig: [jt=3,res=0,li=0:1,ri=1:0,fi=1] Filters: [(cs_sold_date_sk = d_date_sk)] CtxOcc: 1
        Injected: 412306, Actual: 4807
    [VERIFY] Check 5 PASSED: 4 mappings; all expression strings unique.
    [VERIFY] Check 6 INFO: matched 4/14 joins-with-conditions (unmatched=10).
    [VERIFY] Check 7 PASSED: no ambiguous match candidates.
    [VERIFY] Check 8 PASSED: all 4 JSON keys were INJECTED (4 applied).
    [VERIFY] Check 9 PASSED: all 4 pre-update keys preserved in post-update JSON.
  Verification passed.
  Plan CHANGED on iteration 3.
  Plan OSCILLATION detected: cycle of length 2 (iteration 1 == iteration 3).
  [OSCILLATION-CLEANUP] Removed 1 oscillating key(s) from JSON.
    LOGICAL_JOIN: RelSets: [0, 1] RelBindings: [0:catalog_sales | 1:date_dim] NumRels: [0, 1] CtxInputCards: [0:14401261 | 1:91] CtxParentSplit:... cards=[4807, 412306, 4807]

============================================================
  Query 70
============================================================

  --- Iteration 1 ---
  Found 4 join(s) in physical plan.
  Found 14 log entries in cardinality_log.txt.
  Matched 1 expression(s) to actual cardinalities.
  [MATCH WARN] Unresolved physical joins: 3
    [INFO-AMBIGUOUS-RESOLVED] stage0 unique key (candidates=2): LOGICAL_JOIN: RelSets: [0, 1] RelBindings: [0:store_sales | 1:date_dim] NumRels: [0, 1] CtxInputCards: [0:28800991 | 1:366] CtxParentSplit: [[0] | [1]] CtxEdgeSig: [jt=3,res=0,li=0:0,ri=1:1,fi=2] Filters: [(ss_sold_date_sk = d_date_sk)] CtxOcc: 1
    [NEW] LOGICAL_JOIN: RelSets: [0, 1] RelBindings: [0:store_sales | 1:date_dim] NumRels: [0, 1] CtxInputCards: [0:28800991 | 1:366] CtxParentSplit: [[0] | [1]] CtxEdgeSig: [jt=3,res=0,li=0:0,ri=1:1,fi=2] Filters: [(ss_sold_date_sk = d_date_sk)] CtxOcc: 1 -> 5519337

  --- Iteration 2 ---
  Found 4 join(s) in physical plan.
  Found 14 log entries in cardinality_log.txt.
  Matched 1 expression(s) to actual cardinalities.
  [MATCH WARN] Unresolved physical joins: 3
    [INFO-AMBIGUOUS-RESOLVED] stage0 unique key (candidates=2): LOGICAL_JOIN: RelSets: [0, 1] RelBindings: [0:store_sales | 1:date_dim] NumRels: [0, 1] CtxInputCards: [0:28800991 | 1:366] CtxParentSplit: [[0] | [1]] CtxEdgeSig: [jt=3,res=0,li=0:0,ri=1:1,fi=2] Filters: [(ss_sold_date_sk = d_date_sk)] CtxOcc: 1
    [VERIFY] Running verification for iteration 2...
    [VERIFY] Check 1 PASSED: 1 injected log values match the pre-update JSON.
    [VERIFY] Check 2 PASSED: All 1 JSON keys found in the cardinality log.
    [VERIFY] Check 3 PASSED: All 1 previously-known joins (non-CTE) were INJECTED.
    [VERIFY] Check 4 PASSED: All injected cardinalities match actual plan cardinalities.
    [VERIFY] Check 5 PASSED: 1 mappings; all expression strings unique.
    [VERIFY] Check 6 INFO: matched 1/4 joins-with-conditions (unmatched=3).
    [VERIFY] Check 7 INFO: 1 ambiguous match(es); stage0=1, non_stage0=0.
    [VERIFY] Check 8 PASSED: all 1 JSON keys were INJECTED (1 applied).
    [VERIFY] Check 9 PASSED: all 1 pre-update keys preserved in post-update JSON.
  Verification passed.
  Plan CONVERGED after 2 iterations.

============================================================
  Query 71
============================================================

  --- Iteration 1 ---
  Found 5 join(s) in physical plan.
  Found 7 log entries in cardinality_log.txt.
  Matched 4 expression(s) to actual cardinalities.
  [MATCH WARN] Unresolved physical joins: 1
    [NEW] LOGICAL_JOIN: RelSets: [0, 1] RelBindings: [0:item | 1:web_sales, date_dim, catalog_sales, date_dim, store_sales, date_dim] NumRels: [0, 1] CtxInputCards: [0:1020 | 1:709142] CtxParentSplit: [[0] | [1]] CtxEdgeSig: [jt=3,res=0,li=0:0,ri=1:2,fi=1] Filters: [(i_item_sk = sold_item_sk)] CtxOcc: 1 -> 28821
    [NEW] LOGICAL_JOIN: RelSets: [0, 1] RelBindings: [0:web_sales | 1:date_dim] NumRels: [0, 1] CtxInputCards: [0:7197566 | 1:28] CtxParentSplit: [[0] | [1]] CtxEdgeSig: [jt=3,res=0,li=0:0,ri=1:0,fi=0] Filters: [(ws_sold_date_sk = d_date_sk)] CtxOcc: 1 -> 231909
    [NEW] LOGICAL_JOIN: RelSets: [0, 1] RelBindings: [0:catalog_sales | 1:date_dim] NumRels: [0, 1] CtxInputCards: [0:14401261 | 1:28] CtxParentSplit: [[0] | [1]] CtxEdgeSig: [jt=3,res=0,li=0:0,ri=1:0,fi=0] Filters: [(cs_sold_date_sk = d_date_sk)] CtxOcc: 1 -> 464090
    [NEW] LOGICAL_JOIN: RelSets: [0, 1] RelBindings: [0:store_sales | 1:date_dim] NumRels: [0, 1] CtxInputCards: [0:28800991 | 1:28] CtxParentSplit: [[0] | [1]] CtxEdgeSig: [jt=3,res=0,li=0:0,ri=1:0,fi=0] Filters: [(ss_sold_date_sk = d_date_sk)] CtxOcc: 1 -> 879856

  --- Iteration 2 ---
  Found 5 join(s) in physical plan.
  Found 7 log entries in cardinality_log.txt.
  Matched 4 expression(s) to actual cardinalities.
  [MATCH WARN] Unresolved physical joins: 1
    [NEW] LOGICAL_JOIN: RelSets: [0, 1] RelBindings: [0:item | 1:web_sales, date_dim, catalog_sales, date_dim, store_sales, date_dim] NumRels: [0, 1] CtxInputCards: [0:1020 | 1:1575855] CtxParentSplit: [[0] | [1]] CtxEdgeSig: [jt=3,res=0,li=0:0,ri=1:2,fi=1] Filters: [(i_item_sk = sold_item_sk)] CtxOcc: 1 -> 27270
    [INFO] Cardinality update (plan changed vs last iteration; overwriting JSON):
      Expression: LOGICAL_JOIN: RelSets: [0, 1] RelBindings: [0:web_sales | 1:date_dim] NumRels: [0, 1] CtxInputCards: [0:7197566 | 1:28] CtxParentSplit: [[0] | [1]] CtxEdgeSig: [jt=3,res=0,li=0:0,ri=1:0,fi=0] Filters: [(ws_sold_date_sk = d_date_sk)] CtxOcc: 1
      Existing: 231909, New: 227445
    [INFO] Cardinality update (plan changed vs last iteration; overwriting JSON):
      Expression: LOGICAL_JOIN: RelSets: [0, 1] RelBindings: [0:catalog_sales | 1:date_dim] NumRels: [0, 1] CtxInputCards: [0:14401261 | 1:28] CtxParentSplit: [[0] | [1]] CtxEdgeSig: [jt=3,res=0,li=0:0,ri=1:0,fi=0] Filters: [(cs_sold_date_sk = d_date_sk)] CtxOcc: 1
      Existing: 464090, New: 389296
    [INFO] Cardinality update (plan changed vs last iteration; overwriting JSON):
      Expression: LOGICAL_JOIN: RelSets: [0, 1] RelBindings: [0:store_sales | 1:date_dim] NumRels: [0, 1] CtxInputCards: [0:28800991 | 1:28] CtxParentSplit: [[0] | [1]] CtxEdgeSig: [jt=3,res=0,li=0:0,ri=1:0,fi=0] Filters: [(ss_sold_date_sk = d_date_sk)] CtxOcc: 1
      Existing: 879856, New: 878896
    [VERIFY] Running verification for iteration 2...
    [VERIFY] Check 1 PASSED: 3 injected log values match the pre-update JSON.
    [VERIFY] Check 2 WARN: JSON key not in log: LOGICAL_JOIN: RelSets: [0, 1] RelBindings: [0:item | 1:web_sales, date_dim, catalog_sales, date_dim, store_sales, date_dim] NumRels: [0, 1] CtxInputCards: [0:1020 | 1:709142] CtxParentSplit: [[0] | [1]] CtxEdgeSig: [jt=3,res=0,li=0:0,ri=1:2,fi=1] Filters: [(i_item_sk = sold_item_sk)] CtxOcc: 1
    [VERIFY] Check 3 INFO: 1 new join(s) from plan change (not previously injected, OK).
    [VERIFY] Check 3 PASSED: All 3 previously-known joins (non-CTE) were INJECTED.
    [VERIFY] Check 4 INFO: 3 injected != actual (plan may have changed):
      LOGICAL_JOIN: RelSets: [0, 1] RelBindings: [0:web_sales | 1:date_dim] NumRels: [0, 1] CtxInputCards: [0:7197566 | 1:28] CtxParentSplit: [[0] | [1]] CtxEdgeSig: [jt=3,res=0,li=0:0,ri=1:0,fi=0] Filters: [(ws_sold_date_sk = d_date_sk)] CtxOcc: 1
        Injected: 231909, Actual: 227445
      LOGICAL_JOIN: RelSets: [0, 1] RelBindings: [0:catalog_sales | 1:date_dim] NumRels: [0, 1] CtxInputCards: [0:14401261 | 1:28] CtxParentSplit: [[0] | [1]] CtxEdgeSig: [jt=3,res=0,li=0:0,ri=1:0,fi=0] Filters: [(cs_sold_date_sk = d_date_sk)] CtxOcc: 1
        Injected: 464090, Actual: 389296
      LOGICAL_JOIN: RelSets: [0, 1] RelBindings: [0:store_sales | 1:date_dim] NumRels: [0, 1] CtxInputCards: [0:28800991 | 1:28] CtxParentSplit: [[0] | [1]] CtxEdgeSig: [jt=3,res=0,li=0:0,ri=1:0,fi=0] Filters: [(ss_sold_date_sk = d_date_sk)] CtxOcc: 1
        Injected: 879856, Actual: 878896
    [VERIFY] Check 5 PASSED: 4 mappings; all expression strings unique.
    [VERIFY] Check 6 INFO: matched 4/5 joins-with-conditions (unmatched=1).
    [VERIFY] Check 7 PASSED: no ambiguous match candidates.
    [VERIFY] Check 8 INFO: 1 JSON key(s) not visited by optimizer (plan shape changed, key's subplan not reached).
    [VERIFY] Check 9 PASSED: all 4 pre-update keys preserved in post-update JSON.
  Verification passed.
  Plan CHANGED on iteration 2.

  --- Iteration 3 ---
  Found 5 join(s) in physical plan.
  Found 7 log entries in cardinality_log.txt.
  Matched 4 expression(s) to actual cardinalities.
  [MATCH WARN] Unresolved physical joins: 1
    [NEW] LOGICAL_JOIN: RelSets: [0, 1] RelBindings: [0:item | 1:web_sales, date_dim, catalog_sales, date_dim, store_sales, date_dim] NumRels: [0, 1] CtxInputCards: [0:1020 | 1:1495637] CtxParentSplit: [[0] | [1]] CtxEdgeSig: [jt=3,res=0,li=0:0,ri=1:2,fi=1] Filters: [(i_item_sk = sold_item_sk)] CtxOcc: 1 -> 27270
    [VERIFY] Running verification for iteration 3...
    [VERIFY] Check 1 PASSED: 3 injected log values match the pre-update JSON.
    [VERIFY] Check 2 WARN: JSON key not in log: LOGICAL_JOIN: RelSets: [0, 1] RelBindings: [0:item | 1:web_sales, date_dim, catalog_sales, date_dim, store_sales, date_dim] NumRels: [0, 1] CtxInputCards: [0:1020 | 1:709142] CtxParentSplit: [[0] | [1]] CtxEdgeSig: [jt=3,res=0,li=0:0,ri=1:2,fi=1] Filters: [(i_item_sk = sold_item_sk)] CtxOcc: 1
    [VERIFY] Check 2 WARN: JSON key not in log: LOGICAL_JOIN: RelSets: [0, 1] RelBindings: [0:item | 1:web_sales, date_dim, catalog_sales, date_dim, store_sales, date_dim] NumRels: [0, 1] CtxInputCards: [0:1020 | 1:1575855] CtxParentSplit: [[0] | [1]] CtxEdgeSig: [jt=3,res=0,li=0:0,ri=1:2,fi=1] Filters: [(i_item_sk = sold_item_sk)] CtxOcc: 1
    [VERIFY] Check 3 INFO: 1 new join(s) from plan change (not previously injected, OK).
    [VERIFY] Check 3 PASSED: All 3 previously-known joins (non-CTE) were INJECTED.
    [VERIFY] Check 4 PASSED: All injected cardinalities match actual plan cardinalities.
    [VERIFY] Check 5 PASSED: 4 mappings; all expression strings unique.
    [VERIFY] Check 6 INFO: matched 4/5 joins-with-conditions (unmatched=1).
    [VERIFY] Check 7 PASSED: no ambiguous match candidates.
    [VERIFY] Check 8 INFO: 2 JSON key(s) not visited by optimizer (plan shape changed, key's subplan not reached).
    [VERIFY] Check 9 PASSED: all 5 pre-update keys preserved in post-update JSON.
  Verification passed.

  --- Iteration 4 ---
  Found 5 join(s) in physical plan.
  Found 7 log entries in cardinality_log.txt.
  Matched 4 expression(s) to actual cardinalities.
  [MATCH WARN] Unresolved physical joins: 1
    [VERIFY] Running verification for iteration 4...
    [VERIFY] Check 1 PASSED: 4 injected log values match the pre-update JSON.
    [VERIFY] Check 2 WARN: JSON key not in log: LOGICAL_JOIN: RelSets: [0, 1] RelBindings: [0:item | 1:web_sales, date_dim, catalog_sales, date_dim, store_sales, date_dim] NumRels: [0, 1] CtxInputCards: [0:1020 | 1:709142] CtxParentSplit: [[0] | [1]] CtxEdgeSig: [jt=3,res=0,li=0:0,ri=1:2,fi=1] Filters: [(i_item_sk = sold_item_sk)] CtxOcc: 1
    [VERIFY] Check 2 WARN: JSON key not in log: LOGICAL_JOIN: RelSets: [0, 1] RelBindings: [0:item | 1:web_sales, date_dim, catalog_sales, date_dim, store_sales, date_dim] NumRels: [0, 1] CtxInputCards: [0:1020 | 1:1575855] CtxParentSplit: [[0] | [1]] CtxEdgeSig: [jt=3,res=0,li=0:0,ri=1:2,fi=1] Filters: [(i_item_sk = sold_item_sk)] CtxOcc: 1
    [VERIFY] Check 3 PASSED: All 4 previously-known joins (non-CTE) were INJECTED.
    [VERIFY] Check 4 PASSED: All injected cardinalities match actual plan cardinalities.
    [VERIFY] Check 5 PASSED: 4 mappings; all expression strings unique.
    [VERIFY] Check 6 INFO: matched 4/5 joins-with-conditions (unmatched=1).
    [VERIFY] Check 7 PASSED: no ambiguous match candidates.
    [VERIFY] Check 8 INFO: 2 JSON key(s) not visited by optimizer (plan shape changed, key's subplan not reached).
    [VERIFY] Check 9 PASSED: all 6 pre-update keys preserved in post-update JSON.
  Verification passed.
  Plan CONVERGED after 4 iterations.

  [TIMING] Comparing vanilla vs feedback plan for Q71 (5 runs each)...
    Vanilla:  min=0.088s  mean=0.090s  runs=[0.09207454200077336, 0.09320049999951152, 0.0895033329979924, 0.0875171669977135, 0.08912433300065459]
    Feedback: min=0.087s  mean=0.091s  runs=[0.09048900000198046, 0.08665579100124887, 0.08852191699770628, 0.101624458002334, 0.08998116699876846]
    Speedup (min): 1.01x (FASTER)

============================================================
  Query 72
============================================================

  --- Iteration 1 ---
  Found 10 join(s) in physical plan.
  Found 1044 log entries in cardinality_log.txt.
  Matched 2 expression(s) to actual cardinalities.
  [MATCH WARN] Unresolved physical joins: 7
    [INFO-AMBIGUOUS-RESOLVED] stage0 unique key (candidates=3): LOGICAL_JOIN: RelSets: [1, 6, 7] RelBindings: [1:inventory | 6:date_dim | 7:date_dim] NumRels: [1, 6, 7] CtxInputCards: [1:133110000 | 6:364 | 7:73049] CtxParentSplit: [[1, 7] | [6]] CtxEdgeSig: [jt=3,res=0,li=1:2,ri=7:0,fi=3 | jt=3,res=0,li=6:1,ri=7:1,fi=2] Filters: [(d_week_seq = d_week_seq) AND (inv_date_sk = d_date_sk)] CtxOcc: 1
    [NEW] LOGICAL_JOIN: RelSets: [1, 6, 7] RelBindings: [1:inventory | 6:date_dim | 7:date_dim] NumRels: [1, 6, 7] CtxInputCards: [1:133110000 | 6:364 | 7:73049] CtxParentSplit: [[1, 7] | [6]] CtxEdgeSig: [jt=3,res=0,li=1:2,ri=7:0,fi=3 | jt=3,res=0,li=6:1,ri=7:1,fi=2] Filters: [(d_week_seq = d_week_seq) AND (inv_date_sk = d_date_sk)] CtxOcc: 1 -> 186150000
    [NEW] LOGICAL_JOIN: RelSets: [0, 5] RelBindings: [0:catalog_sales | 5:household_demographics] NumRels: [0, 5] CtxInputCards: [0:14401261 | 5:1200] CtxParentSplit: [[0] | [5]] CtxEdgeSig: [jt=3,res=0,li=0:2,ri=5:0,fi=5] Filters: [(cs_bill_hdemo_sk = hd_demo_sk)] CtxOcc: 1 -> 477641

  --- Iteration 2 ---
  Found 10 join(s) in physical plan.
  Found 1044 log entries in cardinality_log.txt.
  Matched 2 expression(s) to actual cardinalities.
  [MATCH WARN] Unresolved physical joins: 7
    [INFO-AMBIGUOUS-RESOLVED] stage0 unique key (candidates=3): LOGICAL_JOIN: RelSets: [1, 6, 7] RelBindings: [1:inventory | 6:date_dim | 7:date_dim] NumRels: [1, 6, 7] CtxInputCards: [1:133110000 | 6:364 | 7:73049] CtxParentSplit: [[1] | [6, 7]] CtxEdgeSig: [jt=3,res=0,li=1:2,ri=7:0,fi=3 | jt=3,res=0,li=6:1,ri=7:1,fi=2] Filters: [(d_week_seq = d_week_seq) AND (inv_date_sk = d_date_sk)] CtxOcc: 1
    [NEW] LOGICAL_JOIN: RelSets: [1, 6, 7] RelBindings: [1:inventory | 6:date_dim | 7:date_dim] NumRels: [1, 6, 7] CtxInputCards: [1:133110000 | 6:364 | 7:73049] CtxParentSplit: [[1] | [6, 7]] CtxEdgeSig: [jt=3,res=0,li=1:2,ri=7:0,fi=3 | jt=3,res=0,li=6:1,ri=7:1,fi=2] Filters: [(d_week_seq = d_week_seq) AND (inv_date_sk = d_date_sk)] CtxOcc: 1 -> 186150000
    [VERIFY] Running verification for iteration 2...
    [VERIFY] Check 1 PASSED: 2 injected log values match the pre-update JSON.
    [VERIFY] Check 2 PASSED: All 2 JSON keys found in the cardinality log.
    [VERIFY] Check 3 INFO: 1 new join(s) from plan change (not previously injected, OK).
    [VERIFY] Check 3 PASSED: All 1 previously-known joins (non-CTE) were INJECTED.
    [VERIFY] Check 4 PASSED: All injected cardinalities match actual plan cardinalities.
    [VERIFY] Check 5 PASSED: 2 mappings; all expression strings unique.
    [VERIFY] Check 6 INFO: matched 2/10 joins-with-conditions (unmatched=8).
    [VERIFY] Check 7 INFO: 1 ambiguous match(es); stage0=1, non_stage0=0.
    [VERIFY] Check 8 PASSED: all 2 JSON keys were INJECTED (2 applied).
    [VERIFY] Check 9 PASSED: all 2 pre-update keys preserved in post-update JSON.
  Verification passed.

  --- Iteration 3 ---
  Found 10 join(s) in physical plan.
  Found 1044 log entries in cardinality_log.txt.
  Matched 2 expression(s) to actual cardinalities.
  [MATCH WARN] Unresolved physical joins: 7
    [NEW] LOGICAL_JOIN: RelSets: [1, 2] RelBindings: [1:inventory | 2:warehouse] NumRels: [1, 2] CtxInputCards: [1:133110000 | 2:10] CtxParentSplit: [[1] | [2]] CtxEdgeSig: [jt=3,res=0,li=1:1,ri=2:0,fi=9] Filters: [(inv_warehouse_sk = w_warehouse_sk)] CtxOcc: 1 -> 27029991
    [INFO] Cardinality update (plan changed vs last iteration; overwriting JSON):
      Expression: LOGICAL_JOIN: RelSets: [0, 5] RelBindings: [0:catalog_sales | 5:household_demographics] NumRels: [0, 5] CtxInputCards: [0:14401261 | 5:1200] CtxParentSplit: [[0] | [5]] CtxEdgeSig: [jt=3,res=0,li=0:2,ri=5:0,fi=5] Filters: [(cs_bill_hdemo_sk = hd_demo_sk)] CtxOcc: 1
      Existing: 477641, New: 482135
    [VERIFY] Running verification for iteration 3...
    [VERIFY] Check 1 PASSED: 3 injected log values match the pre-update JSON.
    [VERIFY] Check 2 PASSED: All 3 JSON keys found in the cardinality log.
    [VERIFY] Check 3 INFO: 1 new join(s) from plan change (not previously injected, OK).
    [VERIFY] Check 3 PASSED: All 1 previously-known joins (non-CTE) were INJECTED.
    [VERIFY] Check 4 INFO: 1 injected != actual (plan may have changed):
      LOGICAL_JOIN: RelSets: [0, 5] RelBindings: [0:catalog_sales | 5:household_demographics] NumRels: [0, 5] CtxInputCards: [0:14401261 | 5:1200] CtxParentSplit: [[0] | [5]] CtxEdgeSig: [jt=3,res=0,li=0:2,ri=5:0,fi=5] Filters: [(cs_bill_hdemo_sk = hd_demo_sk)] CtxOcc: 1
        Injected: 477641, Actual: 482135
    [VERIFY] Check 5 PASSED: 2 mappings; all expression strings unique.
    [VERIFY] Check 6 INFO: matched 2/10 joins-with-conditions (unmatched=8).
    [VERIFY] Check 7 PASSED: no ambiguous match candidates.
    [VERIFY] Check 8 PASSED: all 3 JSON keys were INJECTED (3 applied).
    [VERIFY] Check 9 PASSED: all 3 pre-update keys preserved in post-update JSON.
  Verification passed.
  Plan CHANGED on iteration 3.

  --- Iteration 4 ---
  Found 10 join(s) in physical plan.
  Found 1044 log entries in cardinality_log.txt.
  Matched 2 expression(s) to actual cardinalities.
  [MATCH WARN] Unresolved physical joins: 7
    [INFO] Small stable-plan drift (keeping existing JSON value):
      Expression: LOGICAL_JOIN: RelSets: [0, 5] RelBindings: [0:catalog_sales | 5:household_demographics] NumRels: [0, 5] CtxInputCards: [0:14401261 | 5:1200] CtxParentSplit: [[0] | [5]] CtxEdgeSig: [jt=3,res=0,li=0:2,ri=5:0,fi=5] Filters: [(cs_bill_hdemo_sk = hd_demo_sk)] CtxOcc: 1
      Existing: 482135, New: 482124, Delta: 11 (0.002282%)
    [VERIFY] Running verification for iteration 4...
    [VERIFY] Check 1 PASSED: 4 injected log values match the pre-update JSON.
    [VERIFY] Check 2 PASSED: All 4 JSON keys found in the cardinality log.
    [VERIFY] Check 3 PASSED: All 2 previously-known joins (non-CTE) were INJECTED.
    [VERIFY] Check 4 PASSED: All injected cardinalities match actual plan cardinalities.
    [VERIFY] Check 4 INFO: tolerated 1 small stable-plan drift(s) (treated as measurement noise).
    [VERIFY] Check 5 PASSED: 2 mappings; all expression strings unique.
    [VERIFY] Check 6 INFO: matched 2/10 joins-with-conditions (unmatched=8).
    [VERIFY] Check 7 PASSED: no ambiguous match candidates.
    [VERIFY] Check 8 PASSED: all 4 JSON keys were INJECTED (4 applied).
    [VERIFY] Check 9 PASSED: all 4 pre-update keys preserved in post-update JSON.
  Verification passed.
  Plan CONVERGED after 4 iterations.

  [TIMING] Comparing vanilla vs feedback plan for Q72 (5 runs each)...
    Vanilla:  min=1.026s  mean=1.043s  runs=[1.0342232919974776, 1.0843747079998138, 1.0262890419980977, 1.0323367499986489, 1.0363339169998653]
    Feedback: min=0.241s  mean=0.247s  runs=[0.24795591599831823, 0.26205304199902457, 0.2431789160000335, 0.24123833300109254, 0.2429834579997987]
    Speedup (min): 4.25x (FASTER)

============================================================
  Query 73
============================================================

  --- Iteration 1 ---
  Found 4 join(s) in physical plan.
  Found 13 log entries in cardinality_log.txt.
  Matched 2 expression(s) to actual cardinalities.
  [MATCH WARN] Unresolved physical joins: 2
    [NEW] LOGICAL_JOIN: RelSets: [0, 1] RelBindings: [0:store_sales, date_dim, store, household_demographics | 1:customer] NumRels: [0, 1] CtxInputCards: [0:1792 | 1:500000] CtxParentSplit: [[0] | [1]] CtxEdgeSig: [jt=3,res=0,li=0:1,ri=1:0,fi=0] Filters: [(ss_customer_sk = c_customer_sk)] CtxOcc: 1 -> 17
    [NEW] LOGICAL_JOIN: RelSets: [0, 1] RelBindings: [0:store_sales | 1:date_dim] NumRels: [0, 1] CtxInputCards: [0:28800991 | 1:71] CtxParentSplit: [[0] | [1]] CtxEdgeSig: [jt=3,res=0,li=0:0,ri=1:0,fi=2] Filters: [(ss_sold_date_sk = d_date_sk)] CtxOcc: 1 -> 1078622

  --- Iteration 2 ---
  Found 4 join(s) in physical plan.
  Found 13 log entries in cardinality_log.txt.
  Matched 2 expression(s) to actual cardinalities.
  [MATCH WARN] Unresolved physical joins: 2
    [VERIFY] Running verification for iteration 2...
    [VERIFY] Check 1 PASSED: 2 injected log values match the pre-update JSON.
    [VERIFY] Check 2 PASSED: All 2 JSON keys found in the cardinality log.
    [VERIFY] Check 3 PASSED: All 2 previously-known joins (non-CTE) were INJECTED.
    [VERIFY] Check 4 PASSED: All injected cardinalities match actual plan cardinalities.
    [VERIFY] Check 5 PASSED: 2 mappings; all expression strings unique.
    [VERIFY] Check 6 INFO: matched 2/4 joins-with-conditions (unmatched=2).
    [VERIFY] Check 7 PASSED: no ambiguous match candidates.
    [VERIFY] Check 8 PASSED: all 2 JSON keys were INJECTED (2 applied).
    [VERIFY] Check 9 PASSED: all 2 pre-update keys preserved in post-update JSON.
  Verification passed.
  Plan CONVERGED after 2 iterations.

============================================================
  Query 74
============================================================

  --- Iteration 1 ---
  Found 11 join(s) in physical plan.
  Found 41 log entries in cardinality_log.txt.
  Matched 5 expression(s) to actual cardinalities.
  [MATCH WARN] Unresolved physical joins: 4
    [INFO-AMBIGUOUS-RESOLVED] stage0 unique key (candidates=7): LOGICAL_JOIN: RelSets: [0, 1, 2, 3] RelBindings: [0:customer, store_sales, date_dim | 1:customer, store_sales, date_dim | 2:customer, web_sales, date_dim | 3:customer, web_sales, date_dim] NumRels: [0, 1, 2, 3] CtxInputCards: [0:1053624 | 1:5268120 | 2:263284 | 3:1316420] CtxParentSplit: [[0, 1, 2] | [3]] CtxEdgeSig: [jt=3,res=0,li=0:0,ri=1:0,fi=6 | jt=3,res=0,li=0:0,ri=2:0,fi=5 | jt=3,res=0,li=0:0,ri=3:0,fi=1 | jt=3,res=0,li=1:0,ri=2:0,fi=4 | jt=3,res=0,li=1:0,ri=3:0,fi=0 | jt=3,res=0,li=2:0,ri=3:0,fi=2 | jt=3,res=1,li=2:4,ri=0:4,fi=3] Filters: [(CASE  WHEN ((year_total > 0.00)) THEN ((CAST(year_total AS DOUBLE) / CAST(year_total AS DOUBLE))) ELSE NULL END > CASE  WHEN ((year_total > 0.00)) THEN ((CAST(year_total AS DOUBLE) / CAST(year_total AS DOUBLE))) ELSE NULL END) AND (customer_id = customer_id) AND (customer_id = customer_id) AND (customer_id = customer_id) AND (customer_id = customer_id) AND (customer_id = customer_id) AND (customer_id = customer_id)] CtxOcc: 1
    [INFO-AMBIGUOUS-RESOLVED] stage0 unique key (candidates=2): LOGICAL_JOIN: RelSets: [1, 2] RelBindings: [1:store_sales | 2:date_dim] NumRels: [1, 2] CtxInputCards: [1:28800991 | 2:364] CtxParentSplit: [[1] | [2]] CtxEdgeSig: [jt=3,res=0,li=1:1,ri=2:0,fi=0] Filters: [(ss_sold_date_sk = d_date_sk)] CtxOcc: 1
    [INFO-AMBIGUOUS-RESOLVED] stage0 unique key (candidates=2): LOGICAL_JOIN: RelSets: [1, 2] RelBindings: [1:web_sales | 2:date_dim] NumRels: [1, 2] CtxInputCards: [1:7197566 | 2:364] CtxParentSplit: [[1] | [2]] CtxEdgeSig: [jt=3,res=0,li=1:1,ri=2:0,fi=0] Filters: [(ws_sold_date_sk = d_date_sk)] CtxOcc: 1
    [NEW] LOGICAL_JOIN: RelSets: [0, 1, 2, 3] RelBindings: [0:customer, store_sales, date_dim | 1:customer, store_sales, date_dim | 2:customer, web_sales, date_dim | 3:customer, web_sales, date_dim] NumRels: [0, 1, 2, 3] CtxInputCards: [0:1053624 | 1:5268120 | 2:263284 | 3:1316420] CtxParentSplit: [[0, 1, 2] | [3]] CtxEdgeSig: [jt=3,res=0,li=0:0,ri=1:0,fi=6 | jt=3,res=0,li=0:0,ri=2:0,fi=5 | jt=3,res=0,li=0:0,ri=3:0,fi=1 | jt=3,res=0,li=1:0,ri=2:0,fi=4 | jt=3,res=0,li=1:0,ri=3:0,fi=0 | jt=3,res=0,li=2:0,ri=3:0,fi=2 | jt=3,res=1,li=2:4,ri=0:4,fi=3] Filters: [(CASE  WHEN ((year_total > 0.00)) THEN ((CAST(year_total AS DOUBLE) / CAST(year_total AS DOUBLE))) ELSE NULL END > CASE  WHEN ((year_total > 0.00)) THEN ((CAST(year_total AS DOUBLE) / CAST(year_total AS DOUBLE))) ELSE NULL END) AND (customer_id = customer_id) AND (customer_id = customer_id) AND (customer_id = customer_id) AND (customer_id = customer_id) AND (customer_id = customer_id) AND (customer_id = customer_id)] CtxOcc: 1 -> 4202
    [NEW] LOGICAL_JOIN: RelSets: [1, 2] RelBindings: [1:store_sales | 2:date_dim] NumRels: [1, 2] CtxInputCards: [1:28800991 | 2:364] CtxParentSplit: [[1] | [2]] CtxEdgeSig: [jt=3,res=0,li=1:1,ri=2:0,fi=0] Filters: [(ss_sold_date_sk = d_date_sk)] CtxOcc: 1 -> 5501921
    [NEW] LOGICAL_JOIN: RelSets: [1, 2] RelBindings: [1:web_sales | 2:date_dim] NumRels: [1, 2] CtxInputCards: [1:7197566 | 2:364] CtxParentSplit: [[1] | [2]] CtxEdgeSig: [jt=3,res=0,li=1:1,ri=2:0,fi=0] Filters: [(ws_sold_date_sk = d_date_sk)] CtxOcc: 1 -> 1438820
    [NEW] LOGICAL_JOIN: RelSets: [1, 2] RelBindings: [1:store_sales | 2:date_dim] NumRels: [1, 2] CtxInputCards: [1:28800991 | 2:364] CtxParentSplit: [[1] | [2]] CtxEdgeSig: [jt=3,res=0,li=1:1,ri=2:0,fi=0] Filters: [(ss_sold_date_sk = d_date_sk)] CtxOcc: 2 -> 5469038
    [NEW] LOGICAL_JOIN: RelSets: [1, 2] RelBindings: [1:web_sales | 2:date_dim] NumRels: [1, 2] CtxInputCards: [1:7197566 | 2:364] CtxParentSplit: [[1] | [2]] CtxEdgeSig: [jt=3,res=0,li=1:1,ri=2:0,fi=0] Filters: [(ws_sold_date_sk = d_date_sk)] CtxOcc: 2 -> 1432873

  --- Iteration 2 ---
  Found 11 join(s) in physical plan.
  Found 41 log entries in cardinality_log.txt.
  Matched 5 expression(s) to actual cardinalities.
  [MATCH WARN] Unresolved physical joins: 4
    [INFO-AMBIGUOUS-RESOLVED] stage0 unique key (candidates=7): LOGICAL_JOIN: RelSets: [0, 1, 2, 3] RelBindings: [0:customer, store_sales, date_dim | 1:customer, store_sales, date_dim | 2:customer, web_sales, date_dim | 3:customer, web_sales, date_dim] NumRels: [0, 1, 2, 3] CtxInputCards: [0:1053624 | 1:5268120 | 2:263284 | 3:1316420] CtxParentSplit: [[0, 1, 2] | [3]] CtxEdgeSig: [jt=3,res=0,li=0:0,ri=1:0,fi=6 | jt=3,res=0,li=0:0,ri=2:0,fi=5 | jt=3,res=0,li=0:0,ri=3:0,fi=1 | jt=3,res=0,li=1:0,ri=2:0,fi=4 | jt=3,res=0,li=1:0,ri=3:0,fi=0 | jt=3,res=0,li=2:0,ri=3:0,fi=2 | jt=3,res=1,li=2:4,ri=0:4,fi=3] Filters: [(CASE  WHEN ((year_total > 0.00)) THEN ((CAST(year_total AS DOUBLE) / CAST(year_total AS DOUBLE))) ELSE NULL END > CASE  WHEN ((year_total > 0.00)) THEN ((CAST(year_total AS DOUBLE) / CAST(year_total AS DOUBLE))) ELSE NULL END) AND (customer_id = customer_id) AND (customer_id = customer_id) AND (customer_id = customer_id) AND (customer_id = customer_id) AND (customer_id = customer_id) AND (customer_id = customer_id)] CtxOcc: 1
    [INFO-AMBIGUOUS-RESOLVED] stage0 unique key (candidates=2): LOGICAL_JOIN: RelSets: [1, 2] RelBindings: [1:store_sales | 2:date_dim] NumRels: [1, 2] CtxInputCards: [1:28800991 | 2:364] CtxParentSplit: [[1] | [2]] CtxEdgeSig: [jt=3,res=0,li=1:1,ri=2:0,fi=0] Filters: [(ss_sold_date_sk = d_date_sk)] CtxOcc: 2
    [INFO-AMBIGUOUS-RESOLVED] stage0 unique key (candidates=2): LOGICAL_JOIN: RelSets: [1, 2] RelBindings: [1:web_sales | 2:date_dim] NumRels: [1, 2] CtxInputCards: [1:7197566 | 2:364] CtxParentSplit: [[1] | [2]] CtxEdgeSig: [jt=3,res=0,li=1:1,ri=2:0,fi=0] Filters: [(ws_sold_date_sk = d_date_sk)] CtxOcc: 1
    [INFO] Cardinality update (plan changed vs last iteration; overwriting JSON):
      Expression: LOGICAL_JOIN: RelSets: [1, 2] RelBindings: [1:store_sales | 2:date_dim] NumRels: [1, 2] CtxInputCards: [1:28800991 | 2:364] CtxParentSplit: [[1] | [2]] CtxEdgeSig: [jt=3,res=0,li=1:1,ri=2:0,fi=0] Filters: [(ss_sold_date_sk = d_date_sk)] CtxOcc: 2
      Existing: 5469038, New: 5501921
    [INFO] Cardinality update (plan changed vs last iteration; overwriting JSON):
      Expression: LOGICAL_JOIN: RelSets: [1, 2] RelBindings: [1:store_sales | 2:date_dim] NumRels: [1, 2] CtxInputCards: [1:28800991 | 2:364] CtxParentSplit: [[1] | [2]] CtxEdgeSig: [jt=3,res=0,li=1:1,ri=2:0,fi=0] Filters: [(ss_sold_date_sk = d_date_sk)] CtxOcc: 1
      Existing: 5501921, New: 5469038
    [INFO] Cardinality update (plan changed vs last iteration; overwriting JSON):
      Expression: LOGICAL_JOIN: RelSets: [1, 2] RelBindings: [1:web_sales | 2:date_dim] NumRels: [1, 2] CtxInputCards: [1:7197566 | 2:364] CtxParentSplit: [[1] | [2]] CtxEdgeSig: [jt=3,res=0,li=1:1,ri=2:0,fi=0] Filters: [(ws_sold_date_sk = d_date_sk)] CtxOcc: 1
      Existing: 1438820, New: 1432873
    [INFO] Cardinality update (plan changed vs last iteration; overwriting JSON):
      Expression: LOGICAL_JOIN: RelSets: [1, 2] RelBindings: [1:web_sales | 2:date_dim] NumRels: [1, 2] CtxInputCards: [1:7197566 | 2:364] CtxParentSplit: [[1] | [2]] CtxEdgeSig: [jt=3,res=0,li=1:1,ri=2:0,fi=0] Filters: [(ws_sold_date_sk = d_date_sk)] CtxOcc: 2
      Existing: 1432873, New: 1438820
    [VERIFY] Running verification for iteration 2...
    [VERIFY] Check 1 PASSED: 5 injected log values match the pre-update JSON.
    [VERIFY] Check 2 PASSED: All 5 JSON keys found in the cardinality log.
    [VERIFY] Check 3 PASSED: All 5 previously-known joins (non-CTE) were INJECTED.
    [VERIFY] Check 4 INFO: 4 injected != actual (plan may have changed):
      LOGICAL_JOIN: RelSets: [1, 2] RelBindings: [1:store_sales | 2:date_dim] NumRels: [1, 2] CtxInputCards: [1:28800991 | 2:364] CtxParentSplit: [[1] | [2]] CtxEdgeSig: [jt=3,res=0,li=1:1,ri=2:0,fi=0] Filters: [(ss_sold_date_sk = d_date_sk)] CtxOcc: 1
        Injected: 5501921, Actual: 5469038
      LOGICAL_JOIN: RelSets: [1, 2] RelBindings: [1:store_sales | 2:date_dim] NumRels: [1, 2] CtxInputCards: [1:28800991 | 2:364] CtxParentSplit: [[1] | [2]] CtxEdgeSig: [jt=3,res=0,li=1:1,ri=2:0,fi=0] Filters: [(ss_sold_date_sk = d_date_sk)] CtxOcc: 2
        Injected: 5469038, Actual: 5501921
      LOGICAL_JOIN: RelSets: [1, 2] RelBindings: [1:web_sales | 2:date_dim] NumRels: [1, 2] CtxInputCards: [1:7197566 | 2:364] CtxParentSplit: [[1] | [2]] CtxEdgeSig: [jt=3,res=0,li=1:1,ri=2:0,fi=0] Filters: [(ws_sold_date_sk = d_date_sk)] CtxOcc: 1
        Injected: 1438820, Actual: 1432873
      LOGICAL_JOIN: RelSets: [1, 2] RelBindings: [1:web_sales | 2:date_dim] NumRels: [1, 2] CtxInputCards: [1:7197566 | 2:364] CtxParentSplit: [[1] | [2]] CtxEdgeSig: [jt=3,res=0,li=1:1,ri=2:0,fi=0] Filters: [(ws_sold_date_sk = d_date_sk)] CtxOcc: 2
        Injected: 1432873, Actual: 1438820
    [VERIFY] Check 5 PASSED: 5 mappings; all expression strings unique.
    [VERIFY] Check 6 INFO: matched 5/11 joins-with-conditions (unmatched=6).
    [VERIFY] Check 7 INFO: 3 ambiguous match(es); stage0=3, non_stage0=0.
    [VERIFY] Check 8 PASSED: all 5 JSON keys were INJECTED (5 applied).
    [VERIFY] Check 9 PASSED: all 5 pre-update keys preserved in post-update JSON.
  Verification passed.
  Plan CHANGED on iteration 2.

  --- Iteration 3 ---
  Found 11 join(s) in physical plan.
  Found 41 log entries in cardinality_log.txt.
  Matched 5 expression(s) to actual cardinalities.
  [MATCH WARN] Unresolved physical joins: 4
    [INFO-AMBIGUOUS-RESOLVED] stage0 unique key (candidates=7): LOGICAL_JOIN: RelSets: [0, 1, 2, 3] RelBindings: [0:customer, store_sales, date_dim | 1:customer, store_sales, date_dim | 2:customer, web_sales, date_dim | 3:customer, web_sales, date_dim] NumRels: [0, 1, 2, 3] CtxInputCards: [0:1053624 | 1:5268120 | 2:263284 | 3:1316420] CtxParentSplit: [[0, 1, 2] | [3]] CtxEdgeSig: [jt=3,res=0,li=0:0,ri=1:0,fi=6 | jt=3,res=0,li=0:0,ri=2:0,fi=5 | jt=3,res=0,li=0:0,ri=3:0,fi=1 | jt=3,res=0,li=1:0,ri=2:0,fi=4 | jt=3,res=0,li=1:0,ri=3:0,fi=0 | jt=3,res=0,li=2:0,ri=3:0,fi=2 | jt=3,res=1,li=2:4,ri=0:4,fi=3] Filters: [(CASE  WHEN ((year_total > 0.00)) THEN ((CAST(year_total AS DOUBLE) / CAST(year_total AS DOUBLE))) ELSE NULL END > CASE  WHEN ((year_total > 0.00)) THEN ((CAST(year_total AS DOUBLE) / CAST(year_total AS DOUBLE))) ELSE NULL END) AND (customer_id = customer_id) AND (customer_id = customer_id) AND (customer_id = customer_id) AND (customer_id = customer_id) AND (customer_id = customer_id) AND (customer_id = customer_id)] CtxOcc: 1
    [INFO-AMBIGUOUS-RESOLVED] stage0 unique key (candidates=2): LOGICAL_JOIN: RelSets: [1, 2] RelBindings: [1:store_sales | 2:date_dim] NumRels: [1, 2] CtxInputCards: [1:28800991 | 2:364] CtxParentSplit: [[1] | [2]] CtxEdgeSig: [jt=3,res=0,li=1:1,ri=2:0,fi=0] Filters: [(ss_sold_date_sk = d_date_sk)] CtxOcc: 2
    [INFO-AMBIGUOUS-RESOLVED] stage0 unique key (candidates=2): LOGICAL_JOIN: RelSets: [1, 2] RelBindings: [1:web_sales | 2:date_dim] NumRels: [1, 2] CtxInputCards: [1:7197566 | 2:364] CtxParentSplit: [[1] | [2]] CtxEdgeSig: [jt=3,res=0,li=1:1,ri=2:0,fi=0] Filters: [(ws_sold_date_sk = d_date_sk)] CtxOcc: 1
    [VERIFY] Running verification for iteration 3...
    [VERIFY] Check 1 PASSED: 5 injected log values match the pre-update JSON.
    [VERIFY] Check 2 PASSED: All 5 JSON keys found in the cardinality log.
    [VERIFY] Check 3 PASSED: All 5 previously-known joins (non-CTE) were INJECTED.
    [VERIFY] Check 4 PASSED: All injected cardinalities match actual plan cardinalities.
    [VERIFY] Check 5 PASSED: 5 mappings; all expression strings unique.
    [VERIFY] Check 6 INFO: matched 5/11 joins-with-conditions (unmatched=6).
    [VERIFY] Check 7 INFO: 3 ambiguous match(es); stage0=3, non_stage0=0.
    [VERIFY] Check 8 PASSED: all 5 JSON keys were INJECTED (5 applied).
    [VERIFY] Check 9 PASSED: all 5 pre-update keys preserved in post-update JSON.
  Verification passed.
  Plan CONVERGED after 3 iterations.

  [TIMING] Comparing vanilla vs feedback plan for Q74 (5 runs each)...
    Vanilla:  min=0.331s  mean=0.336s  runs=[0.33107079199908185, 0.344219124999654, 0.33427516700248816, 0.3371886249988165, 0.33505774999866844]
    Feedback: min=0.330s  mean=0.333s  runs=[0.3341435000002093, 0.33120250000138185, 0.33024016600029427, 0.3366128750021744, 0.3350955829992017]
    Speedup (min): 1.00x (FASTER)

============================================================
  Query 75
============================================================

  --- Iteration 1 ---
  Found 10 join(s) in physical plan.
  Found 13 log entries in cardinality_log.txt.
  Matched 3 expression(s) to actual cardinalities.
  [MATCH WARN] Unresolved physical joins: 7
    [NEW] LOGICAL_JOIN: RelSets: [0, 1] RelBindings: [0:catalog_sales | 1:item] NumRels: [0, 1] CtxInputCards: [0:14401261 | 1:9273] CtxParentSplit: [[0] | [1]] CtxEdgeSig: [jt=3,res=0,li=0:0,ri=1:0,fi=1] Filters: [(cs_item_sk = i_item_sk)] CtxOcc: 1 -> 560467
    [NEW] LOGICAL_JOIN: RelSets: [0, 1] RelBindings: [0:store_sales | 1:item] NumRels: [0, 1] CtxInputCards: [0:28800991 | 1:9273] CtxParentSplit: [[0] | [1]] CtxEdgeSig: [jt=3,res=0,li=0:0,ri=1:0,fi=1] Filters: [(ss_item_sk = i_item_sk)] CtxOcc: 1 -> 1073739
    [NEW] LOGICAL_JOIN: RelSets: [0, 1] RelBindings: [0:web_sales | 1:item] NumRels: [0, 1] CtxInputCards: [0:7197566 | 1:9273] CtxParentSplit: [[0] | [1]] CtxEdgeSig: [jt=3,res=0,li=0:0,ri=1:0,fi=1] Filters: [(ws_item_sk = i_item_sk)] CtxOcc: 1 -> 281331

  --- Iteration 2 ---
  Found 10 join(s) in physical plan.
  Found 13 log entries in cardinality_log.txt.
  Matched 3 expression(s) to actual cardinalities.
  [MATCH WARN] Unresolved physical joins: 7
    [VERIFY] Running verification for iteration 2...
    [VERIFY] Check 1 PASSED: 3 injected log values match the pre-update JSON.
    [VERIFY] Check 2 PASSED: All 3 JSON keys found in the cardinality log.
    [VERIFY] Check 3 PASSED: All 3 previously-known joins (non-CTE) were INJECTED.
    [VERIFY] Check 4 PASSED: All injected cardinalities match actual plan cardinalities.
    [VERIFY] Check 5 PASSED: 3 mappings; all expression strings unique.
    [VERIFY] Check 6 INFO: matched 3/10 joins-with-conditions (unmatched=7).
    [VERIFY] Check 7 PASSED: no ambiguous match candidates.
    [VERIFY] Check 8 PASSED: all 3 JSON keys were INJECTED (3 applied).
    [VERIFY] Check 9 PASSED: all 3 pre-update keys preserved in post-update JSON.
  Verification passed.
  Plan CONVERGED after 2 iterations.

============================================================
  Query 76
============================================================

  --- Iteration 1 ---
  Found 6 join(s) in physical plan.
  Found 12 log entries in cardinality_log.txt.
  Matched 3 expression(s) to actual cardinalities.
  [MATCH WARN] Unresolved physical joins: 3
    [NEW] LOGICAL_JOIN: RelSets: [0, 2] RelBindings: [0:store_sales | 2:date_dim] NumRels: [0, 2] CtxInputCards: [0:7032 | 2:73049] CtxParentSplit: [[0] | [2]] CtxEdgeSig: [jt=3,res=0,li=0:1,ri=2:0,fi=0] Filters: [(ss_sold_date_sk = d_date_sk)] CtxOcc: 1 -> 648016
    [NEW] LOGICAL_JOIN: RelSets: [0, 2] RelBindings: [0:web_sales | 2:date_dim] NumRels: [0, 2] CtxInputCards: [0:1758 | 2:73049] CtxParentSplit: [[0] | [2]] CtxEdgeSig: [jt=3,res=0,li=0:1,ri=2:0,fi=0] Filters: [(ws_sold_date_sk = d_date_sk)] CtxOcc: 1 -> 876
    [NEW] LOGICAL_JOIN: RelSets: [0, 2] RelBindings: [0:catalog_sales | 2:date_dim] NumRels: [0, 2] CtxInputCards: [0:3516 | 2:73049] CtxParentSplit: [[0] | [2]] CtxEdgeSig: [jt=3,res=0,li=0:1,ri=2:0,fi=0] Filters: [(cs_sold_date_sk = d_date_sk)] CtxOcc: 1 -> 35762

  --- Iteration 2 ---
  Found 6 join(s) in physical plan.
  Found 12 log entries in cardinality_log.txt.
  Matched 3 expression(s) to actual cardinalities.
  [MATCH WARN] Unresolved physical joins: 3
    [NEW] LOGICAL_JOIN: RelSets: [0, 1] RelBindings: [0:store_sales | 1:item] NumRels: [0, 1] CtxInputCards: [0:7032 | 1:102000] CtxParentSplit: [[0] | [1]] CtxEdgeSig: [jt=3,res=0,li=0:2,ri=1:0,fi=1] Filters: [(ss_item_sk = i_item_sk)] CtxOcc: 1 -> 1295530
    [NEW] LOGICAL_JOIN: RelSets: [0, 1] RelBindings: [0:catalog_sales | 1:item] NumRels: [0, 1] CtxInputCards: [0:3516 | 1:102000] CtxParentSplit: [[0] | [1]] CtxEdgeSig: [jt=3,res=0,li=0:2,ri=1:0,fi=1] Filters: [(cs_item_sk = i_item_sk)] CtxOcc: 1 -> 71794
    [VERIFY] Running verification for iteration 2...
    [VERIFY] Check 1 PASSED: 3 injected log values match the pre-update JSON.
    [VERIFY] Check 2 PASSED: All 3 JSON keys found in the cardinality log.
    [VERIFY] Check 3 INFO: 2 new join(s) from plan change (not previously injected, OK).
    [VERIFY] Check 3 PASSED: All 1 previously-known joins (non-CTE) were INJECTED.
    [VERIFY] Check 4 PASSED: All injected cardinalities match actual plan cardinalities.
    [VERIFY] Check 5 PASSED: 3 mappings; all expression strings unique.
    [VERIFY] Check 6 INFO: matched 3/6 joins-with-conditions (unmatched=3).
    [VERIFY] Check 7 PASSED: no ambiguous match candidates.
    [VERIFY] Check 8 PASSED: all 3 JSON keys were INJECTED (3 applied).
    [VERIFY] Check 9 PASSED: all 3 pre-update keys preserved in post-update JSON.
  Verification passed.
  Plan CHANGED on iteration 2.

  --- Iteration 3 ---
  Found 6 join(s) in physical plan.
  Found 12 log entries in cardinality_log.txt.
  Matched 3 expression(s) to actual cardinalities.
  [MATCH WARN] Unresolved physical joins: 3
    [VERIFY] Running verification for iteration 3...
    [VERIFY] Check 1 PASSED: 5 injected log values match the pre-update JSON.
    [VERIFY] Check 2 PASSED: All 5 JSON keys found in the cardinality log.
    [VERIFY] Check 3 PASSED: All 3 previously-known joins (non-CTE) were INJECTED.
    [VERIFY] Check 4 PASSED: All injected cardinalities match actual plan cardinalities.
    [VERIFY] Check 5 PASSED: 3 mappings; all expression strings unique.
    [VERIFY] Check 6 INFO: matched 3/6 joins-with-conditions (unmatched=3).
    [VERIFY] Check 7 PASSED: no ambiguous match candidates.
    [VERIFY] Check 8 PASSED: all 5 JSON keys were INJECTED (5 applied).
    [VERIFY] Check 9 PASSED: all 5 pre-update keys preserved in post-update JSON.
  Verification passed.
  Plan CHANGED on iteration 3.
  No new cardinality entries. Expecting convergence next iteration.

  --- Iteration 4 ---
  Found 6 join(s) in physical plan.
  Found 12 log entries in cardinality_log.txt.
  Matched 3 expression(s) to actual cardinalities.
  [MATCH WARN] Unresolved physical joins: 3
    [VERIFY] Running verification for iteration 4...
    [VERIFY] Check 1 PASSED: 5 injected log values match the pre-update JSON.
    [VERIFY] Check 2 PASSED: All 5 JSON keys found in the cardinality log.
    [VERIFY] Check 3 PASSED: All 3 previously-known joins (non-CTE) were INJECTED.
    [VERIFY] Check 4 PASSED: All injected cardinalities match actual plan cardinalities.
    [VERIFY] Check 5 PASSED: 3 mappings; all expression strings unique.
    [VERIFY] Check 6 INFO: matched 3/6 joins-with-conditions (unmatched=3).
    [VERIFY] Check 7 PASSED: no ambiguous match candidates.
    [VERIFY] Check 8 PASSED: all 5 JSON keys were INJECTED (5 applied).
    [VERIFY] Check 9 PASSED: all 5 pre-update keys preserved in post-update JSON.
  Verification passed.
  Plan CONVERGED after 4 iterations.

  [TIMING] Comparing vanilla vs feedback plan for Q76 (5 runs each)...
    Vanilla:  min=0.160s  mean=0.163s  runs=[0.1612881250002829, 0.1595382499981497, 0.1643995829981577, 0.16269683300197357, 0.16470066699912422]
    Feedback: min=0.133s  mean=0.134s  runs=[0.13554954099890892, 0.1332063330009987, 0.1341992499983462, 0.1342285829996399, 0.13334870800099452]
    Speedup (min): 1.20x (FASTER)

============================================================
  Query 77
============================================================

  --- Iteration 1 ---
  Found 13 join(s) in physical plan.
  Found 19 log entries in cardinality_log.txt.
  Matched 6 expression(s) to actual cardinalities.
  [MATCH WARN] Unresolved physical joins: 4
    [NEW] LOGICAL_JOIN: RelSets: [0, 1] RelBindings: [0:store_returns | 1:date_dim] NumRels: [0, 1] CtxInputCards: [0:2877532 | 1:31] CtxParentSplit: [[0] | [1]] CtxEdgeSig: [jt=3,res=0,li=0:0,ri=1:0,fi=1] Filters: [(sr_returned_date_sk = d_date_sk)] CtxOcc: 1 -> 33770
    [NEW] LOGICAL_JOIN: RelSets: [0, 1] RelBindings: [0:store_sales | 1:date_dim] NumRels: [0, 1] CtxInputCards: [0:28800991 | 1:31] CtxParentSplit: [[0] | [1]] CtxEdgeSig: [jt=3,res=0,li=0:0,ri=1:0,fi=1] Filters: [(ss_sold_date_sk = d_date_sk)] CtxOcc: 1 -> 612931
    [NEW] LOGICAL_JOIN: RelSets: [0, 1] RelBindings: [0:catalog_sales | 1:date_dim] NumRels: [0, 1] CtxInputCards: [0:14401261 | 1:31] CtxParentSplit: [[0] | [1]] CtxEdgeSig: [jt=3,res=0,li=0:0,ri=1:0,fi=0] Filters: [(cs_sold_date_sk = d_date_sk)] CtxOcc: 1 -> 319528
    [NEW] LOGICAL_JOIN: RelSets: [0, 1] RelBindings: [0:catalog_returns | 1:date_dim] NumRels: [0, 1] CtxInputCards: [0:1441224 | 1:31] CtxParentSplit: [[0] | [1]] CtxEdgeSig: [jt=3,res=0,li=0:0,ri=1:0,fi=0] Filters: [(cr_returned_date_sk = d_date_sk)] CtxOcc: 1 -> 15532
    [NEW] LOGICAL_JOIN: RelSets: [0, 1] RelBindings: [0:web_returns | 1:date_dim] NumRels: [0, 1] CtxInputCards: [0:719222 | 1:31] CtxParentSplit: [[0] | [1]] CtxEdgeSig: [jt=3,res=0,li=0:0,ri=1:0,fi=1] Filters: [(wr_returned_date_sk = d_date_sk)] CtxOcc: 1 -> 10079
    [NEW] LOGICAL_JOIN: RelSets: [0, 1] RelBindings: [0:web_sales | 1:date_dim] NumRels: [0, 1] CtxInputCards: [0:7197566 | 1:31] CtxParentSplit: [[0] | [1]] CtxEdgeSig: [jt=3,res=0,li=0:0,ri=1:0,fi=1] Filters: [(ws_sold_date_sk = d_date_sk)] CtxOcc: 1 -> 162069

  --- Iteration 2 ---
  Found 13 join(s) in physical plan.
  Found 19 log entries in cardinality_log.txt.
  Matched 6 expression(s) to actual cardinalities.
  [MATCH WARN] Unresolved physical joins: 4
    [INFO] Small stable-plan drift (keeping existing JSON value):
      Expression: LOGICAL_JOIN: RelSets: [0, 1] RelBindings: [0:store_sales | 1:date_dim] NumRels: [0, 1] CtxInputCards: [0:28800991 | 1:31] CtxParentSplit: [[0] | [1]] CtxEdgeSig: [jt=3,res=0,li=0:0,ri=1:0,fi=1] Filters: [(ss_sold_date_sk = d_date_sk)] CtxOcc: 1
      Existing: 612931, New: 612928, Delta: 3 (0.000489%)
    [VERIFY] Running verification for iteration 2...
    [VERIFY] Check 1 PASSED: 6 injected log values match the pre-update JSON.
    [VERIFY] Check 2 PASSED: All 6 JSON keys found in the cardinality log.
    [VERIFY] Check 3 PASSED: All 6 previously-known joins (non-CTE) were INJECTED.
    [VERIFY] Check 4 PASSED: All injected cardinalities match actual plan cardinalities.
    [VERIFY] Check 4 INFO: tolerated 1 small stable-plan drift(s) (treated as measurement noise).
    [VERIFY] Check 5 PASSED: 6 mappings; all expression strings unique.
    [VERIFY] Check 6 INFO: matched 6/12 joins-with-conditions (unmatched=6).
    [VERIFY] Check 7 PASSED: no ambiguous match candidates.
    [VERIFY] Check 8 PASSED: all 6 JSON keys were INJECTED (6 applied).
    [VERIFY] Check 9 PASSED: all 6 pre-update keys preserved in post-update JSON.
  Verification passed.
  Plan CONVERGED after 2 iterations.

============================================================
  Query 78
============================================================

  --- Iteration 1 ---
  Found 8 join(s) in physical plan.
  Found 3 log entries in cardinality_log.txt.
  Matched 3 expression(s) to actual cardinalities.
  [MATCH WARN] Unresolved physical joins: 5
    [NEW] LOGICAL_JOIN: RelSets: [0, 1] RelBindings: [0:store_sales, store_returns | 1:date_dim] NumRels: [0, 1] CtxInputCards: [0:7031 | 1:364] CtxParentSplit: [[0] | [1]] CtxEdgeSig: [jt=3,res=0,li=0:2,ri=1:0,fi=0] Filters: [(ss_sold_date_sk = d_date_sk)] CtxOcc: 1 -> 4967845
    [NEW] LOGICAL_JOIN: RelSets: [0, 1] RelBindings: [0:web_sales, web_returns | 1:date_dim] NumRels: [0, 1] CtxInputCards: [0:1757 | 1:364] CtxParentSplit: [[0] | [1]] CtxEdgeSig: [jt=3,res=0,li=0:2,ri=1:0,fi=0] Filters: [(ws_sold_date_sk = d_date_sk)] CtxOcc: 1 -> 1301575
    [NEW] LOGICAL_JOIN: RelSets: [0, 1] RelBindings: [0:catalog_sales, catalog_returns | 1:date_dim] NumRels: [0, 1] CtxInputCards: [0:3515 | 1:364] CtxParentSplit: [[0] | [1]] CtxEdgeSig: [jt=3,res=0,li=0:2,ri=1:0,fi=0] Filters: [(cs_sold_date_sk = d_date_sk)] CtxOcc: 1 -> 2580420

  --- Iteration 2 ---
  Found 8 join(s) in physical plan.
  Found 3 log entries in cardinality_log.txt.
  Matched 3 expression(s) to actual cardinalities.
  [MATCH WARN] Unresolved physical joins: 5
    [VERIFY] Running verification for iteration 2...
    [VERIFY] Check 1 PASSED: 3 injected log values match the pre-update JSON.
    [VERIFY] Check 2 PASSED: All 3 JSON keys found in the cardinality log.
    [VERIFY] Check 3 PASSED: All 3 previously-known joins (non-CTE) were INJECTED.
    [VERIFY] Check 4 PASSED: All injected cardinalities match actual plan cardinalities.
    [VERIFY] Check 5 PASSED: 3 mappings; all expression strings unique.
    [VERIFY] Check 6 INFO: matched 3/8 joins-with-conditions (unmatched=5).
    [VERIFY] Check 7 PASSED: no ambiguous match candidates.
    [VERIFY] Check 8 PASSED: all 3 JSON keys were INJECTED (3 applied).
    [VERIFY] Check 9 PASSED: all 3 pre-update keys preserved in post-update JSON.
  Verification passed.
  Plan CONVERGED after 2 iterations.

============================================================
  Query 79
============================================================

  --- Iteration 1 ---
  Found 4 join(s) in physical plan.
  Found 13 log entries in cardinality_log.txt.
  Matched 2 expression(s) to actual cardinalities.
  [MATCH WARN] Unresolved physical joins: 2
    [NEW] LOGICAL_JOIN: RelSets: [0, 1] RelBindings: [0:store_sales, date_dim, store, household_demographics | 1:customer] NumRels: [0, 1] CtxInputCards: [0:456208 | 1:500000] CtxParentSplit: [[0] | [1]] CtxEdgeSig: [jt=3,res=0,li=0:1,ri=1:0,fi=0] Filters: [(ss_customer_sk = c_customer_sk)] CtxOcc: 1 -> 78111
    [NEW] LOGICAL_JOIN: RelSets: [0, 1] RelBindings: [0:store_sales | 1:date_dim] NumRels: [0, 1] CtxInputCards: [0:28800991 | 1:156] CtxParentSplit: [[0] | [1]] CtxEdgeSig: [jt=3,res=0,li=0:0,ri=1:0,fi=2] Filters: [(ss_sold_date_sk = d_date_sk)] CtxOcc: 1 -> 2348127

  --- Iteration 2 ---
  Found 4 join(s) in physical plan.
  Found 13 log entries in cardinality_log.txt.
  Matched 2 expression(s) to actual cardinalities.
  [MATCH WARN] Unresolved physical joins: 2
    [VERIFY] Running verification for iteration 2...
    [VERIFY] Check 1 PASSED: 2 injected log values match the pre-update JSON.
    [VERIFY] Check 2 PASSED: All 2 JSON keys found in the cardinality log.
    [VERIFY] Check 3 PASSED: All 2 previously-known joins (non-CTE) were INJECTED.
    [VERIFY] Check 4 PASSED: All injected cardinalities match actual plan cardinalities.
    [VERIFY] Check 5 PASSED: 2 mappings; all expression strings unique.
    [VERIFY] Check 6 INFO: matched 2/4 joins-with-conditions (unmatched=2).
    [VERIFY] Check 7 PASSED: no ambiguous match candidates.
    [VERIFY] Check 8 PASSED: all 2 JSON keys were INJECTED (2 applied).
    [VERIFY] Check 9 PASSED: all 2 pre-update keys preserved in post-update JSON.
  Verification passed.
  Plan CONVERGED after 2 iterations.

============================================================
  Query 80
============================================================

  --- Iteration 1 ---
  Found 15 join(s) in physical plan.
  Found 96 log entries in cardinality_log.txt.
  Matched 3 expression(s) to actual cardinalities.
  [MATCH WARN] Unresolved physical joins: 12
    [NEW] LOGICAL_JOIN: RelSets: [0, 1] RelBindings: [0:store_sales, store_returns | 1:date_dim] NumRels: [0, 1] CtxInputCards: [0:28800991 | 1:31] CtxParentSplit: [[0] | [1]] CtxEdgeSig: [jt=3,res=0,li=0:2,ri=1:0,fi=3] Filters: [(ss_sold_date_sk = d_date_sk)] CtxOcc: 1 -> 612802
    [NEW] LOGICAL_JOIN: RelSets: [0, 1] RelBindings: [0:catalog_sales, catalog_returns | 1:date_dim] NumRels: [0, 1] CtxInputCards: [0:14401261 | 1:31] CtxParentSplit: [[0] | [1]] CtxEdgeSig: [jt=3,res=0,li=0:2,ri=1:0,fi=3] Filters: [(cs_sold_date_sk = d_date_sk)] CtxOcc: 1 -> 318838
    [NEW] LOGICAL_JOIN: RelSets: [0, 1] RelBindings: [0:web_sales, web_returns | 1:date_dim] NumRels: [0, 1] CtxInputCards: [0:7197566 | 1:31] CtxParentSplit: [[0] | [1]] CtxEdgeSig: [jt=3,res=0,li=0:2,ri=1:0,fi=3] Filters: [(ws_sold_date_sk = d_date_sk)] CtxOcc: 1 -> 162069

  --- Iteration 2 ---
  Found 15 join(s) in physical plan.
  Found 96 log entries in cardinality_log.txt.
  Matched 3 expression(s) to actual cardinalities.
  [MATCH WARN] Unresolved physical joins: 12
    [VERIFY] Running verification for iteration 2...
    [VERIFY] Check 1 PASSED: 3 injected log values match the pre-update JSON.
    [VERIFY] Check 2 PASSED: All 3 JSON keys found in the cardinality log.
    [VERIFY] Check 3 PASSED: All 3 previously-known joins (non-CTE) were INJECTED.
    [VERIFY] Check 4 PASSED: All injected cardinalities match actual plan cardinalities.
    [VERIFY] Check 5 PASSED: 3 mappings; all expression strings unique.
    [VERIFY] Check 6 INFO: matched 3/15 joins-with-conditions (unmatched=12).
    [VERIFY] Check 7 PASSED: no ambiguous match candidates.
    [VERIFY] Check 8 PASSED: all 3 JSON keys were INJECTED (3 applied).
    [VERIFY] Check 9 PASSED: all 3 pre-update keys preserved in post-update JSON.
  Verification passed.
  Plan CONVERGED after 2 iterations.

============================================================
  Query 81
============================================================

  --- Iteration 1 ---
  Found 7 join(s) in physical plan.
  Found 9 log entries in cardinality_log.txt.
  Matched 3 expression(s) to actual cardinalities.
  [MATCH WARN] Unresolved physical joins: 1
    [NEW] LOGICAL_JOIN: RelSets: [0, 1] RelBindings: [0:catalog_returns | 1:date_dim] NumRels: [0, 1] CtxInputCards: [0:1441224 | 1:364] CtxParentSplit: [[0] | [1]] CtxEdgeSig: [jt=3,res=0,li=0:0,ri=1:0,fi=1] Filters: [(cr_returned_date_sk = d_date_sk)] CtxOcc: 1 -> 287935
    [NEW] LOGICAL_JOIN: RelSets: [0, 2] RelBindings: [0:catalog_returns, date_dim, customer_address | 2:customer] NumRels: [0, 2] CtxInputCards: [0:200459 | 2:500000] CtxParentSplit: [[0] | [2]] CtxEdgeSig: [jt=3,res=0,li=0:0,ri=2:1,fi=1] Filters: [(ctr_customer_sk = c_customer_sk)] CtxOcc: 1 -> 13660
    [NEW] LOGICAL_JOIN: RelSets: [1, 2] RelBindings: [1:customer_address | 2:customer] NumRels: [1, 2] CtxInputCards: [1:4546 | 2:500000] CtxParentSplit: [[1] | [2]] CtxEdgeSig: [jt=3,res=0,li=1:0,ri=2:0,fi=0] Filters: [(ca_address_sk = c_current_addr_sk)] CtxOcc: 1 -> 24415

  --- Iteration 2 ---
  Found 7 join(s) in physical plan.
  Found 9 log entries in cardinality_log.txt.
  Matched 2 expression(s) to actual cardinalities.
  [MATCH WARN] Unresolved physical joins: 2
    [INFO] Cardinality update (plan changed vs last iteration; overwriting JSON):
      Expression: LOGICAL_JOIN: RelSets: [0, 2] RelBindings: [0:catalog_returns, date_dim, customer_address | 2:customer] NumRels: [0, 2] CtxInputCards: [0:200459 | 2:500000] CtxParentSplit: [[0] | [2]] CtxEdgeSig: [jt=3,res=0,li=0:0,ri=2:1,fi=1] Filters: [(ctr_customer_sk = c_customer_sk)] CtxOcc: 1
      Existing: 13660, New: 276109
    [VERIFY] Running verification for iteration 2...
    [VERIFY] Check 1 PASSED: 3 injected log values match the pre-update JSON.
    [VERIFY] Check 2 PASSED: All 3 JSON keys found in the cardinality log.
    [VERIFY] Check 3 PASSED: All 2 previously-known joins (non-CTE) were INJECTED.
    [VERIFY] Check 4 INFO: 1 injected != actual (plan may have changed):
      LOGICAL_JOIN: RelSets: [0, 2] RelBindings: [0:catalog_returns, date_dim, customer_address | 2:customer] NumRels: [0, 2] CtxInputCards: [0:200459 | 2:500000] CtxParentSplit: [[0] | [2]] CtxEdgeSig: [jt=3,res=0,li=0:0,ri=2:1,fi=1] Filters: [(ctr_customer_sk = c_customer_sk)] CtxOcc: 1
        Injected: 13660, Actual: 276109
    [VERIFY] Check 5 PASSED: 2 mappings; all expression strings unique.
    [VERIFY] Check 6 INFO: matched 2/7 joins-with-conditions (unmatched=5).
    [VERIFY] Check 7 PASSED: no ambiguous match candidates.
    [VERIFY] Check 8 PASSED: all 3 JSON keys were INJECTED (3 applied).
    [VERIFY] Check 9 PASSED: all 3 pre-update keys preserved in post-update JSON.
  Verification passed.
  Plan CHANGED on iteration 2.

  --- Iteration 3 ---
  Found 7 join(s) in physical plan.
  Found 9 log entries in cardinality_log.txt.
  Matched 3 expression(s) to actual cardinalities.
  [MATCH WARN] Unresolved physical joins: 1
    [INFO] Cardinality update (plan changed vs last iteration; overwriting JSON):
      Expression: LOGICAL_JOIN: RelSets: [0, 2] RelBindings: [0:catalog_returns, date_dim, customer_address | 2:customer] NumRels: [0, 2] CtxInputCards: [0:200459 | 2:500000] CtxParentSplit: [[0] | [2]] CtxEdgeSig: [jt=3,res=0,li=0:0,ri=2:1,fi=1] Filters: [(ctr_customer_sk = c_customer_sk)] CtxOcc: 1
      Existing: 276109, New: 13660
    [VERIFY] Running verification for iteration 3...
    [VERIFY] Check 1 PASSED: 3 injected log values match the pre-update JSON.
    [VERIFY] Check 2 PASSED: All 3 JSON keys found in the cardinality log.
    [VERIFY] Check 3 PASSED: All 3 previously-known joins (non-CTE) were INJECTED.
    [VERIFY] Check 4 INFO: 1 injected != actual (plan may have changed):
      LOGICAL_JOIN: RelSets: [0, 2] RelBindings: [0:catalog_returns, date_dim, customer_address | 2:customer] NumRels: [0, 2] CtxInputCards: [0:200459 | 2:500000] CtxParentSplit: [[0] | [2]] CtxEdgeSig: [jt=3,res=0,li=0:0,ri=2:1,fi=1] Filters: [(ctr_customer_sk = c_customer_sk)] CtxOcc: 1
        Injected: 276109, Actual: 13660
    [VERIFY] Check 5 PASSED: 3 mappings; all expression strings unique.
    [VERIFY] Check 6 INFO: matched 3/7 joins-with-conditions (unmatched=4).
    [VERIFY] Check 7 PASSED: no ambiguous match candidates.
    [VERIFY] Check 8 PASSED: all 3 JSON keys were INJECTED (3 applied).
    [VERIFY] Check 9 PASSED: all 3 pre-update keys preserved in post-update JSON.
  Verification passed.
  Plan CHANGED on iteration 3.
  Plan OSCILLATION detected: cycle of length 2 (iteration 1 == iteration 3).
  [OSCILLATION-CLEANUP] Removed 1 oscillating key(s) from JSON.
    LOGICAL_JOIN: RelSets: [0, 2] RelBindings: [0:catalog_returns, date_dim, customer_address | 2:customer] NumRels: [0, 2] CtxInputCards: [0:20... cards=[13660, 276109, 13660]

============================================================
  Query 82
============================================================

  --- Iteration 1 ---
  Found 3 join(s) in physical plan.
  Found 15 log entries in cardinality_log.txt.
  Matched 1 expression(s) to actual cardinalities.
  [MATCH WARN] Unresolved physical joins: 2
    [NEW] LOGICAL_JOIN: RelSets: [0, 1] RelBindings: [0:item | 1:inventory] NumRels: [0, 1] CtxInputCards: [0:4080 | 1:26622000] CtxParentSplit: [[0] | [1]] CtxEdgeSig: [jt=3,res=0,li=0:1,ri=1:0,fi=3] Filters: [(i_item_sk = inv_item_sk)] CtxOcc: 1 -> 230

  --- Iteration 2 ---
  Found 3 join(s) in physical plan.
  Found 15 log entries in cardinality_log.txt.
  Matched 1 expression(s) to actual cardinalities.
  [MATCH WARN] Unresolved physical joins: 2
    [VERIFY] Running verification for iteration 2...
    [VERIFY] Check 1 PASSED: 1 injected log values match the pre-update JSON.
    [VERIFY] Check 2 PASSED: All 1 JSON keys found in the cardinality log.
    [VERIFY] Check 3 PASSED: All 1 previously-known joins (non-CTE) were INJECTED.
    [VERIFY] Check 4 PASSED: All injected cardinalities match actual plan cardinalities.
    [VERIFY] Check 5 PASSED: 1 mappings; all expression strings unique.
    [VERIFY] Check 6 INFO: matched 1/3 joins-with-conditions (unmatched=2).
    [VERIFY] Check 7 PASSED: no ambiguous match candidates.
    [VERIFY] Check 8 PASSED: all 1 JSON keys were INJECTED (1 applied).
    [VERIFY] Check 9 PASSED: all 1 pre-update keys preserved in post-update JSON.
  Verification passed.
  Plan CONVERGED after 2 iterations.

============================================================
  Query 83
============================================================

  --- Iteration 1 ---
  Found 10 join(s) in physical plan.
  Found 39 log entries in cardinality_log.txt.
  Matched 3 expression(s) to actual cardinalities.
  [MATCH WARN] Unresolved physical joins: 5
    [NEW] LOGICAL_JOIN: RelSets: [0, 2] RelBindings: [0:web_returns | 2:date_dim] NumRels: [0, 2] CtxInputCards: [0:719222 | 2:73049] CtxParentSplit: [[0] | [2]] CtxEdgeSig: [jt=3,res=0,li=0:1,ri=2:1,fi=1] Filters: [(wr_returned_date_sk = d_date_sk)] CtxOcc: 1 -> 7052
    [NEW] LOGICAL_JOIN: RelSets: [0, 2] RelBindings: [0:catalog_returns | 2:date_dim] NumRels: [0, 2] CtxInputCards: [0:1441224 | 2:73049] CtxParentSplit: [[0] | [2]] CtxEdgeSig: [jt=3,res=0,li=0:1,ri=2:1,fi=1] Filters: [(cr_returned_date_sk = d_date_sk)] CtxOcc: 1 -> 13330
    [NEW] LOGICAL_JOIN: RelSets: [0, 2] RelBindings: [0:store_returns | 2:date_dim] NumRels: [0, 2] CtxInputCards: [0:2877532 | 2:73049] CtxParentSplit: [[0] | [2]] CtxEdgeSig: [jt=3,res=0,li=0:1,ri=2:1,fi=1] Filters: [(sr_returned_date_sk = d_date_sk)] CtxOcc: 1 -> 26089

  --- Iteration 2 ---
  Found 12 join(s) in physical plan.
  Found 39 log entries in cardinality_log.txt.
  Matched 3 expression(s) to actual cardinalities.
  [MATCH WARN] Unresolved physical joins: 7
    [INFO] Cardinality update (plan changed vs last iteration; overwriting JSON):
      Expression: LOGICAL_JOIN: RelSets: [0, 2] RelBindings: [0:web_returns | 2:date_dim] NumRels: [0, 2] CtxInputCards: [0:719222 | 2:73049] CtxParentSplit: [[0] | [2]] CtxEdgeSig: [jt=3,res=0,li=0:1,ri=2:1,fi=1] Filters: [(wr_returned_date_sk = d_date_sk)] CtxOcc: 1
      Existing: 7052, New: 687380
    [INFO] Cardinality update (plan changed vs last iteration; overwriting JSON):
      Expression: LOGICAL_JOIN: RelSets: [0, 2] RelBindings: [0:catalog_returns | 2:date_dim] NumRels: [0, 2] CtxInputCards: [0:1441224 | 2:73049] CtxParentSplit: [[0] | [2]] CtxEdgeSig: [jt=3,res=0,li=0:1,ri=2:1,fi=1] Filters: [(cr_returned_date_sk = d_date_sk)] CtxOcc: 1
      Existing: 13330, New: 1441224
    [VERIFY] Running verification for iteration 2...
    [VERIFY] Check 1 PASSED: 3 injected log values match the pre-update JSON.
    [VERIFY] Check 2 PASSED: All 3 JSON keys found in the cardinality log.
    [VERIFY] Check 3 PASSED: All 3 previously-known joins (non-CTE) were INJECTED.
    [VERIFY] Check 4 INFO: 2 injected != actual (plan may have changed):
      LOGICAL_JOIN: RelSets: [0, 2] RelBindings: [0:catalog_returns | 2:date_dim] NumRels: [0, 2] CtxInputCards: [0:1441224 | 2:73049] CtxParentSplit: [[0] | [2]] CtxEdgeSig: [jt=3,res=0,li=0:1,ri=2:1,fi=1] Filters: [(cr_returned_date_sk = d_date_sk)] CtxOcc: 1
        Injected: 13330, Actual: 1441224
      LOGICAL_JOIN: RelSets: [0, 2] RelBindings: [0:web_returns | 2:date_dim] NumRels: [0, 2] CtxInputCards: [0:719222 | 2:73049] CtxParentSplit: [[0] | [2]] CtxEdgeSig: [jt=3,res=0,li=0:1,ri=2:1,fi=1] Filters: [(wr_returned_date_sk = d_date_sk)] CtxOcc: 1
        Injected: 7052, Actual: 687380
    [VERIFY] Check 5 PASSED: 3 mappings; all expression strings unique.
    [VERIFY] Check 6 INFO: matched 3/12 joins-with-conditions (unmatched=9).
    [VERIFY] Check 7 PASSED: no ambiguous match candidates.
    [VERIFY] Check 8 PASSED: all 3 JSON keys were INJECTED (3 applied).
    [VERIFY] Check 9 PASSED: all 3 pre-update keys preserved in post-update JSON.
  Verification passed.
  Plan CHANGED on iteration 2.

  --- Iteration 3 ---
  Found 10 join(s) in physical plan.
  Found 39 log entries in cardinality_log.txt.
  Matched 3 expression(s) to actual cardinalities.
  [MATCH WARN] Unresolved physical joins: 5
    [INFO] Cardinality update (plan changed vs last iteration; overwriting JSON):
      Expression: LOGICAL_JOIN: RelSets: [0, 2] RelBindings: [0:web_returns | 2:date_dim] NumRels: [0, 2] CtxInputCards: [0:719222 | 2:73049] CtxParentSplit: [[0] | [2]] CtxEdgeSig: [jt=3,res=0,li=0:1,ri=2:1,fi=1] Filters: [(wr_returned_date_sk = d_date_sk)] CtxOcc: 1
      Existing: 687380, New: 7052
    [INFO] Cardinality update (plan changed vs last iteration; overwriting JSON):
      Expression: LOGICAL_JOIN: RelSets: [0, 2] RelBindings: [0:catalog_returns | 2:date_dim] NumRels: [0, 2] CtxInputCards: [0:1441224 | 2:73049] CtxParentSplit: [[0] | [2]] CtxEdgeSig: [jt=3,res=0,li=0:1,ri=2:1,fi=1] Filters: [(cr_returned_date_sk = d_date_sk)] CtxOcc: 1
      Existing: 1441224, New: 13330
    [VERIFY] Running verification for iteration 3...
    [VERIFY] Check 1 PASSED: 3 injected log values match the pre-update JSON.
    [VERIFY] Check 2 PASSED: All 3 JSON keys found in the cardinality log.
    [VERIFY] Check 3 PASSED: All 3 previously-known joins (non-CTE) were INJECTED.
    [VERIFY] Check 4 INFO: 2 injected != actual (plan may have changed):
      LOGICAL_JOIN: RelSets: [0, 2] RelBindings: [0:catalog_returns | 2:date_dim] NumRels: [0, 2] CtxInputCards: [0:1441224 | 2:73049] CtxParentSplit: [[0] | [2]] CtxEdgeSig: [jt=3,res=0,li=0:1,ri=2:1,fi=1] Filters: [(cr_returned_date_sk = d_date_sk)] CtxOcc: 1
        Injected: 1441224, Actual: 13330
      LOGICAL_JOIN: RelSets: [0, 2] RelBindings: [0:web_returns | 2:date_dim] NumRels: [0, 2] CtxInputCards: [0:719222 | 2:73049] CtxParentSplit: [[0] | [2]] CtxEdgeSig: [jt=3,res=0,li=0:1,ri=2:1,fi=1] Filters: [(wr_returned_date_sk = d_date_sk)] CtxOcc: 1
        Injected: 687380, Actual: 7052
    [VERIFY] Check 5 PASSED: 3 mappings; all expression strings unique.
    [VERIFY] Check 6 INFO: matched 3/10 joins-with-conditions (unmatched=7).
    [VERIFY] Check 7 PASSED: no ambiguous match candidates.
    [VERIFY] Check 8 PASSED: all 3 JSON keys were INJECTED (3 applied).
    [VERIFY] Check 9 PASSED: all 3 pre-update keys preserved in post-update JSON.
  Verification passed.
  Plan CHANGED on iteration 3.
  Plan OSCILLATION detected: cycle of length 2 (iteration 1 == iteration 3).
  [OSCILLATION-CLEANUP] Removed 2 oscillating key(s) from JSON.
    LOGICAL_JOIN: RelSets: [0, 2] RelBindings: [0:catalog_returns | 2:date_dim] NumRels: [0, 2] CtxInputCards: [0:1441224 | 2:73049] CtxParentSp... cards=[13330, 1441224, 13330]
    LOGICAL_JOIN: RelSets: [0, 2] RelBindings: [0:web_returns | 2:date_dim] NumRels: [0, 2] CtxInputCards: [0:719222 | 2:73049] CtxParentSplit: ... cards=[7052, 687380, 7052]

============================================================
  Query 84
============================================================

  --- Iteration 1 ---
  Found 5 join(s) in physical plan.
  Found 68 log entries in cardinality_log.txt.
  Matched 1 expression(s) to actual cardinalities.
  [MATCH WARN] Unresolved physical joins: 4
    [NEW] LOGICAL_JOIN: RelSets: [0, 1] RelBindings: [0:customer | 1:customer_address] NumRels: [0, 1] CtxInputCards: [0:500000 | 1:500] CtxParentSplit: [[0] | [1]] CtxEdgeSig: [jt=3,res=0,li=0:0,ri=1:1,fi=5] Filters: [(c_current_addr_sk = ca_address_sk)] CtxOcc: 1 -> 4352

  --- Iteration 2 ---
  Found 5 join(s) in physical plan.
  Found 68 log entries in cardinality_log.txt.
  Matched 1 expression(s) to actual cardinalities.
  [MATCH WARN] Unresolved physical joins: 4
    [INFO] Cardinality update (plan changed vs last iteration; overwriting JSON):
      Expression: LOGICAL_JOIN: RelSets: [0, 1] RelBindings: [0:customer | 1:customer_address] NumRels: [0, 1] CtxInputCards: [0:500000 | 1:500] CtxParentSplit: [[0] | [1]] CtxEdgeSig: [jt=3,res=0,li=0:0,ri=1:1,fi=5] Filters: [(c_current_addr_sk = ca_address_sk)] CtxOcc: 1
      Existing: 4352, New: 4272
    [VERIFY] Running verification for iteration 2...
    [VERIFY] Check 1 PASSED: 1 injected log values match the pre-update JSON.
    [VERIFY] Check 2 PASSED: All 1 JSON keys found in the cardinality log.
    [VERIFY] Check 3 PASSED: All 1 previously-known joins (non-CTE) were INJECTED.
    [VERIFY] Check 4 INFO: 1 injected != actual (plan may have changed):
      LOGICAL_JOIN: RelSets: [0, 1] RelBindings: [0:customer | 1:customer_address] NumRels: [0, 1] CtxInputCards: [0:500000 | 1:500] CtxParentSplit: [[0] | [1]] CtxEdgeSig: [jt=3,res=0,li=0:0,ri=1:1,fi=5] Filters: [(c_current_addr_sk = ca_address_sk)] CtxOcc: 1
        Injected: 4352, Actual: 4272
    [VERIFY] Check 5 PASSED: 1 mappings; all expression strings unique.
    [VERIFY] Check 6 INFO: matched 1/5 joins-with-conditions (unmatched=4).
    [VERIFY] Check 7 PASSED: no ambiguous match candidates.
    [VERIFY] Check 8 PASSED: all 1 JSON keys were INJECTED (1 applied).
    [VERIFY] Check 9 PASSED: all 1 pre-update keys preserved in post-update JSON.
  Verification passed.
  Plan CHANGED on iteration 2.

  --- Iteration 3 ---
  Found 5 join(s) in physical plan.
  Found 68 log entries in cardinality_log.txt.
  Matched 1 expression(s) to actual cardinalities.
  [MATCH WARN] Unresolved physical joins: 4
    [VERIFY] Running verification for iteration 3...
    [VERIFY] Check 1 PASSED: 1 injected log values match the pre-update JSON.
    [VERIFY] Check 2 PASSED: All 1 JSON keys found in the cardinality log.
    [VERIFY] Check 3 PASSED: All 1 previously-known joins (non-CTE) were INJECTED.
    [VERIFY] Check 4 PASSED: All injected cardinalities match actual plan cardinalities.
    [VERIFY] Check 5 PASSED: 1 mappings; all expression strings unique.
    [VERIFY] Check 6 INFO: matched 1/5 joins-with-conditions (unmatched=4).
    [VERIFY] Check 7 PASSED: no ambiguous match candidates.
    [VERIFY] Check 8 PASSED: all 1 JSON keys were INJECTED (1 applied).
    [VERIFY] Check 9 PASSED: all 1 pre-update keys preserved in post-update JSON.
  Verification passed.
  Plan CONVERGED after 3 iterations.

  [TIMING] Comparing vanilla vs feedback plan for Q84 (5 runs each)...
    Vanilla:  min=0.038s  mean=0.039s  runs=[0.03808312500041211, 0.03917799999908311, 0.03798224999991362, 0.03784024999913527, 0.039732583001750754]
    Feedback: min=0.038s  mean=0.039s  runs=[0.038436541999544716, 0.038271875000646105, 0.03989908400035347, 0.0400694999989355, 0.04017054200085113]
    Speedup (min): 0.99x (SLOWER ⚠)

============================================================
  Query 85
============================================================

  --- Iteration 1 ---
  Found 7 join(s) in physical plan.
  Found 313 log entries in cardinality_log.txt.
  Matched 3 expression(s) to actual cardinalities.
  [MATCH WARN] Unresolved physical joins: 4
    [NEW] LOGICAL_JOIN: RelSets: [0, 6] RelBindings: [0:web_sales | 6:date_dim] NumRels: [0, 6] CtxInputCards: [0:7197566 | 6:364] CtxParentSplit: [[0] | [6]] CtxEdgeSig: [jt=3,res=0,li=0:3,ri=6:0,fi=1] Filters: [(ws_sold_date_sk = d_date_sk)] CtxOcc: 1 -> 1446541
    [NEW] LOGICAL_JOIN: RelSets: [1, 4] RelBindings: [1:web_returns | 4:customer_demographics] NumRels: [1, 4] CtxInputCards: [1:719222 | 4:1920800] CtxParentSplit: [[1] | [4]] CtxEdgeSig: [jt=3,res=0,li=1:3,ri=4:0,fi=4] Filters: [(wr_returning_cdemo_sk = cd_demo_sk)] CtxOcc: 1 -> 670928
    [NEW] LOGICAL_JOIN: RelSets: [1, 3] RelBindings: [1:web_returns | 3:customer_demographics] NumRels: [1, 3] CtxInputCards: [1:719222 | 3:1920800] CtxParentSplit: [[1] | [3]] CtxEdgeSig: [jt=3,res=0,li=1:2,ri=3:0,fi=7] Filters: [(wr_refunded_cdemo_sk = cd_demo_sk)] CtxOcc: 1 -> 687017

  --- Iteration 2 ---
  Found 7 join(s) in physical plan.
  Found 313 log entries in cardinality_log.txt.
  Matched 3 expression(s) to actual cardinalities.
  [MATCH WARN] Unresolved physical joins: 4
    [INFO] Cardinality update (plan changed vs last iteration; overwriting JSON):
      Expression: LOGICAL_JOIN: RelSets: [1, 3] RelBindings: [1:web_returns | 3:customer_demographics] NumRels: [1, 3] CtxInputCards: [1:719222 | 3:1920800] CtxParentSplit: [[1] | [3]] CtxEdgeSig: [jt=3,res=0,li=1:2,ri=3:0,fi=7] Filters: [(wr_refunded_cdemo_sk = cd_demo_sk)] CtxOcc: 1
      Existing: 687017, New: 670928
    [INFO] Cardinality update (plan changed vs last iteration; overwriting JSON):
      Expression: LOGICAL_JOIN: RelSets: [1, 4] RelBindings: [1:web_returns | 4:customer_demographics] NumRels: [1, 4] CtxInputCards: [1:719222 | 4:1920800] CtxParentSplit: [[1] | [4]] CtxEdgeSig: [jt=3,res=0,li=1:3,ri=4:0,fi=4] Filters: [(wr_returning_cdemo_sk = cd_demo_sk)] CtxOcc: 1
      Existing: 670928, New: 687131
    [VERIFY] Running verification for iteration 2...
    [VERIFY] Check 1 PASSED: 3 injected log values match the pre-update JSON.
    [VERIFY] Check 2 PASSED: All 3 JSON keys found in the cardinality log.
    [VERIFY] Check 3 PASSED: All 3 previously-known joins (non-CTE) were INJECTED.
    [VERIFY] Check 4 INFO: 2 injected != actual (plan may have changed):
      LOGICAL_JOIN: RelSets: [1, 4] RelBindings: [1:web_returns | 4:customer_demographics] NumRels: [1, 4] CtxInputCards: [1:719222 | 4:1920800] CtxParentSplit: [[1] | [4]] CtxEdgeSig: [jt=3,res=0,li=1:3,ri=4:0,fi=4] Filters: [(wr_returning_cdemo_sk = cd_demo_sk)] CtxOcc: 1
        Injected: 670928, Actual: 687131
      LOGICAL_JOIN: RelSets: [1, 3] RelBindings: [1:web_returns | 3:customer_demographics] NumRels: [1, 3] CtxInputCards: [1:719222 | 3:1920800] CtxParentSplit: [[1] | [3]] CtxEdgeSig: [jt=3,res=0,li=1:2,ri=3:0,fi=7] Filters: [(wr_refunded_cdemo_sk = cd_demo_sk)] CtxOcc: 1
        Injected: 687017, Actual: 670928
    [VERIFY] Check 5 PASSED: 3 mappings; all expression strings unique.
    [VERIFY] Check 6 INFO: matched 3/7 joins-with-conditions (unmatched=4).
    [VERIFY] Check 7 PASSED: no ambiguous match candidates.
    [VERIFY] Check 8 PASSED: all 3 JSON keys were INJECTED (3 applied).
    [VERIFY] Check 9 PASSED: all 3 pre-update keys preserved in post-update JSON.
  Verification passed.
  Plan CHANGED on iteration 2.

  --- Iteration 3 ---
  Found 7 join(s) in physical plan.
  Found 313 log entries in cardinality_log.txt.
  Matched 3 expression(s) to actual cardinalities.
  [MATCH WARN] Unresolved physical joins: 4
    [INFO] Cardinality update (plan changed vs last iteration; overwriting JSON):
      Expression: LOGICAL_JOIN: RelSets: [1, 4] RelBindings: [1:web_returns | 4:customer_demographics] NumRels: [1, 4] CtxInputCards: [1:719222 | 4:1920800] CtxParentSplit: [[1] | [4]] CtxEdgeSig: [jt=3,res=0,li=1:3,ri=4:0,fi=4] Filters: [(wr_returning_cdemo_sk = cd_demo_sk)] CtxOcc: 1
      Existing: 687131, New: 670928
    [INFO] Cardinality update (plan changed vs last iteration; overwriting JSON):
      Expression: LOGICAL_JOIN: RelSets: [1, 3] RelBindings: [1:web_returns | 3:customer_demographics] NumRels: [1, 3] CtxInputCards: [1:719222 | 3:1920800] CtxParentSplit: [[1] | [3]] CtxEdgeSig: [jt=3,res=0,li=1:2,ri=3:0,fi=7] Filters: [(wr_refunded_cdemo_sk = cd_demo_sk)] CtxOcc: 1
      Existing: 670928, New: 687017
    [VERIFY] Running verification for iteration 3...
    [VERIFY] Check 1 PASSED: 3 injected log values match the pre-update JSON.
    [VERIFY] Check 2 PASSED: All 3 JSON keys found in the cardinality log.
    [VERIFY] Check 3 PASSED: All 3 previously-known joins (non-CTE) were INJECTED.
    [VERIFY] Check 4 INFO: 2 injected != actual (plan may have changed):
      LOGICAL_JOIN: RelSets: [1, 4] RelBindings: [1:web_returns | 4:customer_demographics] NumRels: [1, 4] CtxInputCards: [1:719222 | 4:1920800] CtxParentSplit: [[1] | [4]] CtxEdgeSig: [jt=3,res=0,li=1:3,ri=4:0,fi=4] Filters: [(wr_returning_cdemo_sk = cd_demo_sk)] CtxOcc: 1
        Injected: 687131, Actual: 670928
      LOGICAL_JOIN: RelSets: [1, 3] RelBindings: [1:web_returns | 3:customer_demographics] NumRels: [1, 3] CtxInputCards: [1:719222 | 3:1920800] CtxParentSplit: [[1] | [3]] CtxEdgeSig: [jt=3,res=0,li=1:2,ri=3:0,fi=7] Filters: [(wr_refunded_cdemo_sk = cd_demo_sk)] CtxOcc: 1
        Injected: 670928, Actual: 687017
    [VERIFY] Check 5 PASSED: 3 mappings; all expression strings unique.
    [VERIFY] Check 6 INFO: matched 3/7 joins-with-conditions (unmatched=4).
    [VERIFY] Check 7 PASSED: no ambiguous match candidates.
    [VERIFY] Check 8 PASSED: all 3 JSON keys were INJECTED (3 applied).
    [VERIFY] Check 9 PASSED: all 3 pre-update keys preserved in post-update JSON.
  Verification passed.
  Plan CHANGED on iteration 3.
  Plan OSCILLATION detected: cycle of length 2 (iteration 1 == iteration 3).
  [OSCILLATION-CLEANUP] Removed 2 oscillating key(s) from JSON.
    LOGICAL_JOIN: RelSets: [1, 3] RelBindings: [1:web_returns | 3:customer_demographics] NumRels: [1, 3] CtxInputCards: [1:719222 | 3:1920800] C... cards=[687017, 670928, 687017]
    LOGICAL_JOIN: RelSets: [1, 4] RelBindings: [1:web_returns | 4:customer_demographics] NumRels: [1, 4] CtxInputCards: [1:719222 | 4:1920800] C... cards=[670928, 687131, 670928]

============================================================
  Query 86
============================================================

  --- Iteration 1 ---
  Found 2 join(s) in physical plan.
  Found 4 log entries in cardinality_log.txt.
  Matched 1 expression(s) to actual cardinalities.
  [MATCH WARN] Unresolved physical joins: 1
    [NEW] LOGICAL_JOIN: RelSets: [0, 1] RelBindings: [0:web_sales | 1:date_dim] NumRels: [0, 1] CtxInputCards: [0:7197566 | 1:366] CtxParentSplit: [[0] | [1]] CtxEdgeSig: [jt=3,res=0,li=0:0,ri=1:1,fi=1] Filters: [(ws_sold_date_sk = d_date_sk)] CtxOcc: 1 -> 1446551

  --- Iteration 2 ---
  Found 2 join(s) in physical plan.
  Found 4 log entries in cardinality_log.txt.
  Matched 1 expression(s) to actual cardinalities.
  [MATCH WARN] Unresolved physical joins: 1
    [VERIFY] Running verification for iteration 2...
    [VERIFY] Check 1 PASSED: 1 injected log values match the pre-update JSON.
    [VERIFY] Check 2 PASSED: All 1 JSON keys found in the cardinality log.
    [VERIFY] Check 3 PASSED: All 1 previously-known joins (non-CTE) were INJECTED.
    [VERIFY] Check 4 PASSED: All injected cardinalities match actual plan cardinalities.
    [VERIFY] Check 5 PASSED: 1 mappings; all expression strings unique.
    [VERIFY] Check 6 INFO: matched 1/2 joins-with-conditions (unmatched=1).
    [VERIFY] Check 7 PASSED: no ambiguous match candidates.
    [VERIFY] Check 8 PASSED: all 1 JSON keys were INJECTED (1 applied).
    [VERIFY] Check 9 PASSED: all 1 pre-update keys preserved in post-update JSON.
  Verification passed.
  Plan CONVERGED after 2 iterations.

============================================================
  Query 87
============================================================

  --- Iteration 1 ---
  Found 8 join(s) in physical plan.
  Found 12 log entries in cardinality_log.txt.
  Matched 3 expression(s) to actual cardinalities.
  [MATCH WARN] Unresolved physical joins: 3
    [NEW] LOGICAL_JOIN: RelSets: [0, 1] RelBindings: [0:store_sales | 1:date_dim] NumRels: [0, 1] CtxInputCards: [0:28800991 | 1:366] CtxParentSplit: [[0] | [1]] CtxEdgeSig: [jt=3,res=0,li=0:0,ri=1:0,fi=1] Filters: [(ss_sold_date_sk = d_date_sk)] CtxOcc: 1 -> 5517172
    [NEW] LOGICAL_JOIN: RelSets: [0, 1] RelBindings: [0:catalog_sales | 1:date_dim] NumRels: [0, 1] CtxInputCards: [0:14401261 | 1:366] CtxParentSplit: [[0] | [1]] CtxEdgeSig: [jt=3,res=0,li=0:0,ri=1:0,fi=1] Filters: [(cs_sold_date_sk = d_date_sk)] CtxOcc: 1 -> 2866181
    [NEW] LOGICAL_JOIN: RelSets: [0, 1] RelBindings: [0:web_sales | 1:date_dim] NumRels: [0, 1] CtxInputCards: [0:7197566 | 1:366] CtxParentSplit: [[0] | [1]] CtxEdgeSig: [jt=3,res=0,li=0:0,ri=1:0,fi=1] Filters: [(ws_sold_date_sk = d_date_sk)] CtxOcc: 1 -> 1446535

  --- Iteration 2 ---
  Found 8 join(s) in physical plan.
  Found 12 log entries in cardinality_log.txt.
  Matched 3 expression(s) to actual cardinalities.
  [MATCH WARN] Unresolved physical joins: 3
    [INFO] Small stable-plan drift (keeping existing JSON value):
      Expression: LOGICAL_JOIN: RelSets: [0, 1] RelBindings: [0:store_sales | 1:date_dim] NumRels: [0, 1] CtxInputCards: [0:28800991 | 1:366] CtxParentSplit: [[0] | [1]] CtxEdgeSig: [jt=3,res=0,li=0:0,ri=1:0,fi=1] Filters: [(ss_sold_date_sk = d_date_sk)] CtxOcc: 1
      Existing: 5517172, New: 5517154, Delta: 18 (0.000326%)
    [VERIFY] Running verification for iteration 2...
    [VERIFY] Check 1 PASSED: 3 injected log values match the pre-update JSON.
    [VERIFY] Check 2 PASSED: All 3 JSON keys found in the cardinality log.
    [VERIFY] Check 3 PASSED: All 3 previously-known joins (non-CTE) were INJECTED.
    [VERIFY] Check 4 PASSED: All injected cardinalities match actual plan cardinalities.
    [VERIFY] Check 4 INFO: tolerated 1 small stable-plan drift(s) (treated as measurement noise).
    [VERIFY] Check 5 PASSED: 3 mappings; all expression strings unique.
    [VERIFY] Check 6 INFO: matched 3/8 joins-with-conditions (unmatched=5).
    [VERIFY] Check 7 PASSED: no ambiguous match candidates.
    [VERIFY] Check 8 PASSED: all 3 JSON keys were INJECTED (3 applied).
    [VERIFY] Check 9 PASSED: all 3 pre-update keys preserved in post-update JSON.
  Verification passed.
  Plan CONVERGED after 2 iterations.

============================================================
  Query 88
============================================================

  --- Iteration 1 ---
  Found 31 join(s) in physical plan.
  Found 3121 log entries in cardinality_log.txt.
  Matched 8 expression(s) to actual cardinalities.
  [MATCH WARN] Unresolved physical joins: 16
    [INFO-AMBIGUOUS-RESOLVED] stage0 unique key (candidates=8): LOGICAL_JOIN: RelSets: [0, 2] RelBindings: [0:store_sales | 2:time_dim] NumRels: [0, 2] CtxInputCards: [0:28800991 | 2:3600] CtxParentSplit: [[0] | [2]] CtxEdgeSig: [jt=3,res=0,li=0:0,ri=2:0,fi=1] Filters: [(ss_sold_time_sk = t_time_sk)] CtxOcc: 1
    [INFO-AMBIGUOUS-RESOLVED] stage0 unique key (candidates=7): LOGICAL_JOIN: RelSets: [0, 2] RelBindings: [0:store_sales | 2:time_dim] NumRels: [0, 2] CtxInputCards: [0:28800991 | 2:3600] CtxParentSplit: [[0] | [2]] CtxEdgeSig: [jt=3,res=0,li=0:0,ri=2:0,fi=1] Filters: [(ss_sold_time_sk = t_time_sk)] CtxOcc: 2
    [INFO-AMBIGUOUS-RESOLVED] stage0 unique key (candidates=6): LOGICAL_JOIN: RelSets: [0, 2] RelBindings: [0:store_sales | 2:time_dim] NumRels: [0, 2] CtxInputCards: [0:28800991 | 2:3600] CtxParentSplit: [[0] | [2]] CtxEdgeSig: [jt=3,res=0,li=0:0,ri=2:0,fi=1] Filters: [(ss_sold_time_sk = t_time_sk)] CtxOcc: 3
    [INFO-AMBIGUOUS-RESOLVED] stage0 unique key (candidates=5): LOGICAL_JOIN: RelSets: [0, 2] RelBindings: [0:store_sales | 2:time_dim] NumRels: [0, 2] CtxInputCards: [0:28800991 | 2:3600] CtxParentSplit: [[0] | [2]] CtxEdgeSig: [jt=3,res=0,li=0:0,ri=2:0,fi=1] Filters: [(ss_sold_time_sk = t_time_sk)] CtxOcc: 4
    [INFO-AMBIGUOUS-RESOLVED] stage0 unique key (candidates=4): LOGICAL_JOIN: RelSets: [0, 2] RelBindings: [0:store_sales | 2:time_dim] NumRels: [0, 2] CtxInputCards: [0:28800991 | 2:3600] CtxParentSplit: [[0] | [2]] CtxEdgeSig: [jt=3,res=0,li=0:0,ri=2:0,fi=1] Filters: [(ss_sold_time_sk = t_time_sk)] CtxOcc: 5
    [INFO-AMBIGUOUS-RESOLVED] stage0 unique key (candidates=3): LOGICAL_JOIN: RelSets: [0, 2] RelBindings: [0:store_sales | 2:time_dim] NumRels: [0, 2] CtxInputCards: [0:28800991 | 2:3600] CtxParentSplit: [[0] | [2]] CtxEdgeSig: [jt=3,res=0,li=0:0,ri=2:0,fi=1] Filters: [(ss_sold_time_sk = t_time_sk)] CtxOcc: 6
    [INFO-AMBIGUOUS-RESOLVED] stage0 unique key (candidates=2): LOGICAL_JOIN: RelSets: [0, 2] RelBindings: [0:store_sales | 2:time_dim] NumRels: [0, 2] CtxInputCards: [0:28800991 | 2:3600] CtxParentSplit: [[0] | [2]] CtxEdgeSig: [jt=3,res=0,li=0:0,ri=2:0,fi=1] Filters: [(ss_sold_time_sk = t_time_sk)] CtxOcc: 7
    [NEW] LOGICAL_JOIN: RelSets: [0, 2] RelBindings: [0:store_sales | 2:time_dim] NumRels: [0, 2] CtxInputCards: [0:28800991 | 2:3600] CtxParentSplit: [[0] | [2]] CtxEdgeSig: [jt=3,res=0,li=0:0,ri=2:0,fi=1] Filters: [(ss_sold_time_sk = t_time_sk)] CtxOcc: 1 -> 954336
    [NEW] LOGICAL_JOIN: RelSets: [0, 2] RelBindings: [0:store_sales | 2:time_dim] NumRels: [0, 2] CtxInputCards: [0:28800991 | 2:3600] CtxParentSplit: [[0] | [2]] CtxEdgeSig: [jt=3,res=0,li=0:0,ri=2:0,fi=1] Filters: [(ss_sold_time_sk = t_time_sk)] CtxOcc: 2 -> 1098039
    [NEW] LOGICAL_JOIN: RelSets: [0, 2] RelBindings: [0:store_sales | 2:time_dim] NumRels: [0, 2] CtxInputCards: [0:28800991 | 2:3600] CtxParentSplit: [[0] | [2]] CtxEdgeSig: [jt=3,res=0,li=0:0,ri=2:0,fi=1] Filters: [(ss_sold_time_sk = t_time_sk)] CtxOcc: 3 -> 955800
    [NEW] LOGICAL_JOIN: RelSets: [0, 2] RelBindings: [0:store_sales | 2:time_dim] NumRels: [0, 2] CtxInputCards: [0:28800991 | 2:3600] CtxParentSplit: [[0] | [2]] CtxEdgeSig: [jt=3,res=0,li=0:0,ri=2:0,fi=1] Filters: [(ss_sold_time_sk = t_time_sk)] CtxOcc: 4 -> 1653845
    [NEW] LOGICAL_JOIN: RelSets: [0, 2] RelBindings: [0:store_sales | 2:time_dim] NumRels: [0, 2] CtxInputCards: [0:28800991 | 2:3600] CtxParentSplit: [[0] | [2]] CtxEdgeSig: [jt=3,res=0,li=0:0,ri=2:0,fi=1] Filters: [(ss_sold_time_sk = t_time_sk)] CtxOcc: 5 -> 1641477
    [NEW] LOGICAL_JOIN: RelSets: [0, 2] RelBindings: [0:store_sales | 2:time_dim] NumRels: [0, 2] CtxInputCards: [0:28800991 | 2:3600] CtxParentSplit: [[0] | [2]] CtxEdgeSig: [jt=3,res=0,li=0:0,ri=2:0,fi=1] Filters: [(ss_sold_time_sk = t_time_sk)] CtxOcc: 6 -> 1098372
    [NEW] LOGICAL_JOIN: RelSets: [0, 2] RelBindings: [0:store_sales | 2:time_dim] NumRels: [0, 2] CtxInputCards: [0:28800991 | 2:3600] CtxParentSplit: [[0] | [2]] CtxEdgeSig: [jt=3,res=0,li=0:0,ri=2:0,fi=1] Filters: [(ss_sold_time_sk = t_time_sk)] CtxOcc: 7 -> 1103311
    [NEW] LOGICAL_JOIN: RelSets: [0, 2] RelBindings: [0:store_sales | 2:time_dim] NumRels: [0, 2] CtxInputCards: [0:28800991 | 2:3600] CtxParentSplit: [[0] | [2]] CtxEdgeSig: [jt=3,res=0,li=0:0,ri=2:0,fi=1] Filters: [(ss_sold_time_sk = t_time_sk)] CtxOcc: 8 -> 551011

  --- Iteration 2 ---
  Found 31 join(s) in physical plan.
  Found 3121 log entries in cardinality_log.txt.
  Matched 8 expression(s) to actual cardinalities.
  [MATCH WARN] Unresolved physical joins: 16
    [INFO-AMBIGUOUS-RESOLVED] stage0 unique key (candidates=8): LOGICAL_JOIN: RelSets: [0, 2] RelBindings: [0:store_sales | 2:time_dim] NumRels: [0, 2] CtxInputCards: [0:28800991 | 2:3600] CtxParentSplit: [[0] | [2]] CtxEdgeSig: [jt=3,res=0,li=0:0,ri=2:0,fi=1] Filters: [(ss_sold_time_sk = t_time_sk)] CtxOcc: 7
    [INFO-AMBIGUOUS-RESOLVED] stage0 unique key (candidates=7): LOGICAL_JOIN: RelSets: [0, 2] RelBindings: [0:store_sales | 2:time_dim] NumRels: [0, 2] CtxInputCards: [0:28800991 | 2:3600] CtxParentSplit: [[0] | [2]] CtxEdgeSig: [jt=3,res=0,li=0:0,ri=2:0,fi=1] Filters: [(ss_sold_time_sk = t_time_sk)] CtxOcc: 8
    [INFO-AMBIGUOUS-RESOLVED] stage0 unique key (candidates=6): LOGICAL_JOIN: RelSets: [0, 2] RelBindings: [0:store_sales | 2:time_dim] NumRels: [0, 2] CtxInputCards: [0:28800991 | 2:3600] CtxParentSplit: [[0] | [2]] CtxEdgeSig: [jt=3,res=0,li=0:0,ri=2:0,fi=1] Filters: [(ss_sold_time_sk = t_time_sk)] CtxOcc: 6
    [INFO-AMBIGUOUS-RESOLVED] stage0 unique key (candidates=5): LOGICAL_JOIN: RelSets: [0, 2] RelBindings: [0:store_sales | 2:time_dim] NumRels: [0, 2] CtxInputCards: [0:28800991 | 2:3600] CtxParentSplit: [[0] | [2]] CtxEdgeSig: [jt=3,res=0,li=0:0,ri=2:0,fi=1] Filters: [(ss_sold_time_sk = t_time_sk)] CtxOcc: 5
    [INFO-AMBIGUOUS-RESOLVED] stage0 unique key (candidates=4): LOGICAL_JOIN: RelSets: [0, 2] RelBindings: [0:store_sales | 2:time_dim] NumRels: [0, 2] CtxInputCards: [0:28800991 | 2:3600] CtxParentSplit: [[0] | [2]] CtxEdgeSig: [jt=3,res=0,li=0:0,ri=2:0,fi=1] Filters: [(ss_sold_time_sk = t_time_sk)] CtxOcc: 4
    [INFO-AMBIGUOUS-RESOLVED] stage0 unique key (candidates=3): LOGICAL_JOIN: RelSets: [0, 2] RelBindings: [0:store_sales | 2:time_dim] NumRels: [0, 2] CtxInputCards: [0:28800991 | 2:3600] CtxParentSplit: [[0] | [2]] CtxEdgeSig: [jt=3,res=0,li=0:0,ri=2:0,fi=1] Filters: [(ss_sold_time_sk = t_time_sk)] CtxOcc: 3
    [INFO-AMBIGUOUS-RESOLVED] stage0 unique key (candidates=2): LOGICAL_JOIN: RelSets: [0, 2] RelBindings: [0:store_sales | 2:time_dim] NumRels: [0, 2] CtxInputCards: [0:28800991 | 2:3600] CtxParentSplit: [[0] | [2]] CtxEdgeSig: [jt=3,res=0,li=0:0,ri=2:0,fi=1] Filters: [(ss_sold_time_sk = t_time_sk)] CtxOcc: 2
    [ALARM] Cardinality mismatch for expression!
      Expression: LOGICAL_JOIN: RelSets: [0, 2] RelBindings: [0:store_sales | 2:time_dim] NumRels: [0, 2] CtxInputCards: [0:28800991 | 2:3600] CtxParentSplit: [[0] | [2]] CtxEdgeSig: [jt=3,res=0,li=0:0,ri=2:0,fi=1] Filters: [(ss_sold_time_sk = t_time_sk)] CtxOcc: 7
      Existing: 1103311, New: 954336
    [ALARM] Cardinality mismatch for expression!
      Expression: LOGICAL_JOIN: RelSets: [0, 2] RelBindings: [0:store_sales | 2:time_dim] NumRels: [0, 2] CtxInputCards: [0:28800991 | 2:3600] CtxParentSplit: [[0] | [2]] CtxEdgeSig: [jt=3,res=0,li=0:0,ri=2:0,fi=1] Filters: [(ss_sold_time_sk = t_time_sk)] CtxOcc: 8
      Existing: 551011, New: 1098039
    [ALARM] Cardinality mismatch for expression!
      Expression: LOGICAL_JOIN: RelSets: [0, 2] RelBindings: [0:store_sales | 2:time_dim] NumRels: [0, 2] CtxInputCards: [0:28800991 | 2:3600] CtxParentSplit: [[0] | [2]] CtxEdgeSig: [jt=3,res=0,li=0:0,ri=2:0,fi=1] Filters: [(ss_sold_time_sk = t_time_sk)] CtxOcc: 6
      Existing: 1098372, New: 955815
    [ALARM] Cardinality mismatch for expression!
      Expression: LOGICAL_JOIN: RelSets: [0, 2] RelBindings: [0:store_sales | 2:time_dim] NumRels: [0, 2] CtxInputCards: [0:28800991 | 2:3600] CtxParentSplit: [[0] | [2]] CtxEdgeSig: [jt=3,res=0,li=0:0,ri=2:0,fi=1] Filters: [(ss_sold_time_sk = t_time_sk)] CtxOcc: 5
      Existing: 1641477, New: 1653845
    [ALARM] Cardinality mismatch for expression!
      Expression: LOGICAL_JOIN: RelSets: [0, 2] RelBindings: [0:store_sales | 2:time_dim] NumRels: [0, 2] CtxInputCards: [0:28800991 | 2:3600] CtxParentSplit: [[0] | [2]] CtxEdgeSig: [jt=3,res=0,li=0:0,ri=2:0,fi=1] Filters: [(ss_sold_time_sk = t_time_sk)] CtxOcc: 4
      Existing: 1653845, New: 1641477
    [ALARM] Cardinality mismatch for expression!
      Expression: LOGICAL_JOIN: RelSets: [0, 2] RelBindings: [0:store_sales | 2:time_dim] NumRels: [0, 2] CtxInputCards: [0:28800991 | 2:3600] CtxParentSplit: [[0] | [2]] CtxEdgeSig: [jt=3,res=0,li=0:0,ri=2:0,fi=1] Filters: [(ss_sold_time_sk = t_time_sk)] CtxOcc: 3
      Existing: 955800, New: 1098372
    [INFO] Small stable-plan drift (keeping existing JSON value):
      Expression: LOGICAL_JOIN: RelSets: [0, 2] RelBindings: [0:store_sales | 2:time_dim] NumRels: [0, 2] CtxInputCards: [0:28800991 | 2:3600] CtxParentSplit: [[0] | [2]] CtxEdgeSig: [jt=3,res=0,li=0:0,ri=2:0,fi=1] Filters: [(ss_sold_time_sk = t_time_sk)] CtxOcc: 2
      Existing: 1098039, New: 1103311, Delta: 5272 (0.477834%)
    [ALARM] Cardinality mismatch for expression!
      Expression: LOGICAL_JOIN: RelSets: [0, 2] RelBindings: [0:store_sales | 2:time_dim] NumRels: [0, 2] CtxInputCards: [0:28800991 | 2:3600] CtxParentSplit: [[0] | [2]] CtxEdgeSig: [jt=3,res=0,li=0:0,ri=2:0,fi=1] Filters: [(ss_sold_time_sk = t_time_sk)] CtxOcc: 1
      Existing: 954336, New: 551047
    [VERIFY] Running verification for iteration 2...
    [VERIFY] Check 1 PASSED: 8 injected log values match the pre-update JSON.
    [VERIFY] Check 2 PASSED: All 8 JSON keys found in the cardinality log.
    [VERIFY] Check 3 PASSED: All 8 previously-known joins (non-CTE) were INJECTED.
    [VERIFY] Check 4 INFO: 7 injected != actual (plan may have changed):
      LOGICAL_JOIN: RelSets: [0, 2] RelBindings: [0:store_sales | 2:time_dim] NumRels: [0, 2] CtxInputCards: [0:28800991 | 2:3600] CtxParentSplit: [[0] | [2]] CtxEdgeSig: [jt=3,res=0,li=0:0,ri=2:0,fi=1] Filters: [(ss_sold_time_sk = t_time_sk)] CtxOcc: 1
        Injected: 954336, Actual: 551047
      LOGICAL_JOIN: RelSets: [0, 2] RelBindings: [0:store_sales | 2:time_dim] NumRels: [0, 2] CtxInputCards: [0:28800991 | 2:3600] CtxParentSplit: [[0] | [2]] CtxEdgeSig: [jt=3,res=0,li=0:0,ri=2:0,fi=1] Filters: [(ss_sold_time_sk = t_time_sk)] CtxOcc: 3
        Injected: 955800, Actual: 1098372
      LOGICAL_JOIN: RelSets: [0, 2] RelBindings: [0:store_sales | 2:time_dim] NumRels: [0, 2] CtxInputCards: [0:28800991 | 2:3600] CtxParentSplit: [[0] | [2]] CtxEdgeSig: [jt=3,res=0,li=0:0,ri=2:0,fi=1] Filters: [(ss_sold_time_sk = t_time_sk)] CtxOcc: 4
        Injected: 1653845, Actual: 1641477
      LOGICAL_JOIN: RelSets: [0, 2] RelBindings: [0:store_sales | 2:time_dim] NumRels: [0, 2] CtxInputCards: [0:28800991 | 2:3600] CtxParentSplit: [[0] | [2]] CtxEdgeSig: [jt=3,res=0,li=0:0,ri=2:0,fi=1] Filters: [(ss_sold_time_sk = t_time_sk)] CtxOcc: 5
        Injected: 1641477, Actual: 1653845
      LOGICAL_JOIN: RelSets: [0, 2] RelBindings: [0:store_sales | 2:time_dim] NumRels: [0, 2] CtxInputCards: [0:28800991 | 2:3600] CtxParentSplit: [[0] | [2]] CtxEdgeSig: [jt=3,res=0,li=0:0,ri=2:0,fi=1] Filters: [(ss_sold_time_sk = t_time_sk)] CtxOcc: 6
        Injected: 1098372, Actual: 955815
      LOGICAL_JOIN: RelSets: [0, 2] RelBindings: [0:store_sales | 2:time_dim] NumRels: [0, 2] CtxInputCards: [0:28800991 | 2:3600] CtxParentSplit: [[0] | [2]] CtxEdgeSig: [jt=3,res=0,li=0:0,ri=2:0,fi=1] Filters: [(ss_sold_time_sk = t_time_sk)] CtxOcc: 7
        Injected: 1103311, Actual: 954336
      LOGICAL_JOIN: RelSets: [0, 2] RelBindings: [0:store_sales | 2:time_dim] NumRels: [0, 2] CtxInputCards: [0:28800991 | 2:3600] CtxParentSplit: [[0] | [2]] CtxEdgeSig: [jt=3,res=0,li=0:0,ri=2:0,fi=1] Filters: [(ss_sold_time_sk = t_time_sk)] CtxOcc: 8
        Injected: 551011, Actual: 1098039
    [VERIFY] Check 4 INFO: tolerated 1 small stable-plan drift(s) (treated as measurement noise).
    [VERIFY] Check 5 PASSED: 8 mappings; all expression strings unique.
    [VERIFY] Check 6 INFO: matched 8/24 joins-with-conditions (unmatched=16).
    [VERIFY] Check 7 INFO: 7 ambiguous match(es); stage0=7, non_stage0=0.
    [VERIFY] Check 8 PASSED: all 8 JSON keys were INJECTED (8 applied).
    [VERIFY] Check 9 PASSED: all 8 pre-update keys preserved in post-update JSON.
  Verification passed.

  --- Iteration 3 ---
  Found 31 join(s) in physical plan.
  Found 3121 log entries in cardinality_log.txt.
  Matched 8 expression(s) to actual cardinalities.
  [MATCH WARN] Unresolved physical joins: 16
    [INFO-AMBIGUOUS-RESOLVED] stage0 unique key (candidates=8): LOGICAL_JOIN: RelSets: [0, 2] RelBindings: [0:store_sales | 2:time_dim] NumRels: [0, 2] CtxInputCards: [0:28800991 | 2:3600] CtxParentSplit: [[0] | [2]] CtxEdgeSig: [jt=3,res=0,li=0:0,ri=2:0,fi=1] Filters: [(ss_sold_time_sk = t_time_sk)] CtxOcc: 7
    [INFO-AMBIGUOUS-RESOLVED] stage0 unique key (candidates=7): LOGICAL_JOIN: RelSets: [0, 2] RelBindings: [0:store_sales | 2:time_dim] NumRels: [0, 2] CtxInputCards: [0:28800991 | 2:3600] CtxParentSplit: [[0] | [2]] CtxEdgeSig: [jt=3,res=0,li=0:0,ri=2:0,fi=1] Filters: [(ss_sold_time_sk = t_time_sk)] CtxOcc: 2
    [INFO-AMBIGUOUS-RESOLVED] stage0 unique key (candidates=6): LOGICAL_JOIN: RelSets: [0, 2] RelBindings: [0:store_sales | 2:time_dim] NumRels: [0, 2] CtxInputCards: [0:28800991 | 2:3600] CtxParentSplit: [[0] | [2]] CtxEdgeSig: [jt=3,res=0,li=0:0,ri=2:0,fi=1] Filters: [(ss_sold_time_sk = t_time_sk)] CtxOcc: 6
    [INFO-AMBIGUOUS-RESOLVED] stage0 unique key (candidates=5): LOGICAL_JOIN: RelSets: [0, 2] RelBindings: [0:store_sales | 2:time_dim] NumRels: [0, 2] CtxInputCards: [0:28800991 | 2:3600] CtxParentSplit: [[0] | [2]] CtxEdgeSig: [jt=3,res=0,li=0:0,ri=2:0,fi=1] Filters: [(ss_sold_time_sk = t_time_sk)] CtxOcc: 5
    [INFO-AMBIGUOUS-RESOLVED] stage0 unique key (candidates=4): LOGICAL_JOIN: RelSets: [0, 2] RelBindings: [0:store_sales | 2:time_dim] NumRels: [0, 2] CtxInputCards: [0:28800991 | 2:3600] CtxParentSplit: [[0] | [2]] CtxEdgeSig: [jt=3,res=0,li=0:0,ri=2:0,fi=1] Filters: [(ss_sold_time_sk = t_time_sk)] CtxOcc: 4
    [INFO-AMBIGUOUS-RESOLVED] stage0 unique key (candidates=3): LOGICAL_JOIN: RelSets: [0, 2] RelBindings: [0:store_sales | 2:time_dim] NumRels: [0, 2] CtxInputCards: [0:28800991 | 2:3600] CtxParentSplit: [[0] | [2]] CtxEdgeSig: [jt=3,res=0,li=0:0,ri=2:0,fi=1] Filters: [(ss_sold_time_sk = t_time_sk)] CtxOcc: 3
    [INFO-AMBIGUOUS-RESOLVED] stage0 unique key (candidates=2): LOGICAL_JOIN: RelSets: [0, 2] RelBindings: [0:store_sales | 2:time_dim] NumRels: [0, 2] CtxInputCards: [0:28800991 | 2:3600] CtxParentSplit: [[0] | [2]] CtxEdgeSig: [jt=3,res=0,li=0:0,ri=2:0,fi=1] Filters: [(ss_sold_time_sk = t_time_sk)] CtxOcc: 8
    [INFO] Small stable-plan drift (keeping existing JSON value):
      Expression: LOGICAL_JOIN: RelSets: [0, 2] RelBindings: [0:store_sales | 2:time_dim] NumRels: [0, 2] CtxInputCards: [0:28800991 | 2:3600] CtxParentSplit: [[0] | [2]] CtxEdgeSig: [jt=3,res=0,li=0:0,ri=2:0,fi=1] Filters: [(ss_sold_time_sk = t_time_sk)] CtxOcc: 6
      Existing: 955815, New: 955800, Delta: 15 (0.001569%)
    [INFO] Small stable-plan drift (keeping existing JSON value):
      Expression: LOGICAL_JOIN: RelSets: [0, 2] RelBindings: [0:store_sales | 2:time_dim] NumRels: [0, 2] CtxInputCards: [0:28800991 | 2:3600] CtxParentSplit: [[0] | [2]] CtxEdgeSig: [jt=3,res=0,li=0:0,ri=2:0,fi=1] Filters: [(ss_sold_time_sk = t_time_sk)] CtxOcc: 8
      Existing: 1098039, New: 1103311, Delta: 5272 (0.477834%)
    [INFO] Small stable-plan drift (keeping existing JSON value):
      Expression: LOGICAL_JOIN: RelSets: [0, 2] RelBindings: [0:store_sales | 2:time_dim] NumRels: [0, 2] CtxInputCards: [0:28800991 | 2:3600] CtxParentSplit: [[0] | [2]] CtxEdgeSig: [jt=3,res=0,li=0:0,ri=2:0,fi=1] Filters: [(ss_sold_time_sk = t_time_sk)] CtxOcc: 1
      Existing: 551047, New: 551011, Delta: 36 (0.006533%)
    [VERIFY] Running verification for iteration 3...
    [VERIFY] Check 1 PASSED: 8 injected log values match the pre-update JSON.
    [VERIFY] Check 2 PASSED: All 8 JSON keys found in the cardinality log.
    [VERIFY] Check 3 PASSED: All 8 previously-known joins (non-CTE) were INJECTED.
    [VERIFY] Check 4 PASSED: All injected cardinalities match actual plan cardinalities.
    [VERIFY] Check 4 INFO: tolerated 3 small stable-plan drift(s) (treated as measurement noise).
    [VERIFY] Check 5 PASSED: 8 mappings; all expression strings unique.
    [VERIFY] Check 6 INFO: matched 8/24 joins-with-conditions (unmatched=16).
    [VERIFY] Check 7 INFO: 7 ambiguous match(es); stage0=7, non_stage0=0.
    [VERIFY] Check 8 PASSED: all 8 JSON keys were INJECTED (8 applied).
    [VERIFY] Check 9 PASSED: all 8 pre-update keys preserved in post-update JSON.
  Verification passed.
  Plan CONVERGED after 3 iterations.

============================================================
  Query 89
============================================================

  --- Iteration 1 ---
  Found 3 join(s) in physical plan.
  Found 12 log entries in cardinality_log.txt.
  Matched 1 expression(s) to actual cardinalities.
  [MATCH WARN] Unresolved physical joins: 2
    [NEW] LOGICAL_JOIN: RelSets: [1, 2] RelBindings: [1:store_sales | 2:date_dim] NumRels: [1, 2] CtxInputCards: [1:28800991 | 2:364] CtxParentSplit: [[1] | [2]] CtxEdgeSig: [jt=3,res=0,li=1:1,ri=2:0,fi=1] Filters: [(ss_sold_date_sk = d_date_sk)] CtxOcc: 1 -> 5504554

  --- Iteration 2 ---
  Found 3 join(s) in physical plan.
  Found 12 log entries in cardinality_log.txt.
  Matched 1 expression(s) to actual cardinalities.
  [MATCH WARN] Unresolved physical joins: 2
    [INFO] Small stable-plan drift (keeping existing JSON value):
      Expression: LOGICAL_JOIN: RelSets: [1, 2] RelBindings: [1:store_sales | 2:date_dim] NumRels: [1, 2] CtxInputCards: [1:28800991 | 2:364] CtxParentSplit: [[1] | [2]] CtxEdgeSig: [jt=3,res=0,li=1:1,ri=2:0,fi=1] Filters: [(ss_sold_date_sk = d_date_sk)] CtxOcc: 1
      Existing: 5504554, New: 5504553, Delta: 1 (0.000018%)
    [VERIFY] Running verification for iteration 2...
    [VERIFY] Check 1 PASSED: 1 injected log values match the pre-update JSON.
    [VERIFY] Check 2 PASSED: All 1 JSON keys found in the cardinality log.
    [VERIFY] Check 3 PASSED: All 1 previously-known joins (non-CTE) were INJECTED.
    [VERIFY] Check 4 PASSED: All injected cardinalities match actual plan cardinalities.
    [VERIFY] Check 4 INFO: tolerated 1 small stable-plan drift(s) (treated as measurement noise).
    [VERIFY] Check 5 PASSED: 1 mappings; all expression strings unique.
    [VERIFY] Check 6 INFO: matched 1/3 joins-with-conditions (unmatched=2).
    [VERIFY] Check 7 PASSED: no ambiguous match candidates.
    [VERIFY] Check 8 PASSED: all 1 JSON keys were INJECTED (1 applied).
    [VERIFY] Check 9 PASSED: all 1 pre-update keys preserved in post-update JSON.
  Verification passed.
  Plan CONVERGED after 2 iterations.

============================================================
  Query 90
============================================================

  --- Iteration 1 ---
  Found 5 join(s) in physical plan.
  Found 25 log entries in cardinality_log.txt.
  Matched 1 expression(s) to actual cardinalities.
  [MATCH WARN] Unresolved physical joins: 3
    [INFO-AMBIGUOUS-RESOLVED] stage0 unique key (candidates=2): LOGICAL_JOIN: RelSets: [0, 3] RelBindings: [0:web_sales | 3:web_page] NumRels: [0, 3] CtxInputCards: [0:7197566 | 3:7] CtxParentSplit: [[0] | [3]] CtxEdgeSig: [jt=3,res=0,li=0:2,ri=3:0,fi=0] Filters: [(ws_web_page_sk = wp_web_page_sk)] CtxOcc: 1
    [NEW] LOGICAL_JOIN: RelSets: [0, 3] RelBindings: [0:web_sales | 3:web_page] NumRels: [0, 3] CtxInputCards: [0:7197566 | 3:7] CtxParentSplit: [[0] | [3]] CtxEdgeSig: [jt=3,res=0,li=0:2,ri=3:0,fi=0] Filters: [(ws_web_page_sk = wp_web_page_sk)] CtxOcc: 1 -> 112715

  --- Iteration 2 ---
  Found 5 join(s) in physical plan.
  Found 25 log entries in cardinality_log.txt.
  Matched 1 expression(s) to actual cardinalities.
  [MATCH WARN] Unresolved physical joins: 3
    [INFO-AMBIGUOUS-RESOLVED] stage0 unique key (candidates=2): LOGICAL_JOIN: RelSets: [0, 3] RelBindings: [0:web_sales | 3:web_page] NumRels: [0, 3] CtxInputCards: [0:7197566 | 3:7] CtxParentSplit: [[0] | [3]] CtxEdgeSig: [jt=3,res=0,li=0:2,ri=3:0,fi=0] Filters: [(ws_web_page_sk = wp_web_page_sk)] CtxOcc: 1
    [VERIFY] Running verification for iteration 2...
    [VERIFY] Check 1 PASSED: 1 injected log values match the pre-update JSON.
    [VERIFY] Check 2 PASSED: All 1 JSON keys found in the cardinality log.
    [VERIFY] Check 3 PASSED: All 1 previously-known joins (non-CTE) were INJECTED.
    [VERIFY] Check 4 PASSED: All injected cardinalities match actual plan cardinalities.
    [VERIFY] Check 5 PASSED: 1 mappings; all expression strings unique.
    [VERIFY] Check 6 INFO: matched 1/4 joins-with-conditions (unmatched=3).
    [VERIFY] Check 7 INFO: 1 ambiguous match(es); stage0=1, non_stage0=0.
    [VERIFY] Check 8 PASSED: all 1 JSON keys were INJECTED (1 applied).
    [VERIFY] Check 9 PASSED: all 1 pre-update keys preserved in post-update JSON.
  Verification passed.
  Plan CONVERGED after 2 iterations.

============================================================
  Query 91
============================================================

  --- Iteration 1 ---
  Found 6 join(s) in physical plan.
  Found 128 log entries in cardinality_log.txt.
  Matched 1 expression(s) to actual cardinalities.
  [MATCH WARN] Unresolved physical joins: 5
    [NEW] LOGICAL_JOIN: RelSets: [1, 2] RelBindings: [1:catalog_returns | 2:date_dim] NumRels: [1, 2] CtxInputCards: [1:1441224 | 2:28] CtxParentSplit: [[1] | [2]] CtxEdgeSig: [jt=3,res=0,li=1:1,ri=2:0,fi=4] Filters: [(cr_returned_date_sk = d_date_sk)] CtxOcc: 1 -> 19315

  --- Iteration 2 ---
  Found 6 join(s) in physical plan.
  Found 128 log entries in cardinality_log.txt.
  Matched 1 expression(s) to actual cardinalities.
  [MATCH WARN] Unresolved physical joins: 5
    [VERIFY] Running verification for iteration 2...
    [VERIFY] Check 1 PASSED: 1 injected log values match the pre-update JSON.
    [VERIFY] Check 2 PASSED: All 1 JSON keys found in the cardinality log.
    [VERIFY] Check 3 PASSED: All 1 previously-known joins (non-CTE) were INJECTED.
    [VERIFY] Check 4 PASSED: All injected cardinalities match actual plan cardinalities.
    [VERIFY] Check 5 PASSED: 1 mappings; all expression strings unique.
    [VERIFY] Check 6 INFO: matched 1/6 joins-with-conditions (unmatched=5).
    [VERIFY] Check 7 PASSED: no ambiguous match candidates.
    [VERIFY] Check 8 PASSED: all 1 JSON keys were INJECTED (1 applied).
    [VERIFY] Check 9 PASSED: all 1 pre-update keys preserved in post-update JSON.
  Verification passed.
  Plan CONVERGED after 2 iterations.

============================================================
  Query 92
============================================================

  --- Iteration 1 ---
  Found 6 join(s) in physical plan.
  Found 8 log entries in cardinality_log.txt.
  Matched 2 expression(s) to actual cardinalities.
  [MATCH WARN] Unresolved physical joins: 2
    [INFO-AMBIGUOUS-RESOLVED] stage0 unique key (candidates=2): LOGICAL_JOIN: RelSets: [0, 1] RelBindings: [0:web_sales | 1:date_dim] NumRels: [0, 1] CtxInputCards: [0:7197566 | 1:91] CtxParentSplit: [[0] | [1]] CtxEdgeSig: [jt=3,res=0,li=0:1,ri=1:1,fi=1] Filters: [(ws_sold_date_sk = d_date_sk)] CtxOcc: 1
    [NEW] LOGICAL_JOIN: RelSets: [0, 1] RelBindings: [0:web_sales | 1:item] NumRels: [0, 1] CtxInputCards: [0:7197566 | 1:83] CtxParentSplit: [[0] | [1]] CtxEdgeSig: [jt=3,res=0,li=0:0,ri=1:1,fi=1] Filters: [(ws_item_sk = i_item_sk)] CtxOcc: 1 -> 163
    [NEW] LOGICAL_JOIN: RelSets: [0, 1] RelBindings: [0:web_sales | 1:date_dim] NumRels: [0, 1] CtxInputCards: [0:7197566 | 1:91] CtxParentSplit: [[0] | [1]] CtxEdgeSig: [jt=3,res=0,li=0:1,ri=1:1,fi=1] Filters: [(ws_sold_date_sk = d_date_sk)] CtxOcc: 1 -> 163

  --- Iteration 2 ---
  Found 6 join(s) in physical plan.
  Found 8 log entries in cardinality_log.txt.
  Matched 2 expression(s) to actual cardinalities.
  [MATCH WARN] Unresolved physical joins: 2
    [INFO-AMBIGUOUS-RESOLVED] stage0 unique key (candidates=2): LOGICAL_JOIN: RelSets: [0, 1] RelBindings: [0:web_sales | 1:date_dim] NumRels: [0, 1] CtxInputCards: [0:7197566 | 1:91] CtxParentSplit: [[0] | [1]] CtxEdgeSig: [jt=3,res=0,li=0:1,ri=1:1,fi=1] Filters: [(ws_sold_date_sk = d_date_sk)] CtxOcc: 1
    [INFO] Cardinality update (plan changed vs last iteration; overwriting JSON):
      Expression: LOGICAL_JOIN: RelSets: [0, 1] RelBindings: [0:web_sales | 1:date_dim] NumRels: [0, 1] CtxInputCards: [0:7197566 | 1:91] CtxParentSplit: [[0] | [1]] CtxEdgeSig: [jt=3,res=0,li=0:1,ri=1:1,fi=1] Filters: [(ws_sold_date_sk = d_date_sk)] CtxOcc: 1
      Existing: 163, New: 205512
    [VERIFY] Running verification for iteration 2...
    [VERIFY] Check 1 PASSED: 2 injected log values match the pre-update JSON.
    [VERIFY] Check 2 PASSED: All 2 JSON keys found in the cardinality log.
    [VERIFY] Check 3 PASSED: All 2 previously-known joins (non-CTE) were INJECTED.
    [VERIFY] Check 4 INFO: 1 injected != actual (plan may have changed):
      LOGICAL_JOIN: RelSets: [0, 1] RelBindings: [0:web_sales | 1:date_dim] NumRels: [0, 1] CtxInputCards: [0:7197566 | 1:91] CtxParentSplit: [[0] | [1]] CtxEdgeSig: [jt=3,res=0,li=0:1,ri=1:1,fi=1] Filters: [(ws_sold_date_sk = d_date_sk)] CtxOcc: 1
        Injected: 163, Actual: 205512
    [VERIFY] Check 5 PASSED: 2 mappings; all expression strings unique.
    [VERIFY] Check 6 INFO: matched 2/6 joins-with-conditions (unmatched=4).
    [VERIFY] Check 7 INFO: 1 ambiguous match(es); stage0=1, non_stage0=0.
    [VERIFY] Check 8 PASSED: all 2 JSON keys were INJECTED (2 applied).
    [VERIFY] Check 9 PASSED: all 2 pre-update keys preserved in post-update JSON.
  Verification passed.
  Plan CHANGED on iteration 2.

  --- Iteration 3 ---
  Found 6 join(s) in physical plan.
  Found 8 log entries in cardinality_log.txt.
  Matched 2 expression(s) to actual cardinalities.
  [MATCH WARN] Unresolved physical joins: 2
    [INFO-AMBIGUOUS-RESOLVED] stage0 unique key (candidates=2): LOGICAL_JOIN: RelSets: [0, 1] RelBindings: [0:web_sales | 1:date_dim] NumRels: [0, 1] CtxInputCards: [0:7197566 | 1:91] CtxParentSplit: [[0] | [1]] CtxEdgeSig: [jt=3,res=0,li=0:1,ri=1:1,fi=1] Filters: [(ws_sold_date_sk = d_date_sk)] CtxOcc: 1
    [INFO] Cardinality update (plan changed vs last iteration; overwriting JSON):
      Expression: LOGICAL_JOIN: RelSets: [0, 1] RelBindings: [0:web_sales | 1:date_dim] NumRels: [0, 1] CtxInputCards: [0:7197566 | 1:91] CtxParentSplit: [[0] | [1]] CtxEdgeSig: [jt=3,res=0,li=0:1,ri=1:1,fi=1] Filters: [(ws_sold_date_sk = d_date_sk)] CtxOcc: 1
      Existing: 205512, New: 163
    [VERIFY] Running verification for iteration 3...
    [VERIFY] Check 1 PASSED: 2 injected log values match the pre-update JSON.
    [VERIFY] Check 2 PASSED: All 2 JSON keys found in the cardinality log.
    [VERIFY] Check 3 PASSED: All 2 previously-known joins (non-CTE) were INJECTED.
    [VERIFY] Check 4 INFO: 1 injected != actual (plan may have changed):
      LOGICAL_JOIN: RelSets: [0, 1] RelBindings: [0:web_sales | 1:date_dim] NumRels: [0, 1] CtxInputCards: [0:7197566 | 1:91] CtxParentSplit: [[0] | [1]] CtxEdgeSig: [jt=3,res=0,li=0:1,ri=1:1,fi=1] Filters: [(ws_sold_date_sk = d_date_sk)] CtxOcc: 1
        Injected: 205512, Actual: 163
    [VERIFY] Check 5 PASSED: 2 mappings; all expression strings unique.
    [VERIFY] Check 6 INFO: matched 2/6 joins-with-conditions (unmatched=4).
    [VERIFY] Check 7 INFO: 1 ambiguous match(es); stage0=1, non_stage0=0.
    [VERIFY] Check 8 PASSED: all 2 JSON keys were INJECTED (2 applied).
    [VERIFY] Check 9 PASSED: all 2 pre-update keys preserved in post-update JSON.
  Verification passed.
  Plan CHANGED on iteration 3.
  Plan OSCILLATION detected: cycle of length 2 (iteration 1 == iteration 3).
  [OSCILLATION-CLEANUP] Removed 1 oscillating key(s) from JSON.
    LOGICAL_JOIN: RelSets: [0, 1] RelBindings: [0:web_sales | 1:date_dim] NumRels: [0, 1] CtxInputCards: [0:7197566 | 1:91] CtxParentSplit: [[0]... cards=[163, 205512, 163]

============================================================
  Query 93
============================================================

  --- Iteration 1 ---
  Found 2 join(s) in physical plan.
  Found 1 log entries in cardinality_log.txt.
  Matched 1 expression(s) to actual cardinalities.
  [MATCH WARN] Unresolved physical joins: 1
    [NEW] LOGICAL_JOIN: RelSets: [0, 1] RelBindings: [0:store_sales, store_returns | 1:reason] NumRels: [0, 1] CtxInputCards: [0:28800991 | 1:1] CtxParentSplit: [[0] | [1]] CtxEdgeSig: [jt=3,res=0,li=0:2,ri=1:0,fi=0] Filters: [(sr_reason_sk = r_reason_sk)] CtxOcc: 1 -> 61752

  --- Iteration 2 ---
  Found 2 join(s) in physical plan.
  Found 1 log entries in cardinality_log.txt.
  Matched 1 expression(s) to actual cardinalities.
  [MATCH WARN] Unresolved physical joins: 1
    [VERIFY] Running verification for iteration 2...
    [VERIFY] Check 1 PASSED: 1 injected log values match the pre-update JSON.
    [VERIFY] Check 2 PASSED: All 1 JSON keys found in the cardinality log.
    [VERIFY] Check 3 PASSED: All 1 previously-known joins (non-CTE) were INJECTED.
    [VERIFY] Check 4 PASSED: All injected cardinalities match actual plan cardinalities.
    [VERIFY] Check 5 PASSED: 1 mappings; all expression strings unique.
    [VERIFY] Check 6 INFO: matched 1/2 joins-with-conditions (unmatched=1).
    [VERIFY] Check 7 PASSED: no ambiguous match candidates.
    [VERIFY] Check 8 PASSED: all 1 JSON keys were INJECTED (1 applied).
    [VERIFY] Check 9 PASSED: all 1 pre-update keys preserved in post-update JSON.
  Verification passed.
  Plan CONVERGED after 2 iterations.

============================================================
  Query 94
============================================================

  --- Iteration 1 ---
  Found 9 join(s) in physical plan.
  Found 14 log entries in cardinality_log.txt.
  Matched 1 expression(s) to actual cardinalities.
  [MATCH WARN] Unresolved physical joins: 4
    [NEW] LOGICAL_JOIN: RelSets: [0, 1] RelBindings: [0:web_sales | 1:date_dim] NumRels: [0, 1] CtxInputCards: [0:7197566 | 1:61] CtxParentSplit: [[0] | [1]] CtxEdgeSig: [jt=3,res=0,li=0:0,ri=1:1,fi=2] Filters: [(ws_ship_date_sk = d_date_sk)] CtxOcc: 1 -> 158872

  --- Iteration 2 ---
  Found 9 join(s) in physical plan.
  Found 14 log entries in cardinality_log.txt.
  Matched 1 expression(s) to actual cardinalities.
  [MATCH WARN] Unresolved physical joins: 4
    [VERIFY] Running verification for iteration 2...
    [VERIFY] Check 1 PASSED: 1 injected log values match the pre-update JSON.
    [VERIFY] Check 2 PASSED: All 1 JSON keys found in the cardinality log.
    [VERIFY] Check 3 PASSED: All 1 previously-known joins (non-CTE) were INJECTED.
    [VERIFY] Check 4 PASSED: All injected cardinalities match actual plan cardinalities.
    [VERIFY] Check 5 PASSED: 1 mappings; all expression strings unique.
    [VERIFY] Check 6 INFO: matched 1/9 joins-with-conditions (unmatched=8).
    [VERIFY] Check 7 PASSED: no ambiguous match candidates.
    [VERIFY] Check 8 PASSED: all 1 JSON keys were INJECTED (1 applied).
    [VERIFY] Check 9 PASSED: all 1 pre-update keys preserved in post-update JSON.
  Verification passed.
  Plan CONVERGED after 2 iterations.

============================================================
  Query 95
============================================================

  --- Iteration 1 ---
  Found 8 join(s) in physical plan.
  Found 83 log entries in cardinality_log.txt.
  Matched 4 expression(s) to actual cardinalities.
  [MATCH WARN] Unresolved physical joins: 4
    [INFO-AMBIGUOUS-RESOLVED] stage0 unique key (candidates=2): LOGICAL_JOIN: RelSets: [0, 1] RelBindings: [0:web_sales | 1:web_sales] NumRels: [0, 1] CtxInputCards: [0:7197566 | 1:7197566] CtxParentSplit: [[0] | [1]] CtxEdgeSig: [jt=3,res=0,li=0:0,ri=1:0,fi=1 | jt=3,res=0,li=0:1,ri=1:1,fi=0] Filters: [(ws_order_number = ws_order_number) AND (ws_warehouse_sk != ws_warehouse_sk)] CtxOcc: 1
    [NEW] LOGICAL_JOIN: RelSets: [0, 1] RelBindings: [0:web_returns | 1:web_sales, web_sales] NumRels: [0, 1] CtxInputCards: [0:719222 | 1:142282220] CtxParentSplit: [[0] | [1]] CtxEdgeSig: [jt=3,res=0,li=0:0,ri=1:0,fi=0] Filters: [(wr_order_number = ws_order_number)] CtxOcc: 1 -> 97991414
    [NEW] LOGICAL_JOIN: RelSets: [0, 1] RelBindings: [0:web_sales | 1:web_sales] NumRels: [0, 1] CtxInputCards: [0:7197566 | 1:7197566] CtxParentSplit: [[0] | [1]] CtxEdgeSig: [jt=3,res=0,li=0:0,ri=1:0,fi=1 | jt=3,res=0,li=0:1,ri=1:1,fi=0] Filters: [(ws_order_number = ws_order_number) AND (ws_warehouse_sk != ws_warehouse_sk)] CtxOcc: 1 -> 74795990
    [NEW] LOGICAL_JOIN: RelSets: [0, 1] RelBindings: [0:web_sales | 1:web_sales] NumRels: [0, 1] CtxInputCards: [0:7197566 | 1:7197566] CtxParentSplit: [[0] | [1]] CtxEdgeSig: [jt=3,res=0,li=0:0,ri=1:0,fi=1 | jt=3,res=0,li=0:1,ri=1:1,fi=0] Filters: [(ws_order_number = ws_order_number) AND (ws_warehouse_sk != ws_warehouse_sk)] CtxOcc: 2 -> 74795990
    [NEW] LOGICAL_JOIN: RelSets: [0, 1] RelBindings: [0:web_sales | 1:date_dim] NumRels: [0, 1] CtxInputCards: [0:7197566 | 1:61] CtxParentSplit: [[0] | [1]] CtxEdgeSig: [jt=3,res=0,li=0:0,ri=1:1,fi=4] Filters: [(ws_ship_date_sk = d_date_sk)] CtxOcc: 1 -> 158872

  --- Iteration 2 ---
  Found 8 join(s) in physical plan.
  Found 83 log entries in cardinality_log.txt.
  Matched 4 expression(s) to actual cardinalities.
  [MATCH WARN] Unresolved physical joins: 4
    [INFO-AMBIGUOUS-RESOLVED] stage0 unique key (candidates=2): LOGICAL_JOIN: RelSets: [0, 1] RelBindings: [0:web_sales | 1:web_sales] NumRels: [0, 1] CtxInputCards: [0:7197566 | 1:7197566] CtxParentSplit: [[0] | [1]] CtxEdgeSig: [jt=3,res=0,li=0:0,ri=1:0,fi=1 | jt=3,res=0,li=0:1,ri=1:1,fi=0] Filters: [(ws_order_number = ws_order_number) AND (ws_warehouse_sk != ws_warehouse_sk)] CtxOcc: 1
    [NEW] LOGICAL_JOIN: RelSets: [0, 1] RelBindings: [0:web_returns | 1:web_sales, web_sales] NumRels: [0, 1] CtxInputCards: [0:719222 | 1:74795990] CtxParentSplit: [[0] | [1]] CtxEdgeSig: [jt=3,res=0,li=0:0,ri=1:0,fi=0] Filters: [(wr_order_number = ws_order_number)] CtxOcc: 1 -> 97991414
    [VERIFY] Running verification for iteration 2...
    [VERIFY] Check 1 PASSED: 3 injected log values match the pre-update JSON.
    [VERIFY] Check 2 WARN: JSON key not in log: LOGICAL_JOIN: RelSets: [0, 1] RelBindings: [0:web_returns | 1:web_sales, web_sales] NumRels: [0, 1] CtxInputCards: [0:719222 | 1:142282220] CtxParentSplit: [[0] | [1]] CtxEdgeSig: [jt=3,res=0,li=0:0,ri=1:0,fi=0] Filters: [(wr_order_number = ws_order_number)] CtxOcc: 1
    [VERIFY] Check 3 INFO: 1 new join(s) from plan change (not previously injected, OK).
    [VERIFY] Check 3 PASSED: All 3 previously-known joins (non-CTE) were INJECTED.
    [VERIFY] Check 4 PASSED: All injected cardinalities match actual plan cardinalities.
    [VERIFY] Check 5 PASSED: 4 mappings; all expression strings unique.
    [VERIFY] Check 6 INFO: matched 4/8 joins-with-conditions (unmatched=4).
    [VERIFY] Check 7 INFO: 1 ambiguous match(es); stage0=1, non_stage0=0.
    [VERIFY] Check 8 INFO: 1 JSON key(s) not visited by optimizer (plan shape changed, key's subplan not reached).
    [VERIFY] Check 9 PASSED: all 4 pre-update keys preserved in post-update JSON.
  Verification passed.

  --- Iteration 3 ---
  Found 8 join(s) in physical plan.
  Found 83 log entries in cardinality_log.txt.
  Matched 4 expression(s) to actual cardinalities.
  [MATCH WARN] Unresolved physical joins: 4
    [INFO-AMBIGUOUS-RESOLVED] stage0 unique key (candidates=2): LOGICAL_JOIN: RelSets: [0, 1] RelBindings: [0:web_sales | 1:web_sales] NumRels: [0, 1] CtxInputCards: [0:7197566 | 1:7197566] CtxParentSplit: [[0] | [1]] CtxEdgeSig: [jt=3,res=0,li=0:0,ri=1:0,fi=1 | jt=3,res=0,li=0:1,ri=1:1,fi=0] Filters: [(ws_order_number = ws_order_number) AND (ws_warehouse_sk != ws_warehouse_sk)] CtxOcc: 1
    [VERIFY] Running verification for iteration 3...
    [VERIFY] Check 1 PASSED: 4 injected log values match the pre-update JSON.
    [VERIFY] Check 2 WARN: JSON key not in log: LOGICAL_JOIN: RelSets: [0, 1] RelBindings: [0:web_returns | 1:web_sales, web_sales] NumRels: [0, 1] CtxInputCards: [0:719222 | 1:142282220] CtxParentSplit: [[0] | [1]] CtxEdgeSig: [jt=3,res=0,li=0:0,ri=1:0,fi=0] Filters: [(wr_order_number = ws_order_number)] CtxOcc: 1
    [VERIFY] Check 3 PASSED: All 4 previously-known joins (non-CTE) were INJECTED.
    [VERIFY] Check 4 PASSED: All injected cardinalities match actual plan cardinalities.
    [VERIFY] Check 5 PASSED: 4 mappings; all expression strings unique.
    [VERIFY] Check 6 INFO: matched 4/8 joins-with-conditions (unmatched=4).
    [VERIFY] Check 7 INFO: 1 ambiguous match(es); stage0=1, non_stage0=0.
    [VERIFY] Check 8 INFO: 1 JSON key(s) not visited by optimizer (plan shape changed, key's subplan not reached).
    [VERIFY] Check 9 PASSED: all 5 pre-update keys preserved in post-update JSON.
  Verification passed.
  Plan CONVERGED after 3 iterations.

============================================================
  Query 96
============================================================

  --- Iteration 1 ---
  Found 3 join(s) in physical plan.
  Found 12 log entries in cardinality_log.txt.
  Matched 1 expression(s) to actual cardinalities.
  [MATCH WARN] Unresolved physical joins: 2
    [NEW] LOGICAL_JOIN: RelSets: [0, 2] RelBindings: [0:store_sales | 2:time_dim] NumRels: [0, 2] CtxInputCards: [0:28800991 | 2:3600] CtxParentSplit: [[0] | [2]] CtxEdgeSig: [jt=3,res=0,li=0:0,ri=2:0,fi=1] Filters: [(ss_sold_time_sk = t_time_sk)] CtxOcc: 1 -> 547450

  --- Iteration 2 ---
  Found 3 join(s) in physical plan.
  Found 12 log entries in cardinality_log.txt.
  Matched 1 expression(s) to actual cardinalities.
  [MATCH WARN] Unresolved physical joins: 2
    [VERIFY] Running verification for iteration 2...
    [VERIFY] Check 1 PASSED: 1 injected log values match the pre-update JSON.
    [VERIFY] Check 2 PASSED: All 1 JSON keys found in the cardinality log.
    [VERIFY] Check 3 PASSED: All 1 previously-known joins (non-CTE) were INJECTED.
    [VERIFY] Check 4 PASSED: All injected cardinalities match actual plan cardinalities.
    [VERIFY] Check 5 PASSED: 1 mappings; all expression strings unique.
    [VERIFY] Check 6 INFO: matched 1/3 joins-with-conditions (unmatched=2).
    [VERIFY] Check 7 PASSED: no ambiguous match candidates.
    [VERIFY] Check 8 PASSED: all 1 JSON keys were INJECTED (1 applied).
    [VERIFY] Check 9 PASSED: all 1 pre-update keys preserved in post-update JSON.
  Verification passed.
  Plan CONVERGED after 2 iterations.

============================================================
  Query 97
============================================================

  --- Iteration 1 ---
  Found 3 join(s) in physical plan.
  Found 2 log entries in cardinality_log.txt.
  Matched 2 expression(s) to actual cardinalities.
    [NEW] LOGICAL_JOIN: RelSets: [0, 1] RelBindings: [0:store_sales | 1:date_dim] NumRels: [0, 1] CtxInputCards: [0:28800991 | 1:366] CtxParentSplit: [[0] | [1]] CtxEdgeSig: [jt=3,res=0,li=0:0,ri=1:0,fi=0] Filters: [(ss_sold_date_sk = d_date_sk)] CtxOcc: 1 -> 5519337
    [NEW] LOGICAL_JOIN: RelSets: [0, 1] RelBindings: [0:catalog_sales | 1:date_dim] NumRels: [0, 1] CtxInputCards: [0:14401261 | 1:366] CtxParentSplit: [[0] | [1]] CtxEdgeSig: [jt=3,res=0,li=0:0,ri=1:0,fi=0] Filters: [(cs_sold_date_sk = d_date_sk)] CtxOcc: 1 -> 2867350

  --- Iteration 2 ---
  Found 3 join(s) in physical plan.
  Found 2 log entries in cardinality_log.txt.
  Matched 2 expression(s) to actual cardinalities.
    [VERIFY] Running verification for iteration 2...
    [VERIFY] Check 1 PASSED: 2 injected log values match the pre-update JSON.
    [VERIFY] Check 2 PASSED: All 2 JSON keys found in the cardinality log.
    [VERIFY] Check 3 PASSED: All 2 previously-known joins (non-CTE) were INJECTED.
    [VERIFY] Check 4 PASSED: All injected cardinalities match actual plan cardinalities.
    [VERIFY] Check 5 PASSED: 2 mappings; all expression strings unique.
    [VERIFY] Check 6 INFO: matched 2/3 joins-with-conditions (unmatched=1).
    [VERIFY] Check 7 PASSED: no ambiguous match candidates.
    [VERIFY] Check 8 PASSED: all 2 JSON keys were INJECTED (2 applied).
    [VERIFY] Check 9 PASSED: all 2 pre-update keys preserved in post-update JSON.
  Verification passed.
  Plan CONVERGED after 2 iterations.

============================================================
  Query 98
============================================================

  --- Iteration 1 ---
  Found 2 join(s) in physical plan.
  Found 4 log entries in cardinality_log.txt.
  Matched 1 expression(s) to actual cardinalities.
  [MATCH WARN] Unresolved physical joins: 1
    [NEW] LOGICAL_JOIN: RelSets: [0, 2] RelBindings: [0:store_sales | 2:date_dim] NumRels: [0, 2] CtxInputCards: [0:28800991 | 2:31] CtxParentSplit: [[0] | [2]] CtxEdgeSig: [jt=3,res=0,li=0:1,ri=2:0,fi=0] Filters: [(ss_sold_date_sk = d_date_sk)] CtxOcc: 1 -> 264435

  --- Iteration 2 ---
  Found 2 join(s) in physical plan.
  Found 4 log entries in cardinality_log.txt.
  Matched 1 expression(s) to actual cardinalities.
  [MATCH WARN] Unresolved physical joins: 1
    [VERIFY] Running verification for iteration 2...
    [VERIFY] Check 1 PASSED: 1 injected log values match the pre-update JSON.
    [VERIFY] Check 2 PASSED: All 1 JSON keys found in the cardinality log.
    [VERIFY] Check 3 PASSED: All 1 previously-known joins (non-CTE) were INJECTED.
    [VERIFY] Check 4 PASSED: All injected cardinalities match actual plan cardinalities.
    [VERIFY] Check 5 PASSED: 1 mappings; all expression strings unique.
    [VERIFY] Check 6 INFO: matched 1/2 joins-with-conditions (unmatched=1).
    [VERIFY] Check 7 PASSED: no ambiguous match candidates.
    [VERIFY] Check 8 PASSED: all 1 JSON keys were INJECTED (1 applied).
    [VERIFY] Check 9 PASSED: all 1 pre-update keys preserved in post-update JSON.
  Verification passed.
  Plan CONVERGED after 2 iterations.

============================================================
  Query 99
============================================================

  --- Iteration 1 ---
  Found 4 join(s) in physical plan.
  Found 32 log entries in cardinality_log.txt.
  Matched 1 expression(s) to actual cardinalities.
  [MATCH WARN] Unresolved physical joins: 3
    [NEW] LOGICAL_JOIN: RelSets: [0, 4] RelBindings: [0:catalog_sales | 4:date_dim] NumRels: [0, 4] CtxInputCards: [0:14401261 | 4:366] CtxParentSplit: [[0] | [4]] CtxEdgeSig: [jt=3,res=0,li=0:0,ri=4:1,fi=0] Filters: [(cs_ship_date_sk = d_date_sk)] CtxOcc: 1 -> 2864186

  --- Iteration 2 ---
  Found 4 join(s) in physical plan.
  Found 32 log entries in cardinality_log.txt.
  Matched 1 expression(s) to actual cardinalities.
  [MATCH WARN] Unresolved physical joins: 3
    [VERIFY] Running verification for iteration 2...
    [VERIFY] Check 1 PASSED: 1 injected log values match the pre-update JSON.
    [VERIFY] Check 2 PASSED: All 1 JSON keys found in the cardinality log.
    [VERIFY] Check 3 PASSED: All 1 previously-known joins (non-CTE) were INJECTED.
    [VERIFY] Check 4 PASSED: All injected cardinalities match actual plan cardinalities.
    [VERIFY] Check 5 PASSED: 1 mappings; all expression strings unique.
    [VERIFY] Check 6 INFO: matched 1/4 joins-with-conditions (unmatched=3).
    [VERIFY] Check 7 PASSED: no ambiguous match candidates.
    [VERIFY] Check 8 PASSED: all 1 JSON keys were INJECTED (1 applied).
    [VERIFY] Check 9 PASSED: all 1 pre-update keys preserved in post-update JSON.
  Verification passed.
  Plan CONVERGED after 2 iterations.

============================================================
  FINAL SUMMARY
============================================================
Query      Iterations   Converged    Plan Changes
--------------------------------------------------
  Q1        3            Converged                 0
  Q2        2            Converged                 0
  Q3        2            Converged                 0
  Q4        5            Converged                 2
  Q5        2            Converged                 0
  Q6        2            Converged                 0
  Q7        2            Converged                 0
  Q8        2            Converged                 0
  Q9        2            Converged                 0
  Q10       4            Converged                 2
  Q11       3            Converged                 1
  Q12       2            Converged                 0
  Q13       2            Converged                 0
  Q14       3            Converged                 1
  Q15       4            Oscillation (cycle=2)     3
  Q16       2            Converged                 0
  Q17       3            Converged                 1
  Q18       2            Converged                 0
  Q19       2            Converged                 0
  Q20       2            Converged                 0
  Q21       2            Converged                 0
  Q22       2            Converged                 0
  Q23       3            Converged                 0
  Q24       2            Converged                 0
  Q25       2            Converged                 0
  Q26       2            Converged                 0
  Q27       2            Converged                 0
  Q28       2            Converged                 0
  Q29       2            Converged                 0
  Q30       3            Oscillation (cycle=2)     2
  Q31       2            Converged                 0
  Q32       3            Oscillation (cycle=2)     2
  Q33       2            Converged                 0
  Q34       3            Converged                 0
  Q35       2            Converged                 0
  Q36       2            Converged                 0
  Q37       2            Converged                 0
  Q38       2            Converged                 0
  Q39       2            Converged                 0
  Q40       2            Converged                 0
  Q41       2            Converged                 0
  Q42       2            Converged                 0
  Q43       2            Converged                 0
  Q44       3            Converged                 0
  Q45       2            Converged                 0
  Q46       3            Converged                 1
  Q47       3            Converged                 1
  Q48       2            Converged                 0
  Q49       2            Converged                 0
  Q50       2            Converged                 0
  Q51       2            Converged                 0
  Q52       2            Converged                 0
  Q53       2            Converged                 0
  Q54       2            Converged                 0
  Q55       2            Converged                 0
  Q56       2            Converged                 0
  Q57       3            Converged                 1
  Q58       4            Oscillation (cycle=3)     3
  Q59       4            Converged                 0
  Q60       2            Converged                 0
  Q61       3            Converged                 0
  Q62       2            Converged                 0
  Q63       2            Converged                 0
  Q64       3            Converged                 1
  Q65       3            Oscillation (cycle=2)     2
  Q66       2            Converged                 0
  Q67       2            Converged                 0
  Q68       2            Converged                 0
  Q69       3            Oscillation (cycle=2)     2
  Q70       2            Converged                 0
  Q71       4            Converged                 1
  Q72       4            Converged                 1
  Q73       2            Converged                 0
  Q74       3            Converged                 1
  Q75       2            Converged                 0
  Q76       4            Converged                 2
  Q77       2            Converged                 0
  Q78       2            Converged                 0
  Q79       2            Converged                 0
  Q80       2            Converged                 0
  Q81       3            Oscillation (cycle=2)     2
  Q82       2            Converged                 0
  Q83       3            Oscillation (cycle=2)     2
  Q84       3            Converged                 1
  Q85       3            Oscillation (cycle=2)     2
  Q86       2            Converged                 0
  Q87       2            Converged                 0
  Q88       3            Converged                 0
  Q89       2            Converged                 0
  Q90       2            Converged                 0
  Q91       2            Converged                 0
  Q92       3            Oscillation (cycle=2)     2
  Q93       2            Converged                 0
  Q94       2            Converged                 0
  Q95       3            Converged                 0
  Q96       2            Converged                 0
  Q97       2            Converged                 0
  Q98       2            Converged                 0
  Q99       2            Converged                 0
============================================================
  GLOBAL TOTALS (sum over queries in this run)
============================================================
  Total iterations completed:     239
  Total plan-change events:       39
  Sum of last-iter n_injected:    247
  Sum of feedback_unique_plans:   128
  Converged / oscillation / error: 89 / 10 / 0
============================================================
  TIMING COMPARISON (vanilla vs feedback, plan-changed queries)
============================================================
  Query     Vanilla min Feedback min    Speedup
  ----------------------------------------------
  Q4            0.871s       0.877s     0.99x SLOWER ⚠
  Q10           0.071s       0.071s     1.00x FASTER
  Q11           0.508s       0.548s     0.93x SLOWER ⚠
  Q14           0.586s       0.580s     1.01x FASTER
  Q17           0.156s       0.155s     1.01x FASTER
  Q46           0.131s       0.134s     0.98x SLOWER ⚠
  Q47           0.291s       0.293s     0.99x SLOWER ⚠
  Q57           0.129s       0.131s     0.98x SLOWER ⚠
  Q64           0.282s       0.280s     1.01x FASTER
  Q71           0.088s       0.087s     1.01x FASTER
  Q72           1.026s       0.241s     4.25x FASTER
  Q74           0.331s       0.330s     1.00x FASTER
  Q76           0.160s       0.133s     1.20x FASTER
  Q84           0.038s       0.038s     0.99x SLOWER ⚠
============================================================
  Benchmark complete.
