Oracle Cardinality Injection Benchmark
Started: 2026-04-23T18:15:07.618133
Scale Factor: 200
Database: /Users/Aarry/Desktop/15689/tpcds_sf200.db
Queries: 1-99
====================================================================================================
  RelSets-SQL strict mode: ON
  V6 profile est vs actual: ON (injected multi-table joins (profile ∩ log), tolerance=1.0000% symmetric rel err)
  [NOTE] V6 can false-alarm: oracle COUNT is for an isolated subquery, while actual rows at a HASH_JOIN follow the executed pipeline.

Extracting TPC-DS queries...
  Extracted 99 queries.


  [SKIP] Query 0 not found in TPC-DS.

============================================================
  Query 1
============================================================
  Phase 0: Baseline run (no injection)
  Baseline plan fingerprint: e22123ccd4e9
  Phase 1: EXPLAIN (dry-run)
  (cleared cardinality_log for strict RelSets-SQL pass isolation)
  6 log entries, 6 multi-table joins, 1 with SQL_COUNT_QUERY.
  Phase 2: Computing oracle cardinalities (6 subqueries)...
  Computed 0 oracle cardinalities in 0.0s.
  Skipped: 6 total (timeouts=0, sql_errors=0, cte=0, single=0, no_sql=0, not_injectable=6, ambiguous_relset_sql=0)
  Phase 3: Injecting 0 oracle cardinalities.
  Phase 4: Running query with oracle injection
  Phase 5: Verification (0 injected, 12 non-injected)
    V1 OK: 0 injected values match oracle.
    V2 OK: All 0 oracle keys in log.
    V3 OK: All oracle keys were injected.
    V4 OK.
    V5 OK: No RelSets-SQL ambiguity skips.
  Phase 5b: V6 profile est vs actual (injected multi-table joins only (matched by leaf scan tables), symmetric rel err > 1.00% → ALARM)
    V6: no injected multi-table joins in log — skipping est vs actual (nothing to match against physical joins).

                                              Tables    Estimated       Oracle    Ratio   Injected     tdom_hll      Input_L      Input_R
  ----------------------------------------------------------------------------------------------------------------------------------
                              store_returns,date_dim    9,519,925    (skipped)        —     ⬜ skip        2,202   57,590,319          364
                    store_returns, date_dim,customer   12,636,313    (skipped)        —     ⬜ skip    1,171,726    9,253,936    1,600,000
                       store_returns, date_dim,store          328    (skipped)        —     ⬜ skip    1,491,298    9,253,936           53
              store_returns, date_dim,store,customer          449    (skipped)        —     ⬜ skip    1,491,298    9,253,936           53
              store_returns, date_dim,store,customer          449    (skipped)        —     ⬜ skip    1,491,298    9,253,936           53
    store_returns, date_dim,store_returns, date_d...        2,779    (skipped)        —     ⬜ skip    1,491,298    9,253,936          448

  Plan: baseline=e22123ccd4e9  oracle=e22123ccd4e9  changed=NO

============================================================
  Query 2
============================================================
  Phase 0: Baseline run (no injection)
  Baseline plan fingerprint: ac63d256908b
  Phase 1: EXPLAIN (dry-run)
  (cleared cardinality_log for strict RelSets-SQL pass isolation)
  4 log entries, 4 multi-table joins, 0 with SQL_COUNT_QUERY.
  Phase 2: Computing oracle cardinalities (4 subqueries)...
  Computed 0 oracle cardinalities in 0.0s.
  Skipped: 4 total (timeouts=0, sql_errors=0, cte=0, single=0, no_sql=0, not_injectable=4, ambiguous_relset_sql=0)
  [NOTE] High partial-injection risk detected, but proceeding with oracle injection as requested.
  Phase 3: Injecting 0 oracle cardinalities.
  Phase 4: Running query with oracle injection
  Phase 5: Verification (0 injected, 8 non-injected)
    V1 OK: 0 injected values match oracle.
    V2 OK: All 0 oracle keys in log.
    V3 OK: All oracle keys were injected.
    V4 OK.
    V5 OK: No RelSets-SQL ambiguity skips.
  Phase 5b: V6 profile est vs actual (injected multi-table joins only (matched by leaf scan tables), symmetric rel err > 1.00% → ALARM)
    V6: no injected multi-table joins in log — skipping est vs actual (nothing to match against physical joins).

                                              Tables    Estimated       Oracle    Ratio   Injected     tdom_hll      Input_L      Input_R
  ----------------------------------------------------------------------------------------------------------------------------------
                   web_sales, catalog_sales,date_dim  431,992,504    (skipped)        —     ⬜ skip       73,049  431,992,504       73,049
         web_sales, catalog_sales, date_dim,date_dim      152,153    (skipped)        —     ⬜ skip        1,990      831,829          364
         web_sales, catalog_sales, date_dim,date_dim      152,153    (skipped)        —     ⬜ skip        1,990      831,829          364
    web_sales, catalog_sales, date_dim, date_dim,...   11,633,434    (skipped)        —     ⬜ skip        1,990      152,153      152,153

  Plan: baseline=ac63d256908b  oracle=ac63d256908b  changed=NO

============================================================
  Query 3
============================================================
  Phase 0: Baseline run (no injection)
  Baseline plan fingerprint: d6248509172d
  Phase 1: EXPLAIN (dry-run)
  (cleared cardinality_log for strict RelSets-SQL pass isolation)
  4 log entries, 4 multi-table joins, 4 with SQL_COUNT_QUERY.
  Phase 2: Computing oracle cardinalities (4 subqueries)...
  Computed 2 oracle cardinalities in 1.4s.
  Skipped: 2 total (timeouts=0, sql_errors=0, cte=0, single=0, no_sql=0, not_injectable=2, ambiguous_relset_sql=0)
  Phase 3: Injecting 2 oracle cardinalities.
  Phase 4: Running query with oracle injection
  Phase 5: Verification (2 injected, 14 non-injected)
    V1 OK: 2 injected values match oracle.
    V2 OK: All 2 oracle keys in log.
    V3 INFO: 6 oracle keys NOT injected (plan divergence).
    V4 OK.
    V5 OK: No RelSets-SQL ambiguity skips.
  Phase 5b: V6 profile est vs actual (injected multi-table joins only (matched by leaf scan tables), symmetric rel err > 1.00% → ALARM)
    V6: 2 injected multi-table join(s); 1 table multiset(s) appear on more than one line — disambiguating with (tables + est≈injected_cardinality, tol=1.00% rel).
    V6 OK: all injected-join profile nodes within 1.00% est vs actual (where both present).

                                              Tables    Estimated       Oracle    Ratio   Injected     tdom_hll      Input_L      Input_R
  ----------------------------------------------------------------------------------------------------------------------------------
                                    store_sales,item      515,443    (skipped)        —     ⬜ skip       44,699  575,995,635           40
                                date_dim,store_sales  575,995,635    (skipped)        —     ⬜ skip        5,620        5,620  575,995,635
                           date_dim,store_sales,item      515,443      169,775     0.33      ✅ YES       44,699        5,620  575,995,635
                           date_dim,store_sales,item      515,443      169,775     0.33      ✅ YES       44,699        5,620  575,995,635

  Plan: baseline=d6248509172d  oracle=d6248509172d  changed=NO

============================================================
  Query 4
============================================================
  Phase 0: Baseline run (no injection)
  Baseline plan fingerprint: df068203264e
  Phase 1: EXPLAIN (dry-run)
  (cleared cardinality_log for strict RelSets-SQL pass isolation)
  325 log entries, 325 multi-table joins, 24 with SQL_COUNT_QUERY.
  Strict RelSets-SQL: 3 relation-set(s) have multiple SQL_COUNT variants — oracle keys for those sets will be skipped (use --oracle-permissive-context to inject all).
  Phase 2: Computing oracle cardinalities (325 subqueries)...
  Computed 0 oracle cardinalities in 0.0s.
  Skipped: 325 total (timeouts=0, sql_errors=0, cte=0, single=0, no_sql=0, not_injectable=296, ambiguous_relset_sql=29)
  [NOTE] High partial-injection risk detected, but proceeding with oracle injection as requested.
  Phase 3: Injecting 0 oracle cardinalities.
  Phase 4: Running query with oracle injection
  Phase 5: Verification (0 injected, 650 non-injected)
    V1 OK: 0 injected values match oracle.
    V2 OK: All 0 oracle keys in log.
    V3 OK: All oracle keys were injected.
    V4 OK.
    V5 INFO: Strict RelSets-SQL skipped 29 oracle key(s) (ambiguous SQL_COUNT for same RelSets).
  Phase 5b: V6 profile est vs actual (injected multi-table joins only (matched by leaf scan tables), symmetric rel err > 1.00% → ALARM)
    V6: no injected multi-table joins in log — skipping est vs actual (nothing to match against physical joins).

                                              Tables    Estimated       Oracle    Ratio   Injected     tdom_hll      Input_L      Input_R
  ----------------------------------------------------------------------------------------------------------------------------------
                                store_sales,date_dim  105,357,995    (skipped)        —     ⬜ skip        1,990  575,995,635          364
                                customer,store_sales  628,287,192    (skipped)        —     ⬜ skip    1,466,834    1,600,000  575,995,635
                       customer,store_sales,date_dim  114,922,883    (skipped)        —     ⬜ skip    1,466,834    1,600,000  575,995,635
                       customer,store_sales,date_dim  114,922,883    (skipped)        —     ⬜ skip    1,466,834    1,600,000  575,995,635
                                store_sales,date_dim  105,357,995    (skipped)        —     ⬜ skip        1,990  575,995,635          364
                                customer,store_sales  628,287,192    (skipped)        —     ⬜ skip    1,466,834    1,600,000  575,995,635
                       customer,store_sales,date_dim  114,922,883    (skipped)        —     ⬜ skip    1,466,834    1,600,000  575,995,635
                       customer,store_sales,date_dim  114,922,883    (skipped)        —     ⬜ skip    1,466,834    1,600,000  575,995,635
                              catalog_sales,date_dim   52,677,537    (skipped)        —     ⬜ skip        1,990  287,989,836          364
                              customer,catalog_sales  313,976,278    (skipped)        —     ⬜ skip    1,467,575    1,600,000  287,989,836
                     customer,catalog_sales,date_dim   57,430,836    (skipped)        —     ⬜ skip    1,467,575    1,600,000  287,989,836
                     customer,catalog_sales,date_dim   57,430,836    (skipped)        —     ⬜ skip    1,467,575    1,600,000  287,989,836
                              catalog_sales,date_dim   52,677,537    (skipped)        —     ⬜ skip        1,990  287,989,836          364
                              customer,catalog_sales  313,976,278    (skipped)        —     ⬜ skip    1,467,575    1,600,000  287,989,836
                     customer,catalog_sales,date_dim   57,430,836    (skipped)        —     ⬜ skip    1,467,575    1,600,000  287,989,836
                     customer,catalog_sales,date_dim   57,430,836    (skipped)        —     ⬜ skip    1,467,575    1,600,000  287,989,836
                                  web_sales,date_dim   26,340,186    (skipped)        —     ⬜ skip        1,990  144,002,668          364
                                  customer,web_sales  171,292,063    (skipped)        —     ⬜ skip    1,345,096    1,600,000  144,002,668
                         customer,web_sales,date_dim   31,331,814    (skipped)        —     ⬜ skip    1,345,096    1,600,000  144,002,668
                         customer,web_sales,date_dim   31,331,814    (skipped)        —     ⬜ skip    1,345,096    1,600,000  144,002,668
                                  web_sales,date_dim   26,340,186    (skipped)        —     ⬜ skip        1,990  144,002,668          364
                                  customer,web_sales  171,292,063    (skipped)        —     ⬜ skip    1,345,096    1,600,000  144,002,668
                         customer,web_sales,date_dim   31,331,814    (skipped)        —     ⬜ skip    1,345,096    1,600,000  144,002,668
                         customer,web_sales,date_dim   31,331,814    (skipped)        —     ⬜ skip    1,345,096    1,600,000  144,002,668
    customer, web_sales, date_dim,customer, web_s...  167,561,775    (skipped)        —     ⬜ skip    1,171,726    6,266,362   31,331,814
    customer, catalog_sales, date_dim,customer, w... 1,535,693,729    (skipped)        —     ⬜ skip    1,171,726   57,430,836   31,331,814
    customer, catalog_sales, date_dim,customer, w...  307,138,706    (skipped)        —     ⬜ skip    1,171,726   57,430,836    6,266,362
    customer, catalog_sales, date_dim,customer, w... 4,106,426,260    (skipped)        —     ⬜ skip    1,171,726   57,430,836    6,266,362
    customer, catalog_sales, date_dim,customer, w... 4,106,426,260    (skipped)        —     ⬜ skip    1,171,726   57,430,836    6,266,362
    customer, catalog_sales, date_dim,customer, w... 4,106,426,260    (skipped)        —     ⬜ skip    1,171,726   57,430,836    6,266,362
    customer, catalog_sales, date_dim,customer, w...  307,138,740    (skipped)        —     ⬜ skip    1,171,726   11,486,167   31,331,814
    customer, catalog_sales, date_dim,customer, w...   61,427,740    (skipped)        —     ⬜ skip    1,171,726   11,486,167    6,266,362
    customer, catalog_sales, date_dim,customer, w...  821,285,237    (skipped)        —     ⬜ skip    1,171,726   11,486,167    6,266,362
    customer, catalog_sales, date_dim,customer, c...  562,981,595    (skipped)        —     ⬜ skip    1,171,726   11,486,167   57,430,836
    customer, catalog_sales, date_dim,customer, c... 1,505,405,904    (skipped)        —     ⬜ skip    1,171,726   11,486,167   57,430,836
    customer, catalog_sales, date_dim,customer, c... 7,527,030,484    (skipped)        —     ⬜ skip    1,171,726   11,486,167   57,430,836
    customer, catalog_sales, date_dim,customer, c... 40,254,374,999    (skipped)        —     ⬜ skip    1,171,726   11,486,167   57,430,836
    customer, catalog_sales, date_dim,customer, c... 7,527,030,484    (skipped)        —     ⬜ skip    1,171,726   11,486,167   57,430,836
    customer, catalog_sales, date_dim,customer, c... 1,505,405,904    (skipped)        —     ⬜ skip    1,171,726   11,486,167   57,430,836
    customer, catalog_sales, date_dim,customer, c... 40,254,374,999    (skipped)        —     ⬜ skip    1,171,726   11,486,167   57,430,836
    customer, catalog_sales, date_dim,customer, w...  821,285,237    (skipped)        —     ⬜ skip    1,171,726   11,486,167    6,266,362
    customer, catalog_sales, date_dim,customer, c... 1,505,405,904    (skipped)        —     ⬜ skip    1,171,726   11,486,167   57,430,836
    customer, catalog_sales, date_dim,customer, c... 40,254,374,999    (skipped)        —     ⬜ skip    1,171,726   11,486,167   57,430,836
    customer, catalog_sales, date_dim,customer, w...  821,285,237    (skipped)        —     ⬜ skip    1,171,726   11,486,167    6,266,362
    customer, catalog_sales, date_dim,customer, c... 7,527,030,484    (skipped)        —     ⬜ skip    1,171,726   11,486,167   57,430,836
    customer, catalog_sales, date_dim,customer, c... 40,254,374,999    (skipped)        —     ⬜ skip    1,171,726   11,486,167   57,430,836
    customer, catalog_sales, date_dim,customer, c... 40,254,374,999    (skipped)        —     ⬜ skip    1,171,726   11,486,167   57,430,836
    customer, catalog_sales, date_dim,customer, c... 40,254,374,999    (skipped)        —     ⬜ skip    1,171,726   11,486,167   57,430,836
    customer, catalog_sales, date_dim,customer, c... 40,254,374,999    (skipped)        —     ⬜ skip    1,171,726   11,486,167   57,430,836
    customer, store_sales, date_dim,customer, web... 3,073,024,234    (skipped)        —     ⬜ skip    1,171,726  114,922,883   31,331,814
    customer, store_sales, date_dim,customer, web...  614,604,768    (skipped)        —     ⬜ skip    1,171,726  114,922,883    6,266,362
    customer, store_sales, date_dim,customer, web... 8,217,229,236    (skipped)        —     ⬜ skip    1,171,726  114,922,883    6,266,362
    customer, store_sales, date_dim,customer, cat... 5,632,816,243    (skipped)        —     ⬜ skip    1,171,726  114,922,883   57,430,836
    customer, store_sales, date_dim,customer, cat... 15,062,081,776    (skipped)        —     ⬜ skip    1,171,726  114,922,883   57,430,836
    customer, store_sales, date_dim,customer, cat... 75,310,418,498    (skipped)        —     ⬜ skip    1,171,726  114,922,883   57,430,836
    customer, store_sales, date_dim,customer, cat... 402,758,276,834    (skipped)        —     ⬜ skip    1,171,726  114,922,883   57,430,836
    customer, store_sales, date_dim,customer, cat... 1,126,563,229    (skipped)        —     ⬜ skip    1,171,726  114,922,883   11,486,167
    customer, store_sales, date_dim,customer, cat... 27,608,616,714    (skipped)        —     ⬜ skip    1,171,726  114,922,883   11,486,167
    customer, store_sales, date_dim,customer, cat... 3,012,416,302    (skipped)        —     ⬜ skip    1,171,726  114,922,883   11,486,167
    customer, store_sales, date_dim,customer, cat... 15,062,083,437    (skipped)        —     ⬜ skip    1,171,726  114,922,883   11,486,167
    customer, store_sales, date_dim,customer, cat... 147,650,207,177    (skipped)        —     ⬜ skip    1,171,726  114,922,883   11,486,167
    customer, store_sales, date_dim,customer, cat... 738,251,130,137    (skipped)        —     ⬜ skip    1,171,726  114,922,883   11,486,167
    customer, store_sales, date_dim,customer, cat... 80,551,653,964    (skipped)        —     ⬜ skip    1,171,726  114,922,883   11,486,167
    customer, store_sales, date_dim,customer, cat... 3,948,148,994,174    (skipped)        —     ⬜ skip    1,171,726  114,922,883   11,486,167
    customer, store_sales, date_dim,customer, cat... 15,062,083,437    (skipped)        —     ⬜ skip    1,171,726  114,922,883   11,486,167
    customer, store_sales, date_dim,customer, cat... 3,012,416,302    (skipped)        —     ⬜ skip    1,171,726  114,922,883   11,486,167
    customer, store_sales, date_dim,customer, cat... 80,551,653,964    (skipped)        —     ⬜ skip    1,171,726  114,922,883   11,486,167
    customer, store_sales, date_dim,customer, cat... 27,608,616,714    (skipped)        —     ⬜ skip    1,171,726  114,922,883   11,486,167
    customer, store_sales, date_dim,customer, cat... 147,650,207,177    (skipped)        —     ⬜ skip    1,171,726  114,922,883   11,486,167
    customer, store_sales, date_dim,customer, cat... 738,251,130,137    (skipped)        —     ⬜ skip    1,171,726  114,922,883   11,486,167
    customer, store_sales, date_dim,customer, cat... 3,948,148,994,174    (skipped)        —     ⬜ skip    1,171,726  114,922,883   11,486,167
    customer, store_sales, date_dim,customer, cat... 75,310,418,498    (skipped)        —     ⬜ skip    1,171,726  114,922,883   57,430,836
    customer, store_sales, date_dim,customer, cat... 15,062,081,776    (skipped)        —     ⬜ skip    1,171,726  114,922,883   57,430,836
    customer, store_sales, date_dim,customer, cat... 402,758,276,834    (skipped)        —     ⬜ skip    1,171,726  114,922,883   57,430,836
    customer, store_sales, date_dim,customer, cat... 27,608,616,714    (skipped)        —     ⬜ skip    1,171,726  114,922,883   11,486,167
    customer, store_sales, date_dim,customer, cat... 147,650,207,177    (skipped)        —     ⬜ skip    1,171,726  114,922,883   11,486,167
    customer, store_sales, date_dim,customer, cat... 738,251,130,137    (skipped)        —     ⬜ skip    1,171,726  114,922,883   11,486,167
    customer, store_sales, date_dim,customer, cat... 3,948,148,994,174    (skipped)        —     ⬜ skip    1,171,726  114,922,883   11,486,167
    customer, store_sales, date_dim,customer, web... 8,217,229,236    (skipped)        —     ⬜ skip    1,171,726  114,922,883    6,266,362
    customer, store_sales, date_dim,customer, cat... 15,062,081,776    (skipped)        —     ⬜ skip    1,171,726  114,922,883   57,430,836
    customer, store_sales, date_dim,customer, cat... 402,758,276,834    (skipped)        —     ⬜ skip    1,171,726  114,922,883   57,430,836
    customer, store_sales, date_dim,customer, cat... 3,012,416,302    (skipped)        —     ⬜ skip    1,171,726  114,922,883   11,486,167
    customer, store_sales, date_dim,customer, cat... 147,650,207,177    (skipped)        —     ⬜ skip    1,171,726  114,922,883   11,486,167
    customer, store_sales, date_dim,customer, cat... 80,551,653,964    (skipped)        —     ⬜ skip    1,171,726  114,922,883   11,486,167
    customer, store_sales, date_dim,customer, cat... 3,948,148,994,174    (skipped)        —     ⬜ skip    1,171,726  114,922,883   11,486,167
    customer, store_sales, date_dim,customer, web... 8,217,229,236    (skipped)        —     ⬜ skip    1,171,726  114,922,883    6,266,362
    customer, store_sales, date_dim,customer, cat... 75,310,418,498    (skipped)        —     ⬜ skip    1,171,726  114,922,883   57,430,836
    customer, store_sales, date_dim,customer, cat... 402,758,276,834    (skipped)        —     ⬜ skip    1,171,726  114,922,883   57,430,836
    customer, store_sales, date_dim,customer, cat... 15,062,083,437    (skipped)        —     ⬜ skip    1,171,726  114,922,883   11,486,167
    customer, store_sales, date_dim,customer, cat... 738,251,130,137    (skipped)        —     ⬜ skip    1,171,726  114,922,883   11,486,167
    customer, store_sales, date_dim,customer, cat... 80,551,653,964    (skipped)        —     ⬜ skip    1,171,726  114,922,883   11,486,167
    customer, store_sales, date_dim,customer, cat... 3,948,148,994,174    (skipped)        —     ⬜ skip    1,171,726  114,922,883   11,486,167
    customer, store_sales, date_dim,customer, cat... 738,251,130,137    (skipped)        —     ⬜ skip    1,171,726  114,922,883   11,486,167
    customer, store_sales, date_dim,customer, cat... 147,650,207,177    (skipped)        —     ⬜ skip    1,171,726  114,922,883   11,486,167
    customer, store_sales, date_dim,customer, cat... 3,948,148,994,174    (skipped)        —     ⬜ skip    1,171,726  114,922,883   11,486,167
    customer, store_sales, date_dim,customer, cat... 80,551,653,964    (skipped)        —     ⬜ skip    1,171,726  114,922,883   11,486,167
    customer, store_sales, date_dim,customer, cat... 147,650,207,177    (skipped)        —     ⬜ skip    1,171,726  114,922,883   11,486,167
    customer, store_sales, date_dim,customer, cat... 3,948,148,994,174    (skipped)        —     ⬜ skip    1,171,726  114,922,883   11,486,167
    customer, store_sales, date_dim,customer, cat... 80,551,653,964    (skipped)        —     ⬜ skip    1,171,726  114,922,883   11,486,167
    customer, store_sales, date_dim,customer, cat... 738,251,130,137    (skipped)        —     ⬜ skip    1,171,726  114,922,883   11,486,167
    customer, store_sales, date_dim,customer, cat... 3,948,148,994,174    (skipped)        —     ⬜ skip    1,171,726  114,922,883   11,486,167
    customer, store_sales, date_dim,customer, cat... 402,758,276,834    (skipped)        —     ⬜ skip    1,171,726  114,922,883   57,430,836
    customer, store_sales, date_dim,customer, cat... 147,650,207,177    (skipped)        —     ⬜ skip    1,171,726  114,922,883   11,486,167
    customer, store_sales, date_dim,customer, cat... 3,948,148,994,174    (skipped)        —     ⬜ skip    1,171,726  114,922,883   11,486,167
    customer, store_sales, date_dim,customer, cat... 402,758,276,834    (skipped)        —     ⬜ skip    1,171,726  114,922,883   57,430,836
    customer, store_sales, date_dim,customer, cat... 738,251,130,137    (skipped)        —     ⬜ skip    1,171,726  114,922,883   11,486,167
    customer, store_sales, date_dim,customer, cat... 3,948,148,994,174    (skipped)        —     ⬜ skip    1,171,726  114,922,883   11,486,167
    customer, store_sales, date_dim,customer, cat... 402,758,276,834    (skipped)        —     ⬜ skip    1,171,726  114,922,883   57,430,836
    customer, store_sales, date_dim,customer, cat... 80,551,653,964    (skipped)        —     ⬜ skip    1,171,726  114,922,883   11,486,167
    customer, store_sales, date_dim,customer, cat... 3,948,148,994,174    (skipped)        —     ⬜ skip    1,171,726  114,922,883   11,486,167
    customer, store_sales, date_dim,customer, cat... 3,948,148,994,174    (skipped)        —     ⬜ skip    1,171,726  114,922,883   11,486,167
    customer, store_sales, date_dim,customer, cat... 3,948,148,994,174    (skipped)        —     ⬜ skip    1,171,726  114,922,883   11,486,167
    customer, store_sales, date_dim,customer, cat... 3,948,148,994,174    (skipped)        —     ⬜ skip    1,171,726  114,922,883   11,486,167
    customer, store_sales, date_dim,customer, cat... 3,948,148,994,174    (skipped)        —     ⬜ skip    1,171,726  114,922,883   11,486,167
    customer, store_sales, date_dim,customer, web...  614,604,830    (skipped)        —     ⬜ skip    1,171,726   22,984,576   31,331,814
    customer, store_sales, date_dim,customer, web...  122,920,950    (skipped)        —     ⬜ skip    1,171,726   22,984,576    6,266,362
    customer, store_sales, date_dim,customer, web... 1,643,445,804    (skipped)        —     ⬜ skip    1,171,726   22,984,576    6,266,362
    customer, store_sales, date_dim,customer, cat... 1,126,563,219    (skipped)        —     ⬜ skip    1,171,726   22,984,576   57,430,836
    customer, store_sales, date_dim,customer, cat... 3,012,416,276    (skipped)        —     ⬜ skip    1,171,726   22,984,576   57,430,836
    customer, store_sales, date_dim,customer, cat... 15,062,083,306    (skipped)        —     ⬜ skip    1,171,726   22,984,576   57,430,836
    customer, store_sales, date_dim,customer, cat... 80,551,653,264    (skipped)        —     ⬜ skip    1,171,726   22,984,576   57,430,836
    customer, store_sales, date_dim,customer, cat...  225,312,639    (skipped)        —     ⬜ skip    1,171,726   22,984,576   11,486,167
    customer, store_sales, date_dim,customer, cat... 5,521,723,198    (skipped)        —     ⬜ skip    1,171,726   22,984,576   11,486,167
    customer, store_sales, date_dim,customer, cat...  602,483,244    (skipped)        —     ⬜ skip    1,171,726   22,984,576   11,486,167
    customer, store_sales, date_dim,customer, cat... 3,012,416,608    (skipped)        —     ⬜ skip    1,171,726   22,984,576   11,486,167
    customer, store_sales, date_dim,customer, cat... 29,530,040,664    (skipped)        —     ⬜ skip    1,171,726   22,984,576   11,486,167
    customer, store_sales, date_dim,customer, cat... 147,650,222,173    (skipped)        —     ⬜ skip    1,171,726   22,984,576   11,486,167
    customer, store_sales, date_dim,customer, cat... 16,110,330,372    (skipped)        —     ⬜ skip    1,171,726   22,984,576   11,486,167
    customer, store_sales, date_dim,customer, cat... 789,629,778,221    (skipped)        —     ⬜ skip    1,171,726   22,984,576   11,486,167
    customer, store_sales, date_dim,customer, sto... 2,254,327,153    (skipped)        —     ⬜ skip    1,171,726   22,984,576  114,922,883
    customer, store_sales, date_dim,customer, sto... 11,049,331,567    (skipped)        —     ⬜ skip    1,171,726   22,984,576  114,922,883
    customer, store_sales, date_dim,customer, sto... 55,246,658,797    (skipped)        —     ⬜ skip    1,171,726   22,984,576  114,922,883
    customer, store_sales, date_dim,customer, sto... 6,028,043,250    (skipped)        —     ⬜ skip    1,171,726   22,984,576  114,922,883
    customer, store_sales, date_dim,customer, sto... 30,140,220,099    (skipped)        —     ⬜ skip    1,171,726   22,984,576  114,922,883
    customer, store_sales, date_dim,customer, sto... 541,570,596,829    (skipped)        —     ⬜ skip    1,171,726   22,984,576  114,922,883
    customer, store_sales, date_dim,customer, sto... 59,091,555,071    (skipped)        —     ⬜ skip    1,171,726   22,984,576  114,922,883
    customer, store_sales, date_dim,customer, sto... 295,457,813,076    (skipped)        —     ⬜ skip    1,171,726   22,984,576  114,922,883
    customer, store_sales, date_dim,customer, sto... 295,457,780,501    (skipped)        —     ⬜ skip    1,171,726   22,984,576  114,922,883
    customer, store_sales, date_dim,customer, sto... 1,477,289,091,105    (skipped)        —     ⬜ skip    1,171,726   22,984,576  114,922,883
    customer, store_sales, date_dim,customer, sto... 161,189,160,184    (skipped)        —     ⬜ skip    1,171,726   22,984,576  114,922,883
    customer, store_sales, date_dim,customer, sto... 2,896,306,310,765    (skipped)        —     ⬜ skip    1,171,726   22,984,576  114,922,883
    customer, store_sales, date_dim,customer, sto... 14,481,533,402,621    (skipped)        —     ⬜ skip    1,171,726   22,984,576  114,922,883
    customer, store_sales, date_dim,customer, sto... 1,580,101,160,566    (skipped)        —     ⬜ skip    1,171,726   22,984,576  114,922,883
    customer, store_sales, date_dim,customer, sto... 7,900,505,940,399    (skipped)        —     ⬜ skip    1,171,726   22,984,576  114,922,883
    customer, store_sales, date_dim,customer, sto... 77,446,886,572,390    (skipped)        —     ⬜ skip    1,171,726   22,984,576  114,922,883
    customer, store_sales, date_dim,customer, sto... 30,140,220,099    (skipped)        —     ⬜ skip    1,171,726   22,984,576  114,922,883
    customer, store_sales, date_dim,customer, sto... 6,028,043,250    (skipped)        —     ⬜ skip    1,171,726   22,984,576  114,922,883
    customer, store_sales, date_dim,customer, sto... 161,189,160,184    (skipped)        —     ⬜ skip    1,171,726   22,984,576  114,922,883
    customer, store_sales, date_dim,customer, sto... 55,246,658,797    (skipped)        —     ⬜ skip    1,171,726   22,984,576  114,922,883
    customer, store_sales, date_dim,customer, sto... 295,457,780,501    (skipped)        —     ⬜ skip    1,171,726   22,984,576  114,922,883
    customer, store_sales, date_dim,customer, sto... 1,477,289,091,105    (skipped)        —     ⬜ skip    1,171,726   22,984,576  114,922,883
    customer, store_sales, date_dim,customer, sto... 7,900,505,940,399    (skipped)        —     ⬜ skip    1,171,726   22,984,576  114,922,883
    customer, store_sales, date_dim,customer, sto... 11,049,331,567    (skipped)        —     ⬜ skip    1,171,726   22,984,576  114,922,883
    customer, store_sales, date_dim,customer, sto... 541,570,596,829    (skipped)        —     ⬜ skip    1,171,726   22,984,576  114,922,883
    customer, store_sales, date_dim,customer, sto... 59,091,555,071    (skipped)        —     ⬜ skip    1,171,726   22,984,576  114,922,883
    customer, store_sales, date_dim,customer, sto... 295,457,813,076    (skipped)        —     ⬜ skip    1,171,726   22,984,576  114,922,883
    customer, store_sales, date_dim,customer, sto... 2,896,306,310,765    (skipped)        —     ⬜ skip    1,171,726   22,984,576  114,922,883
    customer, store_sales, date_dim,customer, sto... 14,481,533,402,621    (skipped)        —     ⬜ skip    1,171,726   22,984,576  114,922,883
    customer, store_sales, date_dim,customer, sto... 1,580,101,160,566    (skipped)        —     ⬜ skip    1,171,726   22,984,576  114,922,883
    customer, store_sales, date_dim,customer, sto... 77,446,886,572,390    (skipped)        —     ⬜ skip    1,171,726   22,984,576  114,922,883
    customer, store_sales, date_dim,customer, cat... 3,012,416,608    (skipped)        —     ⬜ skip    1,171,726   22,984,576   11,486,167
    customer, store_sales, date_dim,customer, cat...  602,483,244    (skipped)        —     ⬜ skip    1,171,726   22,984,576   11,486,167
    customer, store_sales, date_dim,customer, cat... 16,110,330,372    (skipped)        —     ⬜ skip    1,171,726   22,984,576   11,486,167
    customer, store_sales, date_dim,customer, cat... 5,521,723,198    (skipped)        —     ⬜ skip    1,171,726   22,984,576   11,486,167
    customer, store_sales, date_dim,customer, cat... 29,530,040,664    (skipped)        —     ⬜ skip    1,171,726   22,984,576   11,486,167
    customer, store_sales, date_dim,customer, cat... 147,650,222,173    (skipped)        —     ⬜ skip    1,171,726   22,984,576   11,486,167
    customer, store_sales, date_dim,customer, cat... 789,629,778,221    (skipped)        —     ⬜ skip    1,171,726   22,984,576   11,486,167
    customer, store_sales, date_dim,customer, sto... 11,049,331,567    (skipped)        —     ⬜ skip    1,171,726   22,984,576  114,922,883
    customer, store_sales, date_dim,customer, sto... 541,570,596,829    (skipped)        —     ⬜ skip    1,171,726   22,984,576  114,922,883
    customer, store_sales, date_dim,customer, sto... 59,091,555,071    (skipped)        —     ⬜ skip    1,171,726   22,984,576  114,922,883
    customer, store_sales, date_dim,customer, sto... 295,457,813,076    (skipped)        —     ⬜ skip    1,171,726   22,984,576  114,922,883
    customer, store_sales, date_dim,customer, sto... 2,896,306,310,765    (skipped)        —     ⬜ skip    1,171,726   22,984,576  114,922,883
    customer, store_sales, date_dim,customer, sto... 14,481,533,402,621    (skipped)        —     ⬜ skip    1,171,726   22,984,576  114,922,883
    customer, store_sales, date_dim,customer, sto... 1,580,101,160,566    (skipped)        —     ⬜ skip    1,171,726   22,984,576  114,922,883
    customer, store_sales, date_dim,customer, sto... 77,446,886,572,390    (skipped)        —     ⬜ skip    1,171,726   22,984,576  114,922,883
    customer, store_sales, date_dim,customer, cat... 15,062,083,306    (skipped)        —     ⬜ skip    1,171,726   22,984,576   57,430,836
    customer, store_sales, date_dim,customer, cat... 3,012,416,276    (skipped)        —     ⬜ skip    1,171,726   22,984,576   57,430,836
    customer, store_sales, date_dim,customer, cat... 80,551,653,264    (skipped)        —     ⬜ skip    1,171,726   22,984,576   57,430,836
    customer, store_sales, date_dim,customer, cat... 5,521,723,198    (skipped)        —     ⬜ skip    1,171,726   22,984,576   11,486,167
    customer, store_sales, date_dim,customer, cat... 29,530,040,664    (skipped)        —     ⬜ skip    1,171,726   22,984,576   11,486,167
    customer, store_sales, date_dim,customer, cat... 147,650,222,173    (skipped)        —     ⬜ skip    1,171,726   22,984,576   11,486,167
    customer, store_sales, date_dim,customer, cat... 789,629,778,221    (skipped)        —     ⬜ skip    1,171,726   22,984,576   11,486,167
    customer, store_sales, date_dim,customer, sto... 55,246,658,797    (skipped)        —     ⬜ skip    1,171,726   22,984,576  114,922,883
    customer, store_sales, date_dim,customer, sto... 541,570,596,829    (skipped)        —     ⬜ skip    1,171,726   22,984,576  114,922,883
    customer, store_sales, date_dim,customer, sto... 295,457,780,501    (skipped)        —     ⬜ skip    1,171,726   22,984,576  114,922,883
    customer, store_sales, date_dim,customer, sto... 1,477,289,091,105    (skipped)        —     ⬜ skip    1,171,726   22,984,576  114,922,883
    customer, store_sales, date_dim,customer, sto... 2,896,306,310,765    (skipped)        —     ⬜ skip    1,171,726   22,984,576  114,922,883
    customer, store_sales, date_dim,customer, sto... 14,481,533,402,621    (skipped)        —     ⬜ skip    1,171,726   22,984,576  114,922,883
    customer, store_sales, date_dim,customer, sto... 7,900,505,940,399    (skipped)        —     ⬜ skip    1,171,726   22,984,576  114,922,883
    customer, store_sales, date_dim,customer, sto... 77,446,886,572,390    (skipped)        —     ⬜ skip    1,171,726   22,984,576  114,922,883
    customer, store_sales, date_dim,customer, web... 1,643,445,804    (skipped)        —     ⬜ skip    1,171,726   22,984,576    6,266,362
    customer, store_sales, date_dim,customer, cat... 3,012,416,276    (skipped)        —     ⬜ skip    1,171,726   22,984,576   57,430,836
    customer, store_sales, date_dim,customer, cat... 80,551,653,264    (skipped)        —     ⬜ skip    1,171,726   22,984,576   57,430,836
    customer, store_sales, date_dim,customer, cat...  602,483,244    (skipped)        —     ⬜ skip    1,171,726   22,984,576   11,486,167
    customer, store_sales, date_dim,customer, cat... 29,530,040,664    (skipped)        —     ⬜ skip    1,171,726   22,984,576   11,486,167
    customer, store_sales, date_dim,customer, cat... 16,110,330,372    (skipped)        —     ⬜ skip    1,171,726   22,984,576   11,486,167
    customer, store_sales, date_dim,customer, cat... 789,629,778,221    (skipped)        —     ⬜ skip    1,171,726   22,984,576   11,486,167
    customer, store_sales, date_dim,customer, sto... 6,028,043,250    (skipped)        —     ⬜ skip    1,171,726   22,984,576  114,922,883
    customer, store_sales, date_dim,customer, sto... 59,091,555,071    (skipped)        —     ⬜ skip    1,171,726   22,984,576  114,922,883
    customer, store_sales, date_dim,customer, sto... 295,457,780,501    (skipped)        —     ⬜ skip    1,171,726   22,984,576  114,922,883
    customer, store_sales, date_dim,customer, sto... 161,189,160,184    (skipped)        —     ⬜ skip    1,171,726   22,984,576  114,922,883
    customer, store_sales, date_dim,customer, sto... 2,896,306,310,765    (skipped)        —     ⬜ skip    1,171,726   22,984,576  114,922,883
    customer, store_sales, date_dim,customer, sto... 1,580,101,160,566    (skipped)        —     ⬜ skip    1,171,726   22,984,576  114,922,883
    customer, store_sales, date_dim,customer, sto... 7,900,505,940,399    (skipped)        —     ⬜ skip    1,171,726   22,984,576  114,922,883
    customer, store_sales, date_dim,customer, sto... 77,446,886,572,390    (skipped)        —     ⬜ skip    1,171,726   22,984,576  114,922,883
    customer, store_sales, date_dim,customer, web... 1,643,445,804    (skipped)        —     ⬜ skip    1,171,726   22,984,576    6,266,362
    customer, store_sales, date_dim,customer, cat... 15,062,083,306    (skipped)        —     ⬜ skip    1,171,726   22,984,576   57,430,836
    customer, store_sales, date_dim,customer, cat... 80,551,653,264    (skipped)        —     ⬜ skip    1,171,726   22,984,576   57,430,836
    customer, store_sales, date_dim,customer, cat... 3,012,416,608    (skipped)        —     ⬜ skip    1,171,726   22,984,576   11,486,167
    customer, store_sales, date_dim,customer, cat... 147,650,222,173    (skipped)        —     ⬜ skip    1,171,726   22,984,576   11,486,167
    customer, store_sales, date_dim,customer, cat... 16,110,330,372    (skipped)        —     ⬜ skip    1,171,726   22,984,576   11,486,167
    customer, store_sales, date_dim,customer, cat... 789,629,778,221    (skipped)        —     ⬜ skip    1,171,726   22,984,576   11,486,167
    customer, store_sales, date_dim,customer, sto... 30,140,220,099    (skipped)        —     ⬜ skip    1,171,726   22,984,576  114,922,883
    customer, store_sales, date_dim,customer, sto... 295,457,813,076    (skipped)        —     ⬜ skip    1,171,726   22,984,576  114,922,883
    customer, store_sales, date_dim,customer, sto... 1,477,289,091,105    (skipped)        —     ⬜ skip    1,171,726   22,984,576  114,922,883
    customer, store_sales, date_dim,customer, sto... 161,189,160,184    (skipped)        —     ⬜ skip    1,171,726   22,984,576  114,922,883
    customer, store_sales, date_dim,customer, sto... 14,481,533,402,621    (skipped)        —     ⬜ skip    1,171,726   22,984,576  114,922,883
    customer, store_sales, date_dim,customer, sto... 1,580,101,160,566    (skipped)        —     ⬜ skip    1,171,726   22,984,576  114,922,883
    customer, store_sales, date_dim,customer, sto... 7,900,505,940,399    (skipped)        —     ⬜ skip    1,171,726   22,984,576  114,922,883
    customer, store_sales, date_dim,customer, sto... 77,446,886,572,390    (skipped)        —     ⬜ skip    1,171,726   22,984,576  114,922,883
    customer, store_sales, date_dim,customer, sto... 295,457,813,076    (skipped)        —     ⬜ skip    1,171,726   22,984,576  114,922,883
    customer, store_sales, date_dim,customer, sto... 59,091,555,071    (skipped)        —     ⬜ skip    1,171,726   22,984,576  114,922,883
    customer, store_sales, date_dim,customer, sto... 1,580,101,160,566    (skipped)        —     ⬜ skip    1,171,726   22,984,576  114,922,883
    customer, store_sales, date_dim,customer, sto... 541,570,596,829    (skipped)        —     ⬜ skip    1,171,726   22,984,576  114,922,883
    customer, store_sales, date_dim,customer, sto... 2,896,306,310,765    (skipped)        —     ⬜ skip    1,171,726   22,984,576  114,922,883
    customer, store_sales, date_dim,customer, sto... 14,481,533,402,621    (skipped)        —     ⬜ skip    1,171,726   22,984,576  114,922,883
    customer, store_sales, date_dim,customer, sto... 77,446,886,572,390    (skipped)        —     ⬜ skip    1,171,726   22,984,576  114,922,883
    customer, store_sales, date_dim,customer, sto... 1,477,289,091,105    (skipped)        —     ⬜ skip    1,171,726   22,984,576  114,922,883
    customer, store_sales, date_dim,customer, sto... 295,457,780,501    (skipped)        —     ⬜ skip    1,171,726   22,984,576  114,922,883
    customer, store_sales, date_dim,customer, sto... 7,900,505,940,399    (skipped)        —     ⬜ skip    1,171,726   22,984,576  114,922,883
    customer, store_sales, date_dim,customer, sto... 541,570,596,829    (skipped)        —     ⬜ skip    1,171,726   22,984,576  114,922,883
    customer, store_sales, date_dim,customer, sto... 2,896,306,310,765    (skipped)        —     ⬜ skip    1,171,726   22,984,576  114,922,883
    customer, store_sales, date_dim,customer, sto... 14,481,533,402,621    (skipped)        —     ⬜ skip    1,171,726   22,984,576  114,922,883
    customer, store_sales, date_dim,customer, sto... 77,446,886,572,390    (skipped)        —     ⬜ skip    1,171,726   22,984,576  114,922,883
    customer, store_sales, date_dim,customer, sto... 161,189,160,184    (skipped)        —     ⬜ skip    1,171,726   22,984,576  114,922,883
    customer, store_sales, date_dim,customer, sto... 295,457,780,501    (skipped)        —     ⬜ skip    1,171,726   22,984,576  114,922,883
    customer, store_sales, date_dim,customer, sto... 7,900,505,940,399    (skipped)        —     ⬜ skip    1,171,726   22,984,576  114,922,883
    customer, store_sales, date_dim,customer, sto... 59,091,555,071    (skipped)        —     ⬜ skip    1,171,726   22,984,576  114,922,883
    customer, store_sales, date_dim,customer, sto... 2,896,306,310,765    (skipped)        —     ⬜ skip    1,171,726   22,984,576  114,922,883
    customer, store_sales, date_dim,customer, sto... 1,580,101,160,566    (skipped)        —     ⬜ skip    1,171,726   22,984,576  114,922,883
    customer, store_sales, date_dim,customer, sto... 77,446,886,572,390    (skipped)        —     ⬜ skip    1,171,726   22,984,576  114,922,883
    customer, store_sales, date_dim,customer, sto... 161,189,160,184    (skipped)        —     ⬜ skip    1,171,726   22,984,576  114,922,883
    customer, store_sales, date_dim,customer, sto... 1,477,289,091,105    (skipped)        —     ⬜ skip    1,171,726   22,984,576  114,922,883
    customer, store_sales, date_dim,customer, sto... 7,900,505,940,399    (skipped)        —     ⬜ skip    1,171,726   22,984,576  114,922,883
    customer, store_sales, date_dim,customer, sto... 295,457,813,076    (skipped)        —     ⬜ skip    1,171,726   22,984,576  114,922,883
    customer, store_sales, date_dim,customer, sto... 14,481,533,402,621    (skipped)        —     ⬜ skip    1,171,726   22,984,576  114,922,883
    customer, store_sales, date_dim,customer, sto... 1,580,101,160,566    (skipped)        —     ⬜ skip    1,171,726   22,984,576  114,922,883
    customer, store_sales, date_dim,customer, sto... 77,446,886,572,390    (skipped)        —     ⬜ skip    1,171,726   22,984,576  114,922,883
    customer, store_sales, date_dim,customer, cat... 147,650,222,173    (skipped)        —     ⬜ skip    1,171,726   22,984,576   11,486,167
    customer, store_sales, date_dim,customer, cat... 29,530,040,664    (skipped)        —     ⬜ skip    1,171,726   22,984,576   11,486,167
    customer, store_sales, date_dim,customer, cat... 789,629,778,221    (skipped)        —     ⬜ skip    1,171,726   22,984,576   11,486,167
    customer, store_sales, date_dim,customer, sto... 541,570,596,829    (skipped)        —     ⬜ skip    1,171,726   22,984,576  114,922,883
    customer, store_sales, date_dim,customer, sto... 2,896,306,310,765    (skipped)        —     ⬜ skip    1,171,726   22,984,576  114,922,883
    customer, store_sales, date_dim,customer, sto... 14,481,533,402,621    (skipped)        —     ⬜ skip    1,171,726   22,984,576  114,922,883
    customer, store_sales, date_dim,customer, sto... 77,446,886,572,390    (skipped)        —     ⬜ skip    1,171,726   22,984,576  114,922,883
    customer, store_sales, date_dim,customer, cat... 16,110,330,372    (skipped)        —     ⬜ skip    1,171,726   22,984,576   11,486,167
    customer, store_sales, date_dim,customer, cat... 29,530,040,664    (skipped)        —     ⬜ skip    1,171,726   22,984,576   11,486,167
    customer, store_sales, date_dim,customer, cat... 789,629,778,221    (skipped)        —     ⬜ skip    1,171,726   22,984,576   11,486,167
    customer, store_sales, date_dim,customer, sto... 59,091,555,071    (skipped)        —     ⬜ skip    1,171,726   22,984,576  114,922,883
    customer, store_sales, date_dim,customer, sto... 2,896,306,310,765    (skipped)        —     ⬜ skip    1,171,726   22,984,576  114,922,883
    customer, store_sales, date_dim,customer, sto... 1,580,101,160,566    (skipped)        —     ⬜ skip    1,171,726   22,984,576  114,922,883
    customer, store_sales, date_dim,customer, sto... 77,446,886,572,390    (skipped)        —     ⬜ skip    1,171,726   22,984,576  114,922,883
    customer, store_sales, date_dim,customer, cat... 16,110,330,372    (skipped)        —     ⬜ skip    1,171,726   22,984,576   11,486,167
    customer, store_sales, date_dim,customer, cat... 147,650,222,173    (skipped)        —     ⬜ skip    1,171,726   22,984,576   11,486,167
    customer, store_sales, date_dim,customer, cat... 789,629,778,221    (skipped)        —     ⬜ skip    1,171,726   22,984,576   11,486,167
    customer, store_sales, date_dim,customer, sto... 295,457,813,076    (skipped)        —     ⬜ skip    1,171,726   22,984,576  114,922,883
    customer, store_sales, date_dim,customer, sto... 14,481,533,402,621    (skipped)        —     ⬜ skip    1,171,726   22,984,576  114,922,883
    customer, store_sales, date_dim,customer, sto... 1,580,101,160,566    (skipped)        —     ⬜ skip    1,171,726   22,984,576  114,922,883
    customer, store_sales, date_dim,customer, sto... 77,446,886,572,390    (skipped)        —     ⬜ skip    1,171,726   22,984,576  114,922,883
    customer, store_sales, date_dim,customer, cat... 80,551,653,264    (skipped)        —     ⬜ skip    1,171,726   22,984,576   57,430,836
    customer, store_sales, date_dim,customer, cat... 29,530,040,664    (skipped)        —     ⬜ skip    1,171,726   22,984,576   11,486,167
    customer, store_sales, date_dim,customer, cat... 789,629,778,221    (skipped)        —     ⬜ skip    1,171,726   22,984,576   11,486,167
    customer, store_sales, date_dim,customer, sto... 295,457,780,501    (skipped)        —     ⬜ skip    1,171,726   22,984,576  114,922,883
    customer, store_sales, date_dim,customer, sto... 2,896,306,310,765    (skipped)        —     ⬜ skip    1,171,726   22,984,576  114,922,883
    customer, store_sales, date_dim,customer, sto... 7,900,505,940,399    (skipped)        —     ⬜ skip    1,171,726   22,984,576  114,922,883
    customer, store_sales, date_dim,customer, sto... 77,446,886,572,390    (skipped)        —     ⬜ skip    1,171,726   22,984,576  114,922,883
    customer, store_sales, date_dim,customer, cat... 80,551,653,264    (skipped)        —     ⬜ skip    1,171,726   22,984,576   57,430,836
    customer, store_sales, date_dim,customer, cat... 147,650,222,173    (skipped)        —     ⬜ skip    1,171,726   22,984,576   11,486,167
    customer, store_sales, date_dim,customer, cat... 789,629,778,221    (skipped)        —     ⬜ skip    1,171,726   22,984,576   11,486,167
    customer, store_sales, date_dim,customer, sto... 1,477,289,091,105    (skipped)        —     ⬜ skip    1,171,726   22,984,576  114,922,883
    customer, store_sales, date_dim,customer, sto... 14,481,533,402,621    (skipped)        —     ⬜ skip    1,171,726   22,984,576  114,922,883
    customer, store_sales, date_dim,customer, sto... 7,900,505,940,399    (skipped)        —     ⬜ skip    1,171,726   22,984,576  114,922,883
    customer, store_sales, date_dim,customer, sto... 77,446,886,572,390    (skipped)        —     ⬜ skip    1,171,726   22,984,576  114,922,883
    customer, store_sales, date_dim,customer, cat... 80,551,653,264    (skipped)        —     ⬜ skip    1,171,726   22,984,576   57,430,836
    customer, store_sales, date_dim,customer, cat... 16,110,330,372    (skipped)        —     ⬜ skip    1,171,726   22,984,576   11,486,167
    customer, store_sales, date_dim,customer, cat... 789,629,778,221    (skipped)        —     ⬜ skip    1,171,726   22,984,576   11,486,167
    customer, store_sales, date_dim,customer, sto... 161,189,160,184    (skipped)        —     ⬜ skip    1,171,726   22,984,576  114,922,883
    customer, store_sales, date_dim,customer, sto... 1,580,101,160,566    (skipped)        —     ⬜ skip    1,171,726   22,984,576  114,922,883
    customer, store_sales, date_dim,customer, sto... 7,900,505,940,399    (skipped)        —     ⬜ skip    1,171,726   22,984,576  114,922,883
    customer, store_sales, date_dim,customer, sto... 77,446,886,572,390    (skipped)        —     ⬜ skip    1,171,726   22,984,576  114,922,883
    customer, store_sales, date_dim,customer, sto... 14,481,533,402,621    (skipped)        —     ⬜ skip    1,171,726   22,984,576  114,922,883
    customer, store_sales, date_dim,customer, sto... 2,896,306,310,765    (skipped)        —     ⬜ skip    1,171,726   22,984,576  114,922,883
    customer, store_sales, date_dim,customer, sto... 77,446,886,572,390    (skipped)        —     ⬜ skip    1,171,726   22,984,576  114,922,883
    customer, store_sales, date_dim,customer, sto... 1,580,101,160,566    (skipped)        —     ⬜ skip    1,171,726   22,984,576  114,922,883
    customer, store_sales, date_dim,customer, sto... 2,896,306,310,765    (skipped)        —     ⬜ skip    1,171,726   22,984,576  114,922,883
    customer, store_sales, date_dim,customer, sto... 77,446,886,572,390    (skipped)        —     ⬜ skip    1,171,726   22,984,576  114,922,883
    customer, store_sales, date_dim,customer, sto... 1,580,101,160,566    (skipped)        —     ⬜ skip    1,171,726   22,984,576  114,922,883
    customer, store_sales, date_dim,customer, sto... 14,481,533,402,621    (skipped)        —     ⬜ skip    1,171,726   22,984,576  114,922,883
    customer, store_sales, date_dim,customer, sto... 77,446,886,572,390    (skipped)        —     ⬜ skip    1,171,726   22,984,576  114,922,883
    customer, store_sales, date_dim,customer, sto... 7,900,505,940,399    (skipped)        —     ⬜ skip    1,171,726   22,984,576  114,922,883
    customer, store_sales, date_dim,customer, sto... 2,896,306,310,765    (skipped)        —     ⬜ skip    1,171,726   22,984,576  114,922,883
    customer, store_sales, date_dim,customer, sto... 77,446,886,572,390    (skipped)        —     ⬜ skip    1,171,726   22,984,576  114,922,883
    customer, store_sales, date_dim,customer, sto... 7,900,505,940,399    (skipped)        —     ⬜ skip    1,171,726   22,984,576  114,922,883
    customer, store_sales, date_dim,customer, sto... 14,481,533,402,621    (skipped)        —     ⬜ skip    1,171,726   22,984,576  114,922,883
    customer, store_sales, date_dim,customer, sto... 77,446,886,572,390    (skipped)        —     ⬜ skip    1,171,726   22,984,576  114,922,883
    customer, store_sales, date_dim,customer, sto... 7,900,505,940,399    (skipped)        —     ⬜ skip    1,171,726   22,984,576  114,922,883
    customer, store_sales, date_dim,customer, sto... 1,580,101,160,566    (skipped)        —     ⬜ skip    1,171,726   22,984,576  114,922,883
    customer, store_sales, date_dim,customer, sto... 77,446,886,572,390    (skipped)        —     ⬜ skip    1,171,726   22,984,576  114,922,883
    customer, store_sales, date_dim,customer, cat... 789,629,778,221    (skipped)        —     ⬜ skip    1,171,726   22,984,576   11,486,167
    customer, store_sales, date_dim,customer, sto... 2,896,306,310,765    (skipped)        —     ⬜ skip    1,171,726   22,984,576  114,922,883
    customer, store_sales, date_dim,customer, sto... 77,446,886,572,390    (skipped)        —     ⬜ skip    1,171,726   22,984,576  114,922,883
    customer, store_sales, date_dim,customer, cat... 789,629,778,221    (skipped)        —     ⬜ skip    1,171,726   22,984,576   11,486,167
    customer, store_sales, date_dim,customer, sto... 14,481,533,402,621    (skipped)        —     ⬜ skip    1,171,726   22,984,576  114,922,883
    customer, store_sales, date_dim,customer, sto... 77,446,886,572,390    (skipped)        —     ⬜ skip    1,171,726   22,984,576  114,922,883
    customer, store_sales, date_dim,customer, cat... 789,629,778,221    (skipped)        —     ⬜ skip    1,171,726   22,984,576   11,486,167
    customer, store_sales, date_dim,customer, sto... 1,580,101,160,566    (skipped)        —     ⬜ skip    1,171,726   22,984,576  114,922,883
    customer, store_sales, date_dim,customer, sto... 77,446,886,572,390    (skipped)        —     ⬜ skip    1,171,726   22,984,576  114,922,883
    customer, store_sales, date_dim,customer, cat... 789,629,778,221    (skipped)        —     ⬜ skip    1,171,726   22,984,576   11,486,167
    customer, store_sales, date_dim,customer, sto... 7,900,505,940,399    (skipped)        —     ⬜ skip    1,171,726   22,984,576  114,922,883
    customer, store_sales, date_dim,customer, sto... 77,446,886,572,390    (skipped)        —     ⬜ skip    1,171,726   22,984,576  114,922,883
    customer, store_sales, date_dim,customer, sto... 77,446,886,572,390    (skipped)        —     ⬜ skip    1,171,726   22,984,576  114,922,883
    customer, store_sales, date_dim,customer, sto... 77,446,886,572,390    (skipped)        —     ⬜ skip    1,171,726   22,984,576  114,922,883
    customer, store_sales, date_dim,customer, sto... 77,446,886,572,390    (skipped)        —     ⬜ skip    1,171,726   22,984,576  114,922,883
    customer, store_sales, date_dim,customer, sto... 77,446,886,572,390    (skipped)        —     ⬜ skip    1,171,726   22,984,576  114,922,883
    customer, store_sales, date_dim,customer, sto... 77,446,886,572,390    (skipped)        —     ⬜ skip    1,171,726   22,984,576  114,922,883

  Plan: baseline=df068203264e  oracle=df068203264e  changed=NO

============================================================
  Query 5
============================================================
  Phase 0: Baseline run (no injection)
  Baseline plan fingerprint: a526aded5823
  Phase 1: EXPLAIN (dry-run)
  (cleared cardinality_log for strict RelSets-SQL pass isolation)
  12 log entries, 12 multi-table joins, 0 with SQL_COUNT_QUERY.
  Phase 2: Computing oracle cardinalities (12 subqueries)...
  Computed 0 oracle cardinalities in 0.0s.
  Skipped: 12 total (timeouts=0, sql_errors=0, cte=0, single=0, no_sql=0, not_injectable=12, ambiguous_relset_sql=0)
  [NOTE] High partial-injection risk detected, but proceeding with oracle injection as requested.
  Phase 3: Injecting 0 oracle cardinalities.
  Phase 4: Running query with oracle injection
  Phase 5: Verification (0 injected, 24 non-injected)
    V1 OK: 0 injected values match oracle.
    V2 OK: All 0 oracle keys in log.
    V3 OK: All oracle keys were injected.
    V4 OK.
    V5 OK: No RelSets-SQL ambiguity skips.
  Phase 5b: V6 profile est vs actual (injected multi-table joins only (matched by leaf scan tables), symmetric rel err > 1.00% → ALARM)
    V6: no injected multi-table joins in log — skipping est vs actual (nothing to match against physical joins).

                                              Tables    Estimated       Oracle    Ratio   Injected     tdom_hll      Input_L      Input_R
  ----------------------------------------------------------------------------------------------------------------------------------
                    store_sales, store_returns,store  633,585,954    (skipped)        —     ⬜ skip          212  633,585,954          212
                 store_sales, store_returns,date_dim    4,775,773    (skipped)        —     ⬜ skip        1,990  633,585,954           15
           store_sales, store_returns,date_dim,store    4,775,773    (skipped)        —     ⬜ skip        1,990  633,585,954           15
           store_sales, store_returns,date_dim,store    4,775,773    (skipped)        —     ⬜ skip        1,990  633,585,954           15
         catalog_sales, catalog_returns,catalog_page  364,547,398    (skipped)        —     ⬜ skip       10,183  316,793,494       11,718
             catalog_sales, catalog_returns,date_dim    2,387,890    (skipped)        —     ⬜ skip        1,990  316,793,494           15
    catalog_sales, catalog_returns,date_dim,catal...    2,747,844    (skipped)        —     ⬜ skip       10,183  316,793,494           15
    catalog_sales, catalog_returns,date_dim,catal...    2,747,844    (skipped)        —     ⬜ skip       10,183  316,793,494           15
          web_sales, web_returns, web_sales,web_site  280,620,583    (skipped)        —     ⬜ skip           39  288,005,336           38
          web_sales, web_returns, web_sales,date_dim    2,170,894    (skipped)        —     ⬜ skip        1,990  288,005,336           15
    web_sales, web_returns, web_sales,date_dim,we...    2,115,230    (skipped)        —     ⬜ skip        1,990  288,005,336           15
    web_sales, web_returns, web_sales,date_dim,we...    2,115,230    (skipped)        —     ⬜ skip        1,990  288,005,336           15

  Plan: baseline=a526aded5823  oracle=a526aded5823  changed=NO

============================================================
  Query 6
============================================================
  Phase 0: Baseline run (no injection)
  Baseline plan fingerprint: 0b0b4a5bc489
  Phase 1: EXPLAIN (dry-run)
  (cleared cardinality_log for strict RelSets-SQL pass isolation)
  48 log entries, 48 multi-table joins, 47 with SQL_COUNT_QUERY.
  Phase 2: Computing oracle cardinalities (48 subqueries)...
    ... computed 20/48 subqueries
    ... computed 40/48 subqueries
  Computed 21 oracle cardinalities in 38.0s.
  Skipped: 27 total (timeouts=0, sql_errors=21, cte=0, single=0, no_sql=0, not_injectable=6, ambiguous_relset_sql=0)
  SQL errors (first 3):
    Parser Error: syntax error at or near ".1"

LINE 1: ... r2.ss_sold_date_sk = r3.d_date_sk AND r3.d_month_seq = r5.1] > 1
    Parser Error: syntax error at or near ".1"

LINE 1: ... r2.ss_sold_date_sk = r3.d_date_sk AND r3.d_month_seq = r5.1] > 1
    Parser Error: syntax error at or near ".1"

LINE 1: ... AND r2.ss_sold_date_sk = r3.d_date_sk AND r3.d_month_seq = r5.1]
  Phase 3: Injecting 21 oracle cardinalities.
  Phase 4: Running query with oracle injection
  Phase 5: Verification (21 injected, 303 non-injected)
    V1 OK: 21 injected values match oracle.
    V2 OK: All 21 oracle keys in log.
    V3 INFO: 21 oracle keys NOT injected (plan divergence).
    V4 OK.
    V5 OK: No RelSets-SQL ambiguity skips.
  Phase 5b: V6 profile est vs actual (injected multi-table joins only (matched by leaf scan tables), symmetric rel err > 1.00% → ALARM)
    V6: 21 injected multi-table join(s); 8 table multiset(s) appear on more than one line — disambiguating with (tables + est≈injected_cardinality, tol=1.00% rel).
    V6 OK: all injected-join profile nodes within 1.00% est vs actual (where both present).

                                              Tables    Estimated       Oracle    Ratio   Injected     tdom_hll      Input_L      Input_R
  ----------------------------------------------------------------------------------------------------------------------------------
                                   date_dim,date_dim           87    (skipped)        —     ⬜ skip          837       73,049            1
                                    store_sales,item  618,532,640    (skipped)        —     ⬜ skip       44,699  575,995,635       48,000
                                store_sales,date_dim  575,995,635    (skipped)        —     ⬜ skip       73,049  575,995,635       73,049
                       store_sales,date_dim,date_dim      688,166    (skipped)        —     ⬜ skip       73,049  575,995,635       73,049
                       store_sales,date_dim,date_dim      688,166    (skipped)        —     ⬜ skip       73,049  575,995,635       73,049
                           store_sales,date_dim,item  618,532,640  550,077,531     0.89      ✅ YES       73,049  575,995,635       73,049
                           store_sales,date_dim,item  618,532,640  550,077,531     0.89      ✅ YES       73,049  575,995,635       73,049
                  store_sales,date_dim,item,date_dim      738,987    (skipped)        —     ⬜ skip       73,049  575,995,635       73,049
                  store_sales,date_dim,item,date_dim      738,987    (skipped)        —     ⬜ skip       73,049  575,995,635       73,049
                  store_sales,date_dim,item,date_dim      738,987    (skipped)        —     ⬜ skip       73,049  575,995,635       73,049
                                customer,store_sales  628,287,192    (skipped)        —     ⬜ skip    1,466,834    1,600,000  575,995,635
                       customer,store_sales,date_dim  628,287,192  537,117,935     0.85      ✅ YES    1,466,834    1,600,000  575,995,635
                           customer,store_sales,item  674,685,904  550,081,346     0.82      ✅ YES    1,466,834    1,600,000  575,995,635
                  customer,store_sales,date_dim,item  674,685,904  537,117,935     0.80      ✅ YES    1,466,834    1,600,000  575,995,635
              customer,store_sales,date_dim,date_dim      750,641    (skipped)        —     ⬜ skip    1,466,834    1,600,000  575,995,635
         customer,store_sales,date_dim,item,date_dim      806,076    (skipped)        —     ⬜ skip    1,466,834    1,600,000  575,995,635
                           customer,store_sales,item  674,685,904  550,081,346     0.82      ✅ YES    1,466,834    1,600,000  575,995,635
                       customer,store_sales,date_dim  628,287,192  537,117,935     0.85      ✅ YES    1,466,834    1,600,000  575,995,635
              customer,store_sales,date_dim,date_dim      750,641    (skipped)        —     ⬜ skip    1,466,834    1,600,000  575,995,635
              customer,store_sales,date_dim,date_dim      750,641    (skipped)        —     ⬜ skip    1,466,834    1,600,000  575,995,635
                  customer,store_sales,date_dim,item  674,685,904  537,117,935     0.80      ✅ YES    1,466,834    1,600,000  575,995,635
                  customer,store_sales,date_dim,item  674,685,904  537,117,935     0.80      ✅ YES    1,466,834    1,600,000  575,995,635
         customer,store_sales,date_dim,item,date_dim      806,076    (skipped)        —     ⬜ skip    1,466,834    1,600,000  575,995,635
         customer,store_sales,date_dim,item,date_dim      806,076    (skipped)        —     ⬜ skip    1,466,834    1,600,000  575,995,635
         customer,store_sales,date_dim,item,date_dim      806,076    (skipped)        —     ⬜ skip    1,466,834    1,600,000  575,995,635
                           customer_address,customer    1,307,001    (skipped)        —     ⬜ skip      979,341      800,000    1,600,000
               customer_address,customer,store_sales  513,232,626  550,081,346     1.07      ✅ YES    1,466,834      800,000    1,600,000
      customer_address,customer,store_sales,date_dim  513,232,626  537,117,935     1.05      ✅ YES    1,466,834      800,000    1,600,000
          customer_address,customer,store_sales,item  551,134,613  550,081,346     1.00      ✅ YES    1,466,834      800,000    1,600,000
    customer_address,customer,store_sales,date_di...  551,134,613  537,117,935     0.97      ✅ YES    1,466,834      800,000    1,600,000
    customer_address,customer,store_sales,date_di...      613,181    (skipped)        —     ⬜ skip    1,466,834      800,000    1,600,000
    customer_address,customer,store_sales,date_di...      658,464    (skipped)        —     ⬜ skip    1,466,834      800,000    1,600,000
               customer_address,customer,store_sales  513,232,626  550,081,346     1.07      ✅ YES    1,466,834      800,000    1,600,000
      customer_address,customer,store_sales,date_dim  513,232,626  537,117,935     1.05      ✅ YES    1,466,834      800,000    1,600,000
          customer_address,customer,store_sales,item  551,134,613  550,081,346     1.00      ✅ YES    1,466,834      800,000    1,600,000
    customer_address,customer,store_sales,date_di...  551,134,613  537,117,935     0.97      ✅ YES    1,466,834      800,000    1,600,000
    customer_address,customer,store_sales,date_di...      613,181    (skipped)        —     ⬜ skip    1,466,834      800,000    1,600,000
    customer_address,customer,store_sales,date_di...      658,464    (skipped)        —     ⬜ skip    1,466,834      800,000    1,600,000
          customer_address,customer,store_sales,item  551,134,613  550,081,346     1.00      ✅ YES    1,466,834      800,000    1,600,000
      customer_address,customer,store_sales,date_dim  513,232,626  537,117,935     1.05      ✅ YES    1,466,834      800,000    1,600,000
    customer_address,customer,store_sales,date_di...      613,181    (skipped)        —     ⬜ skip    1,466,834      800,000    1,600,000
    customer_address,customer,store_sales,date_di...      613,181    (skipped)        —     ⬜ skip    1,466,834      800,000    1,600,000
    customer_address,customer,store_sales,date_di...  551,134,613  537,117,935     0.97      ✅ YES    1,466,834      800,000    1,600,000
    customer_address,customer,store_sales,date_di...  551,134,613  537,117,935     0.97      ✅ YES    1,466,834      800,000    1,600,000
    customer_address,customer,store_sales,date_di...      658,464    (skipped)        —     ⬜ skip    1,466,834      800,000    1,600,000
    customer_address,customer,store_sales,date_di...      658,464    (skipped)        —     ⬜ skip    1,466,834      800,000    1,600,000
    customer_address,customer,store_sales,date_di...      658,464    (skipped)        —     ⬜ skip    1,466,834      800,000    1,600,000
    item,customer_address, customer, store_sales,...       32,990    (skipped)        —     ⬜ skip      697,485       48,000      479,382

  Plan: baseline=0b0b4a5bc489  oracle=0b0b4a5bc489  changed=NO

============================================================
  Query 7
============================================================
  Phase 0: Baseline run (no injection)
  Baseline plan fingerprint: b7d97bab68b3
  Phase 1: EXPLAIN (dry-run)
  (cleared cardinality_log for strict RelSets-SQL pass isolation)
  32 log entries, 32 multi-table joins, 32 with SQL_COUNT_QUERY.
  Phase 2: Computing oracle cardinalities (32 subqueries)...
    ... computed 20/32 subqueries
  Computed 28 oracle cardinalities in 21.5s.
  Skipped: 4 total (timeouts=0, sql_errors=0, cte=0, single=0, no_sql=0, not_injectable=4, ambiguous_relset_sql=0)
  Phase 3: Injecting 28 oracle cardinalities.
  Phase 4: Running query with oracle injection
  Phase 5: Verification (28 injected, 356 non-injected)
    V1 OK: 28 injected values match oracle.
    V2 OK: All 28 oracle keys in log.
    V3 INFO: 28 oracle keys NOT injected (plan divergence).
    V4 OK.
    V5 OK: No RelSets-SQL ambiguity skips.
  Phase 5b: V6 profile est vs actual (injected multi-table joins only (matched by leaf scan tables), symmetric rel err > 1.00% → ALARM)
    V6: 28 injected multi-table join(s); 11 table multiset(s) appear on more than one line — disambiguating with (tables + est≈injected_cardinality, tol=1.00% rel).
    V6 OK: all injected-join profile nodes within 1.00% est vs actual (where both present).

                                              Tables    Estimated       Oracle    Ratio   Injected     tdom_hll      Input_L      Input_R
  ----------------------------------------------------------------------------------------------------------------------------------
                               store_sales,promotion  103,886,988    (skipped)        —     ⬜ skip          499  575,995,635           90
                                    store_sales,item  618,532,640    (skipped)        —     ⬜ skip       44,699  575,995,635       48,000
                                store_sales,date_dim  105,357,995    (skipped)        —     ⬜ skip        1,990  575,995,635          364
                   store_sales,customer_demographics    8,708,587    (skipped)        —     ⬜ skip    1,814,912  575,995,635       27,440
         store_sales,customer_demographics,promotion    1,570,687    7,663,750     4.88      ✅ YES    1,814,912  575,995,635       27,440
              store_sales,customer_demographics,item    9,351,712    7,865,710     0.84      ✅ YES    1,814,912  575,995,635       27,440
          store_sales,customer_demographics,date_dim    1,592,927    1,548,560     0.97      ✅ YES    1,814,912  575,995,635       27,440
                      store_sales,date_dim,promotion   19,002,444  107,767,901     5.67      ✅ YES        1,990  575,995,635          364
                           store_sales,date_dim,item  113,138,633  110,612,722     0.98      ✅ YES       44,699  575,995,635          364
          store_sales,customer_demographics,date_dim    1,592,927    1,548,560     0.97      ✅ YES    1,814,912  575,995,635       27,440
                          store_sales,item,promotion  111,558,993  548,855,758     4.92      ✅ YES       44,699  575,995,635       48,000
                           store_sales,date_dim,item  113,138,633  110,612,722     0.98      ✅ YES       44,699  575,995,635          364
              store_sales,customer_demographics,item    9,351,712    7,865,710     0.84      ✅ YES    1,814,912  575,995,635       27,440
                          store_sales,item,promotion  111,558,993  548,855,758     4.92      ✅ YES       44,699  575,995,635       48,000
                      store_sales,date_dim,promotion   19,002,444  107,767,901     5.67      ✅ YES        1,990  575,995,635          364
         store_sales,customer_demographics,promotion    1,570,687    7,663,750     4.88      ✅ YES    1,814,912  575,995,635       27,440
    store_sales,customer_demographics,date_dim,pr...      287,301    1,526,401     5.31      ✅ YES    1,814,912  575,995,635       27,440
     store_sales,customer_demographics,date_dim,item    1,710,564    1,548,560     0.91      ✅ YES    1,814,912  575,995,635       27,440
    store_sales,customer_demographics,item,promotion    1,686,681    7,663,750     4.54      ✅ YES    1,814,912  575,995,635       27,440
     store_sales,customer_demographics,date_dim,item    1,710,564    1,548,560     0.91      ✅ YES    1,814,912  575,995,635       27,440
    store_sales,customer_demographics,item,promotion    1,686,681    7,663,750     4.54      ✅ YES    1,814,912  575,995,635       27,440
    store_sales,customer_demographics,date_dim,pr...      287,301    1,526,401     5.31      ✅ YES    1,814,912  575,995,635       27,440
                 store_sales,date_dim,item,promotion   20,405,765  107,767,901     5.28      ✅ YES       44,699  575,995,635          364
     store_sales,customer_demographics,date_dim,item    1,710,564    1,548,560     0.91      ✅ YES    1,814,912  575,995,635       27,440
                 store_sales,date_dim,item,promotion   20,405,765  107,767,901     5.28      ✅ YES       44,699  575,995,635          364
    store_sales,customer_demographics,date_dim,pr...      287,301    1,526,401     5.31      ✅ YES    1,814,912  575,995,635       27,440
                 store_sales,date_dim,item,promotion   20,405,765  107,767,901     5.28      ✅ YES       44,699  575,995,635          364
    store_sales,customer_demographics,item,promotion    1,686,681    7,663,750     4.54      ✅ YES    1,814,912  575,995,635       27,440
    store_sales,customer_demographics,date_dim,it...      308,518    1,526,401     4.95      ✅ YES    1,814,912  575,995,635       27,440
    store_sales,customer_demographics,date_dim,it...      308,518    1,526,401     4.95      ✅ YES    1,814,912  575,995,635       27,440
    store_sales,customer_demographics,date_dim,it...      308,518    1,526,401     4.95      ✅ YES    1,814,912  575,995,635       27,440
    store_sales,customer_demographics,date_dim,it...      308,518    1,526,401     4.95      ✅ YES    1,814,912  575,995,635       27,440

  Plan: baseline=b7d97bab68b3  oracle=3297eb280fb1  changed=YES

  Phase 6: Verifying Performance
  Measuring baseline plan... (5 runs)
  Measuring oracle plan... (5 runs)
  Baseline: fastest=5.372s, mean=5.422s
  Oracle:   fastest=5.229s, mean=5.359s
  [IMPROVEMENT] Oracle plan is faster (or equal)! Fastest diff: -0.143s, Mean diff: -0.063s ✅

============================================================
  Query 8
============================================================
  Phase 0: Baseline run (no injection)
  Baseline plan fingerprint: 3f07892c7a71
  Phase 1: EXPLAIN (dry-run)
  (cleared cardinality_log for strict RelSets-SQL pass isolation)
  11 log entries, 11 multi-table joins, 5 with SQL_COUNT_QUERY.
  Strict RelSets-SQL: 1 relation-set(s) have multiple SQL_COUNT variants — oracle keys for those sets will be skipped (use --oracle-permissive-context to inject all).
  Phase 2: Computing oracle cardinalities (11 subqueries)...
  Computed 2 oracle cardinalities in 1.0s.
  Skipped: 9 total (timeouts=0, sql_errors=0, cte=0, single=0, no_sql=0, not_injectable=7, ambiguous_relset_sql=2)
  Phase 3: Injecting 2 oracle cardinalities.
  Phase 4: Running query with oracle injection
  Phase 5: Verification (2 injected, 28 non-injected)
    V1 OK: 2 injected values match oracle.
    V2 OK: All 2 oracle keys in log.
    V3 INFO: 2 oracle keys NOT injected (plan divergence).
    V4 OK.
    V5 INFO: Strict RelSets-SQL skipped 2 oracle key(s) (ambiguous SQL_COUNT for same RelSets).
  Phase 5b: V6 profile est vs actual (injected multi-table joins only (matched by leaf scan tables), symmetric rel err > 1.00% → ALARM)
    V6: 2 injected multi-table join(s); 1 table multiset(s) appear on more than one line — disambiguating with (tables + est≈injected_cardinality, tol=1.00% rel).
    V6 OK: all injected-join profile nodes within 1.00% est vs actual (where both present).

                                              Tables    Estimated       Oracle    Ratio   Injected     tdom_hll      Input_L      Input_R
  ----------------------------------------------------------------------------------------------------------------------------------
                           customer_address,customer      917,582    (skipped)        —     ⬜ skip      697,485      800,000      800,000
    store,customer_address, customer_address, cus...          211    (skipped)        —     ⬜ skip          897          212          896
                                   store_sales,store  575,995,635    (skipped)        —     ⬜ skip          212  575,995,635          212
    store_sales,store,customer_address, customer_...  575,353,499    (skipped)        —     ⬜ skip          897  575,995,635          212
                                store_sales,date_dim   26,339,498    (skipped)        —     ⬜ skip        1,990  575,995,635           91
                          store_sales,date_dim,store   26,339,498   15,463,397     0.59      ✅ YES        1,990  575,995,635           91
    store_sales,date_dim,store,customer_address, ...   26,310,134    (skipped)        —     ⬜ skip        1,990  575,995,635           91
    store_sales,store,customer_address, customer_...  575,353,499    (skipped)        —     ⬜ skip          897  575,995,635          212
                          store_sales,date_dim,store   26,339,498   15,463,397     0.59      ✅ YES        1,990  575,995,635           91
    store_sales,date_dim,store,customer_address, ...   26,310,134    (skipped)        —     ⬜ skip        1,990  575,995,635           91
    store_sales,date_dim,store,customer_address, ...   26,310,134    (skipped)        —     ⬜ skip        1,990  575,995,635           91

  Plan: baseline=3f07892c7a71  oracle=3f07892c7a71  changed=NO

============================================================
  Query 9
============================================================
  Phase 0: Baseline run (no injection)
  Baseline plan fingerprint: b115a54394aa
  Phase 1: EXPLAIN (dry-run)
  (cleared cardinality_log for strict RelSets-SQL pass isolation)
  15 log entries, 15 multi-table joins, 0 with SQL_COUNT_QUERY.
  Phase 2: Computing oracle cardinalities (15 subqueries)...
  Computed 0 oracle cardinalities in 0.0s.
  Skipped: 15 total (timeouts=0, sql_errors=0, cte=0, single=0, no_sql=0, not_injectable=15, ambiguous_relset_sql=0)
  Phase 3: Injecting 0 oracle cardinalities.
  Phase 4: Running query with oracle injection
  Phase 5: Verification (0 injected, 30 non-injected)
    V1 OK: 0 injected values match oracle.
    V2 OK: All 0 oracle keys in log.
    V3 OK: All oracle keys were injected.
    V4 OK.
    V5 OK: No RelSets-SQL ambiguity skips.
  Phase 5b: V6 profile est vs actual (injected multi-table joins only (matched by leaf scan tables), symmetric rel err > 1.00% → ALARM)
    V6: no injected multi-table joins in log — skipping est vs actual (nothing to match against physical joins).

                                              Tables    Estimated       Oracle    Ratio   Injected     tdom_hll      Input_L      Input_R
  ----------------------------------------------------------------------------------------------------------------------------------
                                  reason,store_sales            1    (skipped)        —     ⬜ skip                         1            1
                             store_sales,store_sales            1    (skipped)        —     ⬜ skip                         1            1
                             store_sales,store_sales            1    (skipped)        —     ⬜ skip                         1            1
                             store_sales,store_sales            1    (skipped)        —     ⬜ skip                         1            1
                             store_sales,store_sales            1    (skipped)        —     ⬜ skip                         1            1
                             store_sales,store_sales            1    (skipped)        —     ⬜ skip                         1            1
                             store_sales,store_sales            1    (skipped)        —     ⬜ skip                         1            1
                             store_sales,store_sales            1    (skipped)        —     ⬜ skip                         1            1
          reason,store_sales,store_sales,store_sales            1    (skipped)        —     ⬜ skip                         1            1
     store_sales,store_sales,store_sales,store_sales            1    (skipped)        —     ⬜ skip                         1            1
     store_sales,store_sales,store_sales,store_sales            1    (skipped)        —     ⬜ skip                         1            1
     store_sales,store_sales,store_sales,store_sales            1    (skipped)        —     ⬜ skip                         1            1
    reason,store_sales,store_sales,store_sales,st...            1    (skipped)        —     ⬜ skip                         1            1
    store_sales,store_sales,store_sales,store_sal...            1    (skipped)        —     ⬜ skip                         1            1
    reason,store_sales,store_sales,store_sales,st...            1    (skipped)        —     ⬜ skip                         1            1

  Plan: baseline=b115a54394aa  oracle=b115a54394aa  changed=NO

============================================================
  Query 10
============================================================
  Phase 0: Baseline run (no injection)
  Baseline plan fingerprint: 18b7130735fd
  Phase 1: EXPLAIN (dry-run)
  (cleared cardinality_log for strict RelSets-SQL pass isolation)
  16 log entries, 16 multi-table joins, 3 with SQL_COUNT_QUERY.
  Strict RelSets-SQL: 1 relation-set(s) have multiple SQL_COUNT variants — oracle keys for those sets will be skipped (use --oracle-permissive-context to inject all).
  Phase 2: Computing oracle cardinalities (16 subqueries)...
  Computed 0 oracle cardinalities in 0.0s.
  Skipped: 16 total (timeouts=0, sql_errors=0, cte=0, single=0, no_sql=0, not_injectable=12, ambiguous_relset_sql=4)
  Phase 3: Injecting 0 oracle cardinalities.
  Phase 4: Running query with oracle injection
  Phase 5: Verification (0 injected, 32 non-injected)
    V1 OK: 0 injected values match oracle.
    V2 OK: All 0 oracle keys in log.
    V3 OK: All oracle keys were injected.
    V4 OK.
    V5 INFO: Strict RelSets-SQL skipped 4 oracle key(s) (ambiguous SQL_COUNT for same RelSets).
  Phase 5b: V6 profile est vs actual (injected multi-table joins only (matched by leaf scan tables), symmetric rel err > 1.00% → ALARM)
    V6: no injected multi-table joins in log — skipping est vs actual (nothing to match against physical joins).

                                              Tables    Estimated       Oracle    Ratio   Injected     tdom_hll      Input_L      Input_R
  ----------------------------------------------------------------------------------------------------------------------------------
                      customer,customer_demographics    1,600,000    (skipped)        —     ⬜ skip    1,920,800    1,600,000    1,920,800
                           customer,customer_address      261,400    (skipped)        —     ⬜ skip      979,341    1,600,000      160,000
     customer,customer_address,customer_demographics      261,400    (skipped)        —     ⬜ skip    1,920,800    1,600,000      160,000
     customer,customer_address,customer_demographics      261,400    (skipped)        —     ⬜ skip    1,920,800    1,600,000      160,000
    store_sales,customer, customer_address, custo...   92,002,449    (skipped)        —     ⬜ skip    1,466,834  575,995,635      234,294
                                store_sales,date_dim   35,312,295    (skipped)        —     ⬜ skip        1,990  575,995,635          122
    store_sales,date_dim,customer, customer_addre...    5,640,351    (skipped)        —     ⬜ skip    1,466,834  575,995,635          122
    store_sales,date_dim,customer, customer_addre...    5,640,351    (skipped)        —     ⬜ skip    1,466,834  575,995,635          122
    web_sales,customer, customer_address, custome...    5,473,851    (skipped)        —     ⬜ skip    1,345,096  144,002,668       51,130
                                  web_sales,date_dim    8,828,304    (skipped)        —     ⬜ skip        1,990  144,002,668          122
    web_sales,date_dim,customer, customer_address...      335,582    (skipped)        —     ⬜ skip    1,345,096  144,002,668          122
    web_sales,date_dim,customer, customer_address...      335,582    (skipped)        —     ⬜ skip    1,345,096  144,002,668          122
    catalog_sales,customer, customer_address, cus...   10,033,504    (skipped)        —     ⬜ skip    1,467,575  287,989,836       51,130
                              catalog_sales,date_dim   17,655,658    (skipped)        —     ⬜ skip        1,990  287,989,836          122
    catalog_sales,date_dim,customer, customer_add...      615,119    (skipped)        —     ⬜ skip    1,467,575  287,989,836          122
    catalog_sales,date_dim,customer, customer_add...      615,119    (skipped)        —     ⬜ skip    1,467,575  287,989,836          122

  Plan: baseline=18b7130735fd  oracle=18b7130735fd  changed=NO

============================================================
  Query 11
============================================================
  Phase 0: Baseline run (no injection)
  Baseline plan fingerprint: 73f760c19ec1
  Phase 1: EXPLAIN (dry-run)
  (cleared cardinality_log for strict RelSets-SQL pass isolation)
  41 log entries, 41 multi-table joins, 16 with SQL_COUNT_QUERY.
  Strict RelSets-SQL: 3 relation-set(s) have multiple SQL_COUNT variants — oracle keys for those sets will be skipped (use --oracle-permissive-context to inject all).
  Phase 2: Computing oracle cardinalities (41 subqueries)...
  Computed 0 oracle cardinalities in 0.0s.
  Skipped: 41 total (timeouts=0, sql_errors=0, cte=0, single=0, no_sql=0, not_injectable=20, ambiguous_relset_sql=21)
  [NOTE] High partial-injection risk detected, but proceeding with oracle injection as requested.
  Phase 3: Injecting 0 oracle cardinalities.
  Phase 4: Running query with oracle injection
  Phase 5: Verification (0 injected, 82 non-injected)
    V1 OK: 0 injected values match oracle.
    V2 OK: All 0 oracle keys in log.
    V3 OK: All oracle keys were injected.
    V4 OK.
    V5 INFO: Strict RelSets-SQL skipped 21 oracle key(s) (ambiguous SQL_COUNT for same RelSets).
  Phase 5b: V6 profile est vs actual (injected multi-table joins only (matched by leaf scan tables), symmetric rel err > 1.00% → ALARM)
    V6: no injected multi-table joins in log — skipping est vs actual (nothing to match against physical joins).

                                              Tables    Estimated       Oracle    Ratio   Injected     tdom_hll      Input_L      Input_R
  ----------------------------------------------------------------------------------------------------------------------------------
                                store_sales,date_dim  105,357,995    (skipped)        —     ⬜ skip        1,990  575,995,635          364
                                customer,store_sales  628,287,192    (skipped)        —     ⬜ skip    1,466,834    1,600,000  575,995,635
                       customer,store_sales,date_dim  114,922,883    (skipped)        —     ⬜ skip    1,466,834    1,600,000  575,995,635
                       customer,store_sales,date_dim  114,922,883    (skipped)        —     ⬜ skip    1,466,834    1,600,000  575,995,635
                                store_sales,date_dim  105,357,995    (skipped)        —     ⬜ skip        1,990  575,995,635          364
                                customer,store_sales  628,287,192    (skipped)        —     ⬜ skip    1,466,834    1,600,000  575,995,635
                       customer,store_sales,date_dim  114,922,883    (skipped)        —     ⬜ skip    1,466,834    1,600,000  575,995,635
                       customer,store_sales,date_dim  114,922,883    (skipped)        —     ⬜ skip    1,466,834    1,600,000  575,995,635
                                  web_sales,date_dim   26,340,186    (skipped)        —     ⬜ skip        1,990  144,002,668          364
                                  customer,web_sales  171,292,063    (skipped)        —     ⬜ skip    1,345,096    1,600,000  144,002,668
                         customer,web_sales,date_dim   31,331,814    (skipped)        —     ⬜ skip    1,345,096    1,600,000  144,002,668
                         customer,web_sales,date_dim   31,331,814    (skipped)        —     ⬜ skip    1,345,096    1,600,000  144,002,668
                                  web_sales,date_dim   26,340,186    (skipped)        —     ⬜ skip        1,990  144,002,668          364
                                  customer,web_sales  171,292,063    (skipped)        —     ⬜ skip    1,345,096    1,600,000  144,002,668
                         customer,web_sales,date_dim   31,331,814    (skipped)        —     ⬜ skip    1,345,096    1,600,000  144,002,668
                         customer,web_sales,date_dim   31,331,814    (skipped)        —     ⬜ skip    1,345,096    1,600,000  144,002,668
    customer, web_sales, date_dim,customer, web_s...  167,561,775    (skipped)        —     ⬜ skip    1,171,726    6,266,362   31,331,814
    customer, store_sales, date_dim,customer, web... 3,073,024,234    (skipped)        —     ⬜ skip    1,171,726  114,922,883   31,331,814
    customer, store_sales, date_dim,customer, web...  614,604,768    (skipped)        —     ⬜ skip    1,171,726  114,922,883    6,266,362
    customer, store_sales, date_dim,customer, web... 8,217,229,236    (skipped)        —     ⬜ skip    1,171,726  114,922,883    6,266,362
    customer, store_sales, date_dim,customer, web... 8,217,229,236    (skipped)        —     ⬜ skip    1,171,726  114,922,883    6,266,362
    customer, store_sales, date_dim,customer, web... 8,217,229,236    (skipped)        —     ⬜ skip    1,171,726  114,922,883    6,266,362
    customer, store_sales, date_dim,customer, web...  614,604,830    (skipped)        —     ⬜ skip    1,171,726   22,984,576   31,331,814
    customer, store_sales, date_dim,customer, web...  122,920,950    (skipped)        —     ⬜ skip    1,171,726   22,984,576    6,266,362
    customer, store_sales, date_dim,customer, web... 1,643,445,804    (skipped)        —     ⬜ skip    1,171,726   22,984,576    6,266,362
    customer, store_sales, date_dim,customer, sto... 2,254,327,153    (skipped)        —     ⬜ skip    1,171,726   22,984,576  114,922,883
    customer, store_sales, date_dim,customer, sto... 6,028,043,250    (skipped)        —     ⬜ skip    1,171,726   22,984,576  114,922,883
    customer, store_sales, date_dim,customer, sto... 30,140,220,099    (skipped)        —     ⬜ skip    1,171,726   22,984,576  114,922,883
    customer, store_sales, date_dim,customer, sto... 161,189,160,184    (skipped)        —     ⬜ skip    1,171,726   22,984,576  114,922,883
    customer, store_sales, date_dim,customer, sto... 30,140,220,099    (skipped)        —     ⬜ skip    1,171,726   22,984,576  114,922,883
    customer, store_sales, date_dim,customer, sto... 6,028,043,250    (skipped)        —     ⬜ skip    1,171,726   22,984,576  114,922,883
    customer, store_sales, date_dim,customer, sto... 161,189,160,184    (skipped)        —     ⬜ skip    1,171,726   22,984,576  114,922,883
    customer, store_sales, date_dim,customer, web... 1,643,445,804    (skipped)        —     ⬜ skip    1,171,726   22,984,576    6,266,362
    customer, store_sales, date_dim,customer, sto... 6,028,043,250    (skipped)        —     ⬜ skip    1,171,726   22,984,576  114,922,883
    customer, store_sales, date_dim,customer, sto... 161,189,160,184    (skipped)        —     ⬜ skip    1,171,726   22,984,576  114,922,883
    customer, store_sales, date_dim,customer, web... 1,643,445,804    (skipped)        —     ⬜ skip    1,171,726   22,984,576    6,266,362
    customer, store_sales, date_dim,customer, sto... 30,140,220,099    (skipped)        —     ⬜ skip    1,171,726   22,984,576  114,922,883
    customer, store_sales, date_dim,customer, sto... 161,189,160,184    (skipped)        —     ⬜ skip    1,171,726   22,984,576  114,922,883
    customer, store_sales, date_dim,customer, sto... 161,189,160,184    (skipped)        —     ⬜ skip    1,171,726   22,984,576  114,922,883
    customer, store_sales, date_dim,customer, sto... 161,189,160,184    (skipped)        —     ⬜ skip    1,171,726   22,984,576  114,922,883
    customer, store_sales, date_dim,customer, sto... 161,189,160,184    (skipped)        —     ⬜ skip    1,171,726   22,984,576  114,922,883

  Plan: baseline=73f760c19ec1  oracle=73f760c19ec1  changed=NO

============================================================
  Query 12
============================================================
  Phase 0: Baseline run (no injection)
  Baseline plan fingerprint: b05ce898c581
  Phase 1: EXPLAIN (dry-run)
  (cleared cardinality_log for strict RelSets-SQL pass isolation)
  4 log entries, 4 multi-table joins, 4 with SQL_COUNT_QUERY.
  Phase 2: Computing oracle cardinalities (4 subqueries)...
  Computed 2 oracle cardinalities in 0.3s.
  Skipped: 2 total (timeouts=0, sql_errors=0, cte=0, single=0, no_sql=0, not_injectable=2, ambiguous_relset_sql=0)
  Phase 3: Injecting 2 oracle cardinalities.
  Phase 4: Running query with oracle injection
  Phase 5: Verification (2 injected, 14 non-injected)
    V1 OK: 2 injected values match oracle.
    V2 OK: All 2 oracle keys in log.
    V3 INFO: 6 oracle keys NOT injected (plan divergence).
    V4 OK.
    V5 OK: No RelSets-SQL ambiguity skips.
  Phase 5b: V6 profile est vs actual (injected multi-table joins only (matched by leaf scan tables), symmetric rel err > 1.00% → ALARM)
    V6: 2 injected multi-table join(s); 1 table multiset(s) appear on more than one line — disambiguating with (tables + est≈injected_cardinality, tol=1.00% rel).
    V6 OK: all injected-join profile nodes within 1.00% est vs actual (where both present).

                                              Tables    Estimated       Oracle    Ratio   Injected     tdom_hll      Input_L      Input_R
  ----------------------------------------------------------------------------------------------------------------------------------
                                  web_sales,date_dim    2,243,257    (skipped)        —     ⬜ skip        1,990  144,002,668           31
                                      web_sales,item   30,927,439    (skipped)        —     ⬜ skip       44,699  144,002,668        9,600
                             web_sales,item,date_dim      481,784      406,913     0.84      ✅ YES       44,699  144,002,668        9,600
                             web_sales,item,date_dim      481,784      406,913     0.84      ✅ YES       44,699  144,002,668        9,600

  Plan: baseline=b05ce898c581  oracle=b05ce898c581  changed=NO

============================================================
  Query 13
============================================================
  Phase 0: Baseline run (no injection)
  Baseline plan fingerprint: c37153447463
  Phase 1: EXPLAIN (dry-run)
  (cleared cardinality_log for strict RelSets-SQL pass isolation)
  80 log entries, 80 multi-table joins, 20 with SQL_COUNT_QUERY.
  Phase 2: Computing oracle cardinalities (80 subqueries)...
  Computed 16 oracle cardinalities in 16.0s.
  Skipped: 64 total (timeouts=0, sql_errors=0, cte=0, single=0, no_sql=0, not_injectable=64, ambiguous_relset_sql=0)
  Phase 3: Injecting 16 oracle cardinalities.
  Phase 4: Running query with oracle injection
  Phase 5: Verification (16 injected, 256 non-injected)
    V1 OK: 16 injected values match oracle.
    V2 OK: All 16 oracle keys in log.
    V3 INFO: 16 oracle keys NOT injected (plan divergence).
    V4 OK.
    V5 OK: No RelSets-SQL ambiguity skips.
  Phase 5b: V6 profile est vs actual (injected multi-table joins only (matched by leaf scan tables), symmetric rel err > 1.00% → ALARM)
    V6: 16 injected multi-table join(s); 7 table multiset(s) appear on more than one line — disambiguating with (tables + est≈injected_cardinality, tol=1.00% rel).
    V6 OK: all injected-join profile nodes within 1.00% est vs actual (where both present).

                                              Tables    Estimated       Oracle    Ratio   Injected     tdom_hll      Input_L      Input_R
  ----------------------------------------------------------------------------------------------------------------------------------
                                store_sales,date_dim  105,357,995    (skipped)        —     ⬜ skip        1,990  575,995,635          364
                        store_sales,customer_address  551,766,201    (skipped)        —     ⬜ skip      835,130  575,995,635      800,000
                  store_sales,household_demographics  575,995,635    (skipped)        —     ⬜ skip        7,200  575,995,635        7,200
                   store_sales,customer_demographics  575,995,635    (skipped)        —     ⬜ skip    1,920,800  575,995,635    1,920,800
                                   store_sales,store  575,995,635    (skipped)        —     ⬜ skip          212  575,995,635          212
                          store_sales,store,date_dim  105,357,995  106,817,485     1.01      ✅ YES        1,990  575,995,635          212
                  store_sales,store,customer_address  551,766,201    (skipped)        —     ⬜ skip      835,130  575,995,635          212
            store_sales,store,household_demographics  575,995,635  537,124,399     0.93      ✅ YES        7,200  575,995,635          212
             store_sales,store,customer_demographics  575,995,635  537,120,844     0.93      ✅ YES    1,920,800  575,995,635          212
          store_sales,customer_demographics,date_dim  105,357,995  106,817,589     1.01      ✅ YES    1,920,800  575,995,635    1,920,800
    store_sales,customer_demographics,customer_ad...  551,766,201    (skipped)        —     ⬜ skip    1,920,800  575,995,635    1,920,800
    store_sales,customer_demographics,household_d...  575,995,635    (skipped)        —     ⬜ skip    1,920,800  575,995,635    1,920,800
             store_sales,store,customer_demographics  575,995,635  537,120,844     0.93      ✅ YES    1,920,800  575,995,635          212
         store_sales,household_demographics,date_dim  105,357,995  106,816,995     1.01      ✅ YES        7,200  575,995,635        7,200
    store_sales,household_demographics,customer_a...  551,766,201    (skipped)        —     ⬜ skip      835,130  575,995,635        7,200
    store_sales,customer_demographics,household_d...  575,995,635    (skipped)        —     ⬜ skip    1,920,800  575,995,635    1,920,800
            store_sales,store,household_demographics  575,995,635  537,124,399     0.93      ✅ YES        7,200  575,995,635          212
               store_sales,customer_address,date_dim  100,926,079    (skipped)        —     ⬜ skip      835,130  575,995,635      800,000
    store_sales,household_demographics,customer_a...  551,766,201    (skipped)        —     ⬜ skip      835,130  575,995,635        7,200
    store_sales,customer_demographics,customer_ad...  551,766,201    (skipped)        —     ⬜ skip    1,920,800  575,995,635    1,920,800
                  store_sales,store,customer_address  551,766,201    (skipped)        —     ⬜ skip      835,130  575,995,635          212
               store_sales,customer_address,date_dim  100,926,079    (skipped)        —     ⬜ skip      835,130  575,995,635      800,000
         store_sales,household_demographics,date_dim  105,357,995  106,816,995     1.01      ✅ YES        7,200  575,995,635        7,200
          store_sales,customer_demographics,date_dim  105,357,995  106,817,589     1.01      ✅ YES    1,920,800  575,995,635    1,920,800
                          store_sales,store,date_dim  105,357,995  106,817,485     1.01      ✅ YES        1,990  575,995,635          212
    store_sales,store,customer_demographics,date_dim  105,357,995  105,528,097     1.00      ✅ YES    1,920,800  575,995,635          212
    store_sales,store,customer_demographics,custo...  551,766,201    (skipped)        —     ⬜ skip    1,920,800  575,995,635          212
    store_sales,store,customer_demographics,house...  575,995,635    (skipped)        —     ⬜ skip    1,920,800  575,995,635          212
    store_sales,store,household_demographics,date...  105,357,995  105,527,909     1.00      ✅ YES        7,200  575,995,635          212
    store_sales,store,household_demographics,cust...  551,766,201    (skipped)        —     ⬜ skip      835,130  575,995,635          212
    store_sales,store,customer_demographics,house...  575,995,635    (skipped)        —     ⬜ skip    1,920,800  575,995,635          212
         store_sales,store,customer_address,date_dim  100,926,079    (skipped)        —     ⬜ skip      835,130  575,995,635          212
    store_sales,store,household_demographics,cust...  551,766,201    (skipped)        —     ⬜ skip      835,130  575,995,635          212
    store_sales,store,customer_demographics,custo...  551,766,201    (skipped)        —     ⬜ skip    1,920,800  575,995,635          212
         store_sales,store,customer_address,date_dim  100,926,079    (skipped)        —     ⬜ skip      835,130  575,995,635          212
    store_sales,store,household_demographics,date...  105,357,995  105,527,909     1.00      ✅ YES        7,200  575,995,635          212
    store_sales,store,customer_demographics,date_dim  105,357,995  105,528,097     1.00      ✅ YES    1,920,800  575,995,635          212
    store_sales,customer_demographics,household_d...  105,357,995    (skipped)        —     ⬜ skip    1,920,800  575,995,635    1,920,800
    store_sales,customer_demographics,household_d...  551,766,201    (skipped)        —     ⬜ skip    1,920,800  575,995,635    1,920,800
    store_sales,store,customer_demographics,house...  575,995,635    (skipped)        —     ⬜ skip    1,920,800  575,995,635          212
    store_sales,customer_demographics,customer_ad...  100,926,079    (skipped)        —     ⬜ skip    1,920,800  575,995,635    1,920,800
    store_sales,customer_demographics,household_d...  551,766,201    (skipped)        —     ⬜ skip    1,920,800  575,995,635    1,920,800
    store_sales,store,customer_demographics,custo...  551,766,201    (skipped)        —     ⬜ skip    1,920,800  575,995,635          212
    store_sales,customer_demographics,customer_ad...  100,926,079    (skipped)        —     ⬜ skip    1,920,800  575,995,635    1,920,800
    store_sales,customer_demographics,household_d...  105,357,995    (skipped)        —     ⬜ skip    1,920,800  575,995,635    1,920,800
    store_sales,store,customer_demographics,date_dim  105,357,995  105,528,097     1.00      ✅ YES    1,920,800  575,995,635          212
    store_sales,household_demographics,customer_a...  100,926,079    (skipped)        —     ⬜ skip      835,130  575,995,635        7,200
    store_sales,customer_demographics,household_d...  551,766,201    (skipped)        —     ⬜ skip    1,920,800  575,995,635    1,920,800
    store_sales,store,household_demographics,cust...  551,766,201    (skipped)        —     ⬜ skip      835,130  575,995,635          212
    store_sales,household_demographics,customer_a...  100,926,079    (skipped)        —     ⬜ skip      835,130  575,995,635        7,200
    store_sales,customer_demographics,household_d...  105,357,995    (skipped)        —     ⬜ skip    1,920,800  575,995,635    1,920,800
    store_sales,store,household_demographics,date...  105,357,995  105,527,909     1.00      ✅ YES        7,200  575,995,635          212
    store_sales,household_demographics,customer_a...  100,926,079    (skipped)        —     ⬜ skip      835,130  575,995,635        7,200
    store_sales,customer_demographics,customer_ad...  100,926,079    (skipped)        —     ⬜ skip    1,920,800  575,995,635    1,920,800
         store_sales,store,customer_address,date_dim  100,926,079    (skipped)        —     ⬜ skip      835,130  575,995,635          212
    store_sales,store,customer_demographics,house...  105,357,995    (skipped)        —     ⬜ skip    1,920,800  575,995,635          212
    store_sales,store,customer_demographics,house...  551,766,201    (skipped)        —     ⬜ skip    1,920,800  575,995,635          212
    store_sales,store,customer_demographics,custo...  100,926,079    (skipped)        —     ⬜ skip    1,920,800  575,995,635          212
    store_sales,store,customer_demographics,house...  551,766,201    (skipped)        —     ⬜ skip    1,920,800  575,995,635          212
    store_sales,store,customer_demographics,custo...  100,926,079    (skipped)        —     ⬜ skip    1,920,800  575,995,635          212
    store_sales,store,customer_demographics,house...  105,357,995    (skipped)        —     ⬜ skip    1,920,800  575,995,635          212
    store_sales,store,household_demographics,cust...  100,926,079    (skipped)        —     ⬜ skip      835,130  575,995,635          212
    store_sales,store,customer_demographics,house...  551,766,201    (skipped)        —     ⬜ skip    1,920,800  575,995,635          212
    store_sales,store,household_demographics,cust...  100,926,079    (skipped)        —     ⬜ skip      835,130  575,995,635          212
    store_sales,store,customer_demographics,house...  105,357,995    (skipped)        —     ⬜ skip    1,920,800  575,995,635          212
    store_sales,store,household_demographics,cust...  100,926,079    (skipped)        —     ⬜ skip      835,130  575,995,635          212
    store_sales,store,customer_demographics,custo...  100,926,079    (skipped)        —     ⬜ skip    1,920,800  575,995,635          212
    store_sales,customer_demographics,household_d...  100,926,079    (skipped)        —     ⬜ skip    1,920,800  575,995,635    1,920,800
    store_sales,store,customer_demographics,house...  551,766,201    (skipped)        —     ⬜ skip    1,920,800  575,995,635          212
    store_sales,customer_demographics,household_d...  100,926,079    (skipped)        —     ⬜ skip    1,920,800  575,995,635    1,920,800
    store_sales,store,customer_demographics,house...  105,357,995    (skipped)        —     ⬜ skip    1,920,800  575,995,635          212
    store_sales,customer_demographics,household_d...  100,926,079    (skipped)        —     ⬜ skip    1,920,800  575,995,635    1,920,800
    store_sales,store,customer_demographics,custo...  100,926,079    (skipped)        —     ⬜ skip    1,920,800  575,995,635          212
    store_sales,customer_demographics,household_d...  100,926,079    (skipped)        —     ⬜ skip    1,920,800  575,995,635    1,920,800
    store_sales,store,household_demographics,cust...  100,926,079    (skipped)        —     ⬜ skip      835,130  575,995,635          212
    store_sales,store,customer_demographics,house...  100,926,079    (skipped)        —     ⬜ skip    1,920,800  575,995,635          212
    store_sales,store,customer_demographics,house...  100,926,079    (skipped)        —     ⬜ skip    1,920,800  575,995,635          212
    store_sales,store,customer_demographics,house...  100,926,079    (skipped)        —     ⬜ skip    1,920,800  575,995,635          212
    store_sales,store,customer_demographics,house...  100,926,079    (skipped)        —     ⬜ skip    1,920,800  575,995,635          212
    store_sales,store,customer_demographics,house...  100,926,079    (skipped)        —     ⬜ skip    1,920,800  575,995,635          212

  Plan: baseline=c37153447463  oracle=c37153447463  changed=NO

============================================================
  Query 14
============================================================
  Phase 0: Baseline run (no injection)
  Baseline plan fingerprint: b4a93f858fff
  Phase 1: EXPLAIN (dry-run)
  (cleared cardinality_log for strict RelSets-SQL pass isolation)
  55 log entries, 55 multi-table joins, 27 with SQL_COUNT_QUERY.
  Strict RelSets-SQL: 3 relation-set(s) have multiple SQL_COUNT variants — oracle keys for those sets will be skipped (use --oracle-permissive-context to inject all).
  Phase 2: Computing oracle cardinalities (55 subqueries)...
  Computed 0 oracle cardinalities in 0.0s.
  Skipped: 55 total (timeouts=0, sql_errors=0, cte=0, single=0, no_sql=0, not_injectable=24, ambiguous_relset_sql=31)
  Phase 3: Injecting 0 oracle cardinalities.
  Phase 4: Running query with oracle injection
  Phase 5: Verification (0 injected, 110 non-injected)
    V1 OK: 0 injected values match oracle.
    V2 OK: All 0 oracle keys in log.
    V3 OK: All oracle keys were injected.
    V4 OK.
    V5 INFO: Strict RelSets-SQL skipped 31 oracle key(s) (ambiguous SQL_COUNT for same RelSets).
  Phase 5b: V6 profile est vs actual (injected multi-table joins only (matched by leaf scan tables), symmetric rel err > 1.00% → ALARM)
    V6: no injected multi-table joins in log — skipping est vs actual (nothing to match against physical joins).

                                              Tables    Estimated       Oracle    Ratio   Injected     tdom_hll      Input_L      Input_R
  ----------------------------------------------------------------------------------------------------------------------------------
                                store_sales,date_dim  315,784,541    (skipped)        —     ⬜ skip        1,990  575,995,635        1,091
                                    store_sales,item  618,532,640    (skipped)        —     ⬜ skip       44,699  575,995,635       48,000
                           store_sales,item,date_dim  339,105,080    (skipped)        —     ⬜ skip       44,699  575,995,635       48,000
                           store_sales,item,date_dim  339,105,080    (skipped)        —     ⬜ skip       44,699  575,995,635       48,000
                              catalog_sales,date_dim  157,887,895    (skipped)        —     ⬜ skip        1,990  287,989,836        1,091
                                  catalog_sales,item  309,257,749    (skipped)        —     ⬜ skip       44,699  287,989,836       48,000
                         catalog_sales,item,date_dim  169,547,841    (skipped)        —     ⬜ skip       44,699  287,989,836       48,000
                         catalog_sales,item,date_dim  169,547,841    (skipped)        —     ⬜ skip       44,699  287,989,836       48,000
                                  web_sales,date_dim   78,948,196    (skipped)        —     ⬜ skip        1,990  144,002,668        1,091
                                      web_sales,item  154,637,196    (skipped)        —     ⬜ skip       44,699  144,002,668       48,000
                             web_sales,item,date_dim   84,778,483    (skipped)        —     ⬜ skip       44,699  144,002,668       48,000
                             web_sales,item,date_dim   84,778,483    (skipped)        —     ⬜ skip       44,699  144,002,668       48,000
    item,store_sales, item, date_dim, catalog_sal...   41,694,763    (skipped)        —     ⬜ skip       32,533       48,000   84,778,483
                                store_sales,date_dim  315,784,541    (skipped)        —     ⬜ skip        1,990  575,995,635        1,091
                              catalog_sales,date_dim  157,887,895    (skipped)        —     ⬜ skip        1,990  287,989,836        1,091
                                  web_sales,date_dim   78,948,196    (skipped)        —     ⬜ skip        1,990  144,002,668        1,091
    store_sales,item, store_sales, item, date_dim...  115,199,127    (skipped)        —     ⬜ skip       44,699  575,995,635   41,694,763
                                store_sales,date_dim    8,104,461    (skipped)        —     ⬜ skip        1,990  575,995,635           28
                                    store_sales,item  618,532,640    (skipped)        —     ⬜ skip       44,699  575,995,635       48,000
    store_sales,item,item, store_sales, item, dat...  123,706,528    (skipped)        —     ⬜ skip       44,699  575,995,635       48,000
                           store_sales,item,date_dim    8,702,971    (skipped)        —     ⬜ skip       44,699  575,995,635       48,000
    store_sales,date_dim,item, store_sales, item,...    1,620,892    (skipped)        —     ⬜ skip       44,699  575,995,635           28
                           store_sales,item,date_dim    8,702,971    (skipped)        —     ⬜ skip       44,699  575,995,635       48,000
    store_sales,date_dim,item, store_sales, item,...    1,620,892    (skipped)        —     ⬜ skip       44,699  575,995,635           28
    store_sales,item,item, store_sales, item, dat...  123,706,528    (skipped)        —     ⬜ skip       44,699  575,995,635       48,000
    store_sales,item,date_dim,item, store_sales, ...    1,740,594    (skipped)        —     ⬜ skip       44,699  575,995,635       48,000
    store_sales,item,date_dim,item, store_sales, ...    1,740,594    (skipped)        —     ⬜ skip       44,699  575,995,635       48,000
    store_sales,item,date_dim,item, store_sales, ...    1,740,594    (skipped)        —     ⬜ skip       44,699  575,995,635       48,000
    store_sales, item, date_dim, item, store_sale...        1,381    (skipped)        —     ⬜ skip       44,699    1,740,059            1
    catalog_sales,item, store_sales, item, date_d...   57,597,967    (skipped)        —     ⬜ skip       44,699  287,989,836   41,694,763
                              catalog_sales,date_dim    4,052,118    (skipped)        —     ⬜ skip        1,990  287,989,836           28
                                  catalog_sales,item  309,257,749    (skipped)        —     ⬜ skip       44,699  287,989,836       48,000
    catalog_sales,item,item, store_sales, item, d...   61,851,549    (skipped)        —     ⬜ skip       44,699  287,989,836       48,000
                         catalog_sales,item,date_dim    4,351,365    (skipped)        —     ⬜ skip       44,699  287,989,836       48,000
    catalog_sales,date_dim,item, store_sales, ite...      810,423    (skipped)        —     ⬜ skip       44,699  287,989,836           28
                         catalog_sales,item,date_dim    4,351,365    (skipped)        —     ⬜ skip       44,699  287,989,836       48,000
    catalog_sales,date_dim,item, store_sales, ite...      810,423    (skipped)        —     ⬜ skip       44,699  287,989,836           28
    catalog_sales,item,item, store_sales, item, d...   61,851,549    (skipped)        —     ⬜ skip       44,699  287,989,836       48,000
    catalog_sales,item,date_dim,item, store_sales...      870,273    (skipped)        —     ⬜ skip       44,699  287,989,836       48,000
    catalog_sales,item,date_dim,item, store_sales...      870,273    (skipped)        —     ⬜ skip       44,699  287,989,836       48,000
    catalog_sales,item,date_dim,item, store_sales...      870,273    (skipped)        —     ⬜ skip       44,699  287,989,836       48,000
    catalog_sales, item, date_dim, item, store_sa...          690    (skipped)        —     ⬜ skip       44,699      870,194            1
    web_sales,item, store_sales, item, date_dim, ...   28,800,533    (skipped)        —     ⬜ skip       44,699  144,002,668   41,694,763
                                  web_sales,date_dim    2,026,168    (skipped)        —     ⬜ skip        1,990  144,002,668           28
                                      web_sales,item  154,637,196    (skipped)        —     ⬜ skip       44,699  144,002,668       48,000
    web_sales,item,item, store_sales, item, date_...   30,927,439    (skipped)        —     ⬜ skip       44,699  144,002,668       48,000
                             web_sales,item,date_dim    2,175,799    (skipped)        —     ⬜ skip       44,699  144,002,668       48,000
    web_sales,date_dim,item, store_sales, item, d...      405,233    (skipped)        —     ⬜ skip       44,699  144,002,668           28
                             web_sales,item,date_dim    2,175,799    (skipped)        —     ⬜ skip       44,699  144,002,668       48,000
    web_sales,date_dim,item, store_sales, item, d...      405,233    (skipped)        —     ⬜ skip       44,699  144,002,668           28
    web_sales,item,item, store_sales, item, date_...   30,927,439    (skipped)        —     ⬜ skip       44,699  144,002,668       48,000
    web_sales,item,date_dim,item, store_sales, it...      435,159    (skipped)        —     ⬜ skip       44,699  144,002,668       48,000
    web_sales,item,date_dim,item, store_sales, it...      435,159    (skipped)        —     ⬜ skip       44,699  144,002,668       48,000
    web_sales,item,date_dim,item, store_sales, it...      435,159    (skipped)        —     ⬜ skip       44,699  144,002,668       48,000
    web_sales, item, date_dim, item, store_sales,...          345    (skipped)        —     ⬜ skip       44,699      435,139            1

  Plan: baseline=b4a93f858fff  oracle=b4a93f858fff  changed=NO

============================================================
  Query 15
============================================================
  Phase 0: Baseline run (no injection)
  Baseline plan fingerprint: e02c374fb725
  Phase 1: EXPLAIN (dry-run)
  (cleared cardinality_log for strict RelSets-SQL pass isolation)
  10 log entries, 10 multi-table joins, 5 with SQL_COUNT_QUERY.
  Phase 2: Computing oracle cardinalities (10 subqueries)...
  Computed 2 oracle cardinalities in 0.2s.
  Skipped: 8 total (timeouts=0, sql_errors=0, cte=0, single=0, no_sql=0, not_injectable=8, ambiguous_relset_sql=0)
  Phase 3: Injecting 2 oracle cardinalities.
  Phase 4: Running query with oracle injection
  Phase 5: Verification (2 injected, 26 non-injected)
    V1 OK: 2 injected values match oracle.
    V2 OK: All 2 oracle keys in log.
    V3 INFO: 2 oracle keys NOT injected (plan divergence).
    V4 OK.
    V5 OK: No RelSets-SQL ambiguity skips.
  Phase 5b: V6 profile est vs actual (injected multi-table joins only (matched by leaf scan tables), symmetric rel err > 1.00% → ALARM)
    V6: 2 injected multi-table join(s); 1 table multiset(s) appear on more than one line — disambiguating with (tables + est≈injected_cardinality, tol=1.00% rel).
    V6 OK: all injected-join profile nodes within 1.00% est vs actual (where both present).

                                              Tables    Estimated       Oracle    Ratio   Injected     tdom_hll      Input_L      Input_R
  ----------------------------------------------------------------------------------------------------------------------------------
                           customer,customer_address    1,307,001    (skipped)        —     ⬜ skip      979,341    1,600,000      800,000
                              catalog_sales,date_dim   13,169,384    (skipped)        —     ⬜ skip        1,990  287,989,836           91
                              catalog_sales,customer  313,976,278    (skipped)        —     ⬜ skip    1,467,575  287,989,836    1,600,000
             catalog_sales,customer,customer_address  256,479,635    (skipped)        —     ⬜ skip    1,467,575  287,989,836    1,600,000
                     catalog_sales,customer,date_dim   14,357,709    8,238,651     0.57      ✅ YES    1,467,575  287,989,836    1,600,000
             catalog_sales,customer,customer_address  256,479,635    (skipped)        —     ⬜ skip    1,467,575  287,989,836    1,600,000
                     catalog_sales,customer,date_dim   14,357,709    8,238,651     0.57      ✅ YES    1,467,575  287,989,836    1,600,000
    catalog_sales,customer,customer_address,date_dim   11,728,465    (skipped)        —     ⬜ skip    1,467,575  287,989,836    1,600,000
    catalog_sales,customer,customer_address,date_dim   11,728,465    (skipped)        —     ⬜ skip    1,467,575  287,989,836    1,600,000
    catalog_sales,customer,customer_address,date_dim   11,728,465    (skipped)        —     ⬜ skip    1,467,575  287,989,836    1,600,000

  Plan: baseline=e02c374fb725  oracle=e02c374fb725  changed=NO

============================================================
  Query 16
============================================================
  Phase 0: Baseline run (no injection)
  Baseline plan fingerprint: 4dccdb67bc15
  Phase 1: EXPLAIN (dry-run)
  (cleared cardinality_log for strict RelSets-SQL pass isolation)
  14 log entries, 14 multi-table joins, 12 with SQL_COUNT_QUERY.
  Phase 2: Computing oracle cardinalities (14 subqueries)...
  Computed 9 oracle cardinalities in 1.5s.
  Skipped: 5 total (timeouts=0, sql_errors=0, cte=0, single=0, no_sql=0, not_injectable=5, ambiguous_relset_sql=0)
  Phase 3: Injecting 9 oracle cardinalities.
  Phase 4: Running query with oracle injection
  Phase 5: Verification (9 injected, 79 non-injected)
    V1 OK: 9 injected values match oracle.
    V2 OK: All 9 oracle keys in log.
    V3 INFO: 9 oracle keys NOT injected (plan divergence).
    V4 OK.
    V5 OK: No RelSets-SQL ambiguity skips.
  Phase 5b: V6 profile est vs actual (injected multi-table joins only (matched by leaf scan tables), symmetric rel err > 1.00% → ALARM)
    V6: 9 injected multi-table join(s); 4 table multiset(s) appear on more than one line — disambiguating with (tables + est≈injected_cardinality, tol=1.00% rel).
    V6 OK: all injected-join profile nodes within 1.00% est vs actual (where both present).

                                              Tables    Estimated       Oracle    Ratio   Injected     tdom_hll      Input_L      Input_R
  ----------------------------------------------------------------------------------------------------------------------------------
                           catalog_sales,call_center   95,996,612    (skipped)        —     ⬜ skip            9  287,989,836            3
                      catalog_sales,customer_address    5,015,282    (skipped)        —     ⬜ skip      835,267  287,989,836       14,546
                              catalog_sales,date_dim    8,373,393    (skipped)        —     ⬜ skip        2,098  287,989,836           61
                  catalog_sales,date_dim,call_center    2,791,131    3,952,051     1.42      ✅ YES        2,098  287,989,836           61
             catalog_sales,date_dim,customer_address      145,820      487,603     3.34      ✅ YES      835,267  287,989,836           61
          catalog_sales,customer_address,call_center    1,671,760    5,630,629     3.37      ✅ YES      835,267  287,989,836       14,546
             catalog_sales,date_dim,customer_address      145,820      487,603     3.34      ✅ YES      835,267  287,989,836           61
          catalog_sales,customer_address,call_center    1,671,760    5,630,629     3.37      ✅ YES      835,267  287,989,836       14,546
                  catalog_sales,date_dim,call_center    2,791,131    3,952,051     1.42      ✅ YES        2,098  287,989,836           61
    catalog_sales,date_dim,customer_address,call_...       48,606      195,690     4.03      ✅ YES      835,267  287,989,836           61
    catalog_sales,date_dim,customer_address,call_...       48,606      195,690     4.03      ✅ YES      835,267  287,989,836           61
    catalog_sales,date_dim,customer_address,call_...       48,606      195,690     4.03      ✅ YES      835,267  287,989,836           61
    catalog_sales,catalog_sales, date_dim, custom...      786,360    (skipped)        —     ⬜ skip    8,896,130  287,989,836       48,582
    catalog_returns,catalog_sales, date_dim, cust...       21,900    (skipped)        —     ⬜ skip   12,777,219   28,803,658        9,715

  Plan: baseline=4dccdb67bc15  oracle=4dccdb67bc15  changed=NO

============================================================
  Query 17
============================================================
  Phase 0: Baseline run (no injection)
  Baseline plan fingerprint: 2c64bea4920f
  Phase 1: EXPLAIN (dry-run)
  (cleared cardinality_log for strict RelSets-SQL pass isolation)
  380 log entries, 380 multi-table joins, 380 with SQL_COUNT_QUERY.
  Phase 2: Computing oracle cardinalities (380 subqueries)...
    ... computed 20/380 subqueries
    ... computed 40/380 subqueries
    ... computed 60/380 subqueries
    ... computed 80/380 subqueries
    ... computed 100/380 subqueries
    ... computed 120/380 subqueries
    ... computed 140/380 subqueries
    ... computed 160/380 subqueries
    ... computed 180/380 subqueries
    ... computed 200/380 subqueries
    ... computed 220/380 subqueries
    ... computed 240/380 subqueries
    ... computed 260/380 subqueries
    ... computed 280/380 subqueries
    ... computed 300/380 subqueries
    ... computed 320/380 subqueries
    ... computed 340/380 subqueries
    ... computed 360/380 subqueries
  Computed 368 oracle cardinalities in 3180.5s.
  Skipped: 12 total (timeouts=2, sql_errors=0, cte=0, single=0, no_sql=0, not_injectable=10, ambiguous_relset_sql=0)
  2 subqueries timed out (>180s) → using regular estimation.
  Phase 3: Injecting 368 oracle cardinalities.
  Phase 4: Running query with oracle injection
  Phase 5: Verification (368 injected, 26893 non-injected)
    V1 OK: 368 injected values match oracle.
    V2 OK: All 368 oracle keys in log.
    V3 INFO: 665 oracle keys NOT injected (plan divergence).
    V4 OK.
    V5 OK: No RelSets-SQL ambiguity skips.
  Phase 5b: V6 profile est vs actual (injected multi-table joins only (matched by leaf scan tables), symmetric rel err > 1.00% → ALARM)
    V6: 368 injected multi-table join(s); 30 table multiset(s) appear on more than one line — disambiguating with (tables + est≈injected_cardinality, tol=1.00% rel).
    V6 OK: all injected-join profile nodes within 1.00% est vs actual (where both present).

                                              Tables    Estimated       Oracle    Ratio   Injected     tdom_hll      Input_L      Input_R
  ----------------------------------------------------------------------------------------------------------------------------------
                                  catalog_sales,item  309,257,749    (skipped)        —     ⬜ skip       44,699  287,989,836       48,000
                              catalog_sales,date_dim   57,594,813    (skipped)        —     ⬜ skip       73,049  287,989,836       14,609
                         catalog_sales,date_dim,item   61,848,162   31,827,187     0.51      ✅ YES       73,049  287,989,836       14,609
                         catalog_sales,date_dim,item   61,848,162   31,827,187     0.51      ✅ YES       73,049  287,989,836       14,609
                                  store_returns,item   61,843,336    (skipped)        —     ⬜ skip       44,699   57,590,319       48,000
                              store_returns,date_dim   11,517,433    (skipped)        —     ⬜ skip       73,049   57,590,319       14,609
                         store_returns,catalog_sales 5,560,735,186    (skipped)        —     ⬜ skip    1,491,298   57,590,319  287,989,836
                store_returns,catalog_sales,date_dim 1,112,086,138       27,810     0.00      ✅ YES    1,491,298   57,590,319  287,989,836 ⚠️
                    store_returns,catalog_sales,item 5,971,392,848      259,872     0.00      ✅ YES    1,491,298   57,590,319  287,989,836 ⚠️
           store_returns,catalog_sales,date_dim,item 1,194,213,173       27,810     0.00      ✅ YES    1,491,298   57,590,319  287,989,836 ⚠️
                    store_returns,catalog_sales,item 5,971,392,848      259,872     0.00      ✅ YES    1,491,298   57,590,319  287,989,836 ⚠️
                store_returns,catalog_sales,date_dim 1,112,086,138       27,810     0.00      ✅ YES    1,491,298   57,590,319  287,989,836 ⚠️
                store_returns,catalog_sales,date_dim 1,112,086,138       38,090     0.00      ✅ YES    1,491,298   57,590,319  287,989,836 ⚠️
                         store_returns,date_dim,item   12,367,990    8,108,817     0.66      ✅ YES       73,049   57,590,319       14,609
                store_returns,catalog_sales,date_dim 1,112,086,138       38,090     0.00      ✅ YES    1,491,298   57,590,319  287,989,836 ⚠️
       store_returns,catalog_sales,date_dim,date_dim  222,405,048        5,326     0.00      ✅ YES    1,491,298   57,590,319  287,989,836 ⚠️
           store_returns,catalog_sales,date_dim,item 1,194,213,173       38,090     0.00      ✅ YES    1,491,298   57,590,319  287,989,836 ⚠️
    store_returns,catalog_sales,date_dim,date_dim...  238,829,556        5,326     0.00      ✅ YES    1,491,298   57,590,319  287,989,836 ⚠️
                         store_returns,date_dim,item   12,367,990    8,108,817     0.66      ✅ YES       73,049   57,590,319       14,609
                    store_returns,catalog_sales,item 5,971,392,848      259,872     0.00      ✅ YES    1,491,298   57,590,319  287,989,836 ⚠️
           store_returns,catalog_sales,date_dim,item 1,194,213,173       27,810     0.00      ✅ YES    1,491,298   57,590,319  287,989,836 ⚠️
           store_returns,catalog_sales,date_dim,item 1,194,213,173       38,090     0.00      ✅ YES    1,491,298   57,590,319  287,989,836 ⚠️
       store_returns,catalog_sales,date_dim,date_dim  222,405,048        5,326     0.00      ✅ YES    1,491,298   57,590,319  287,989,836 ⚠️
           store_returns,catalog_sales,date_dim,item 1,194,213,173       27,810     0.00      ✅ YES    1,491,298   57,590,319  287,989,836 ⚠️
           store_returns,catalog_sales,date_dim,item 1,194,213,173       38,090     0.00      ✅ YES    1,491,298   57,590,319  287,989,836 ⚠️
           store_returns,catalog_sales,date_dim,item 1,194,213,173       38,090     0.00      ✅ YES    1,491,298   57,590,319  287,989,836 ⚠️
    store_returns,catalog_sales,date_dim,date_dim...  238,829,556        5,326     0.00      ✅ YES    1,491,298   57,590,319  287,989,836 ⚠️
    store_returns,catalog_sales,date_dim,date_dim...  238,829,556        5,326     0.00      ✅ YES    1,491,298   57,590,319  287,989,836 ⚠️
           store_returns,catalog_sales,date_dim,item 1,194,213,173       27,810     0.00      ✅ YES    1,491,298   57,590,319  287,989,836 ⚠️
       store_returns,catalog_sales,date_dim,date_dim  222,405,048        5,326     0.00      ✅ YES    1,491,298   57,590,319  287,989,836 ⚠️
    store_returns,catalog_sales,date_dim,date_dim...  238,829,556        5,326     0.00      ✅ YES    1,491,298   57,590,319  287,989,836 ⚠️
    store_returns,catalog_sales,date_dim,date_dim...  238,829,556        5,326     0.00      ✅ YES    1,491,298   57,590,319  287,989,836 ⚠️
                                    store_sales,item  618,532,640    (skipped)        —     ⬜ skip       44,699  575,995,635       48,000
                                   store_sales,store  575,995,635    (skipped)        —     ⬜ skip          212  575,995,635          212
                                store_sales,date_dim  203,479,865    (skipped)        —     ⬜ skip        1,990  575,995,635          703
                           store_sales,catalog_sales 55,616,278,054    (skipped)        —     ⬜ skip    1,491,298  575,995,635  287,989,836
                  store_sales,catalog_sales,date_dim 11,122,646,526      273,069     0.00      ✅ YES    1,491,298  575,995,635  287,989,836 ⚠️
                      store_sales,catalog_sales,item 59,723,513,873    (skipped)        —     ⬜ skip    1,491,298  575,995,635  287,989,836
             store_sales,catalog_sales,date_dim,item 11,944,048,709      273,069     0.00      ✅ YES    1,491,298  575,995,635  287,989,836 ⚠️
                           store_sales,store_returns  825,919,251    (skipped)        —     ⬜ skip   13,387,819  575,995,635   57,590,319
             store_sales,store_returns,catalog_sales 159,496,190,517      195,299     0.00      ✅ YES   13,387,819  575,995,635   57,590,319 ⚠️
                  store_sales,store_returns,date_dim  247,762,207    6,007,165     0.02      ✅ YES   13,387,819  575,995,635   57,590,319 ⚠️
                      store_sales,store_returns,item 1,330,369,496   41,930,157     0.03      ✅ YES   13,387,819  575,995,635   57,590,319 ⚠️
    store_sales,store_returns,catalog_sales,date_dim 47,846,237,058       28,685     0.00      ✅ YES   13,387,819  575,995,635   57,590,319 ⚠️
        store_sales,store_returns,catalog_sales,item 256,912,363,078      195,299     0.00      ✅ YES   13,387,819  575,995,635   57,590,319 ⚠️
             store_sales,store_returns,date_dim,item  266,059,329    6,007,165     0.02      ✅ YES   13,387,819  575,995,635   57,590,319 ⚠️
    store_sales,store_returns,catalog_sales,date_... 51,379,659,026       28,685     0.00      ✅ YES   13,387,819  575,995,635   57,590,319 ⚠️
    store_sales,store_returns,catalog_sales,date_dim 47,846,237,058       20,878     0.00      ✅ YES   13,387,819  575,995,635   57,590,319 ⚠️
    store_sales,store_returns,catalog_sales,date_... 9,568,723,421        4,032     0.00      ✅ YES   13,387,819  575,995,635   57,590,319 ⚠️
    store_sales,store_returns,catalog_sales,date_... 51,379,659,026       20,878     0.00      ✅ YES   13,387,819  575,995,635   57,590,319 ⚠️
    store_sales,store_returns,catalog_sales,date_... 10,275,369,118        4,032     0.00      ✅ YES   13,387,819  575,995,635   57,590,319 ⚠️
                      store_sales,store_returns,item 1,330,369,496   41,930,157     0.03      ✅ YES   13,387,819  575,995,635   57,590,319 ⚠️
                     store_sales,store_returns,store 2,477,757,755   40,942,185     0.02      ✅ YES   13,387,819  575,995,635   57,590,319 ⚠️
                  store_sales,store_returns,date_dim  247,762,207    6,007,165     0.02      ✅ YES   13,387,819  575,995,635   57,590,319 ⚠️
                  store_sales,store_returns,date_dim  875,308,393    1,197,725     0.00      ✅ YES   13,387,819  575,995,635   57,590,319 ⚠️
             store_sales,store_returns,catalog_sales 159,496,190,517      195,299     0.00      ✅ YES   13,387,819  575,995,635   57,590,319 ⚠️
    store_sales,store_returns,catalog_sales,date_dim 47,846,237,058       20,878     0.00      ✅ YES   13,387,819  575,995,635   57,590,319 ⚠️
        store_sales,store_returns,catalog_sales,item 256,912,363,078      195,299     0.00      ✅ YES   13,387,819  575,995,635   57,590,319 ⚠️
    store_sales,store_returns,catalog_sales,date_... 51,379,659,026       20,878     0.00      ✅ YES   13,387,819  575,995,635   57,590,319 ⚠️
                      store_sales,catalog_sales,item 59,723,513,873    (skipped)        —     ⬜ skip    1,491,298  575,995,635  287,989,836
                     store_sales,catalog_sales,store 111,232,556,109    2,506,892     0.00      ✅ YES    1,491,298  575,995,635  287,989,836 ⚠️
                  store_sales,catalog_sales,date_dim 11,122,646,526      273,069     0.00      ✅ YES    1,491,298  575,995,635  287,989,836 ⚠️
                  store_sales,catalog_sales,date_dim 39,294,717,057       70,116     0.00      ✅ YES    1,491,298  575,995,635  287,989,836 ⚠️
             store_sales,store_returns,catalog_sales 159,496,190,517      195,299     0.00      ✅ YES   13,387,819  575,995,635   57,590,319 ⚠️
    store_sales,store_returns,catalog_sales,date_dim 47,846,237,058       28,685     0.00      ✅ YES   13,387,819  575,995,635   57,590,319 ⚠️
        store_sales,store_returns,catalog_sales,item 256,912,363,078      195,299     0.00      ✅ YES   13,387,819  575,995,635   57,590,319 ⚠️
    store_sales,store_returns,catalog_sales,date_... 51,379,659,026       28,685     0.00      ✅ YES   13,387,819  575,995,635   57,590,319 ⚠️
                           store_sales,date_dim,item  218,506,756   16,102,078     0.07      ✅ YES       44,699  575,995,635          703
                          store_sales,date_dim,store  203,479,865   15,722,449     0.08      ✅ YES        1,990  575,995,635          703
                  store_sales,catalog_sales,date_dim 39,294,717,057       70,116     0.00      ✅ YES    1,491,298  575,995,635  287,989,836 ⚠️
         store_sales,catalog_sales,date_dim,date_dim 7,858,513,073       12,945     0.00      ✅ YES    1,491,298  575,995,635  287,989,836 ⚠️
             store_sales,catalog_sales,date_dim,item 42,196,613,319       70,116     0.00      ✅ YES    1,491,298  575,995,635  287,989,836 ⚠️
    store_sales,catalog_sales,date_dim,date_dim,item 8,438,860,545       12,945     0.00      ✅ YES    1,491,298  575,995,635  287,989,836 ⚠️
                  store_sales,store_returns,date_dim  875,308,393    1,197,725     0.00      ✅ YES   13,387,819  575,995,635   57,590,319 ⚠️
    store_sales,store_returns,catalog_sales,date_dim 169,033,902,412        5,316     0.00      ✅ YES   13,387,819  575,995,635   57,590,319 ⚠️
         store_sales,store_returns,date_dim,date_dim  175,052,092    1,176,237     0.01      ✅ YES   13,387,819  575,995,635   57,590,319 ⚠️
             store_sales,store_returns,date_dim,item  939,949,503    1,197,725     0.00      ✅ YES   13,387,819  575,995,635   57,590,319 ⚠️
    store_sales,store_returns,catalog_sales,date_... 33,804,929,298        5,215     0.00      ✅ YES   13,387,819  575,995,635   57,590,319 ⚠️
    store_sales,store_returns,catalog_sales,date_... 181,516,976,124        5,316     0.00      ✅ YES   13,387,819  575,995,635   57,590,319 ⚠️
    store_sales,store_returns,date_dim,date_dim,item  187,979,606    1,176,237     0.01      ✅ YES   13,387,819  575,995,635   57,590,319 ⚠️
    store_sales,store_returns,catalog_sales,date_... 36,301,407,332        5,215     0.00      ✅ YES   13,387,819  575,995,635   57,590,319 ⚠️
    store_sales,store_returns,catalog_sales,date_... 33,804,929,298          978     0.00      ✅ YES   13,387,819  575,995,635   57,590,319 ⚠️
    store_sales,store_returns,catalog_sales,date_... 6,760,615,643          958     0.00      ✅ YES   13,387,819  575,995,635   57,590,319 ⚠️
    store_sales,store_returns,catalog_sales,date_... 36,301,407,332          978     0.00      ✅ YES   13,387,819  575,995,635   57,590,319 ⚠️
    store_sales,store_returns,catalog_sales,date_... 7,259,883,909          958     0.00      ✅ YES   13,387,819  575,995,635   57,590,319 ⚠️
                              store_sales,store,item  618,532,640  550,084,061     0.89      ✅ YES       44,699  575,995,635          212
                          store_sales,date_dim,store  203,479,865   15,722,449     0.08      ✅ YES        1,990  575,995,635          703
                     store_sales,catalog_sales,store 111,232,556,109    2,506,892     0.00      ✅ YES    1,491,298  575,995,635  287,989,836 ⚠️
            store_sales,catalog_sales,date_dim,store 22,245,293,052      266,710     0.00      ✅ YES    1,491,298  575,995,635  287,989,836 ⚠️
                store_sales,catalog_sales,store,item 119,447,027,746    2,506,892     0.00      ✅ YES    1,491,298  575,995,635  287,989,836 ⚠️
       store_sales,catalog_sales,date_dim,store,item 23,888,097,418      266,710     0.00      ✅ YES    1,491,298  575,995,635  287,989,836 ⚠️
                     store_sales,store_returns,store 2,477,757,755   40,942,185     0.02      ✅ YES   13,387,819  575,995,635   57,590,319 ⚠️
       store_sales,store_returns,catalog_sales,store 478,488,571,552      190,605     0.00      ✅ YES   13,387,819  575,995,635   57,590,319 ⚠️
            store_sales,store_returns,date_dim,store  495,524,415    5,865,940     0.01      ✅ YES   13,387,819  575,995,635   57,590,319 ⚠️
                store_sales,store_returns,store,item 2,660,738,993   40,942,185     0.02      ✅ YES   13,387,819  575,995,635   57,590,319 ⚠️
    store_sales,store_returns,catalog_sales,date_... 95,692,474,117       27,985     0.00      ✅ YES   13,387,819  575,995,635   57,590,319 ⚠️
    store_sales,store_returns,catalog_sales,store... 513,824,726,157      190,605     0.00      ✅ YES   13,387,819  575,995,635   57,590,319 ⚠️
       store_sales,store_returns,date_dim,store,item  532,118,659    5,865,940     0.01      ✅ YES   13,387,819  575,995,635   57,590,319 ⚠️
    store_sales,store_returns,catalog_sales,date_... 102,759,318,052       27,985     0.00      ✅ YES   13,387,819  575,995,635   57,590,319 ⚠️
    store_sales,store_returns,catalog_sales,date_... 95,692,474,117       20,386     0.00      ✅ YES   13,387,819  575,995,635   57,590,319 ⚠️
    store_sales,store_returns,catalog_sales,date_... 19,137,446,842        3,945     0.00      ✅ YES   13,387,819  575,995,635   57,590,319 ⚠️
    store_sales,store_returns,catalog_sales,date_... 102,759,318,052       20,386     0.00      ✅ YES   13,387,819  575,995,635   57,590,319 ⚠️
    store_sales,store_returns,catalog_sales,date_... 20,550,738,236        3,945     0.00      ✅ YES   13,387,819  575,995,635   57,590,319 ⚠️
                              store_sales,store,item  618,532,640  550,084,061     0.89      ✅ YES       44,699  575,995,635          212
                           store_sales,date_dim,item  218,506,756   16,102,078     0.07      ✅ YES       44,699  575,995,635          703
                      store_sales,catalog_sales,item 59,723,513,873    2,567,341     0.00      ✅ YES    1,491,298  575,995,635  287,989,836 ⚠️
             store_sales,catalog_sales,date_dim,item 11,944,048,709      273,069     0.00      ✅ YES    1,491,298  575,995,635  287,989,836 ⚠️
                      store_sales,store_returns,item 1,330,369,496   41,930,157     0.03      ✅ YES   13,387,819  575,995,635   57,590,319 ⚠️
        store_sales,store_returns,catalog_sales,item 256,912,363,078      195,299     0.00      ✅ YES   13,387,819  575,995,635   57,590,319 ⚠️
             store_sales,store_returns,date_dim,item  266,059,329    6,007,165     0.02      ✅ YES   13,387,819  575,995,635   57,590,319 ⚠️
    store_sales,store_returns,catalog_sales,date_... 51,379,659,026       28,685     0.00      ✅ YES   13,387,819  575,995,635   57,590,319 ⚠️
    store_sales,store_returns,catalog_sales,date_... 51,379,659,026       20,878     0.00      ✅ YES   13,387,819  575,995,635   57,590,319 ⚠️
    store_sales,store_returns,catalog_sales,date_... 10,275,369,118        4,032     0.00      ✅ YES   13,387,819  575,995,635   57,590,319 ⚠️
        store_sales,store_returns,catalog_sales,item 256,912,363,078      195,299     0.00      ✅ YES   13,387,819  575,995,635   57,590,319 ⚠️
       store_sales,store_returns,catalog_sales,store 478,488,571,552      190,605     0.00      ✅ YES   13,387,819  575,995,635   57,590,319 ⚠️
    store_sales,store_returns,catalog_sales,date_dim 47,846,237,058       20,878     0.00      ✅ YES   13,387,819  575,995,635   57,590,319 ⚠️
    store_sales,store_returns,catalog_sales,date_dim 47,846,237,058       28,685     0.00      ✅ YES   13,387,819  575,995,635   57,590,319 ⚠️
    store_sales,store_returns,catalog_sales,date_dim 169,033,902,412        5,316     0.00      ✅ YES   13,387,819  575,995,635   57,590,319 ⚠️
             store_sales,store_returns,date_dim,item  939,949,503    1,197,725     0.00      ✅ YES   13,387,819  575,995,635   57,590,319 ⚠️
            store_sales,store_returns,date_dim,store  875,308,393    1,183,118     0.00      ✅ YES   13,387,819  575,995,635   57,590,319 ⚠️
         store_sales,store_returns,date_dim,date_dim  175,052,092    1,176,237     0.01      ✅ YES   13,387,819  575,995,635   57,590,319 ⚠️
    store_sales,store_returns,catalog_sales,date_dim 169,033,902,412        5,316     0.00      ✅ YES   13,387,819  575,995,635   57,590,319 ⚠️
    store_sales,store_returns,catalog_sales,date_... 33,804,929,298          978     0.00      ✅ YES   13,387,819  575,995,635   57,590,319 ⚠️
    store_sales,store_returns,catalog_sales,date_... 181,516,976,124        5,316     0.00      ✅ YES   13,387,819  575,995,635   57,590,319 ⚠️
    store_sales,store_returns,catalog_sales,date_... 36,301,407,332          978     0.00      ✅ YES   13,387,819  575,995,635   57,590,319 ⚠️
                store_sales,store_returns,store,item 2,660,738,993   40,942,185     0.02      ✅ YES   13,387,819  575,995,635   57,590,319 ⚠️
            store_sales,store_returns,date_dim,store  495,524,415    5,865,940     0.01      ✅ YES   13,387,819  575,995,635   57,590,319 ⚠️
            store_sales,store_returns,date_dim,store  875,308,393    1,183,118     0.00      ✅ YES   13,387,819  575,995,635   57,590,319 ⚠️
       store_sales,store_returns,catalog_sales,store 478,488,571,552      190,605     0.00      ✅ YES   13,387,819  575,995,635   57,590,319 ⚠️
    store_sales,store_returns,catalog_sales,date_... 95,692,474,117       20,386     0.00      ✅ YES   13,387,819  575,995,635   57,590,319 ⚠️
    store_sales,store_returns,catalog_sales,store... 513,824,726,157      190,605     0.00      ✅ YES   13,387,819  575,995,635   57,590,319 ⚠️
    store_sales,store_returns,catalog_sales,date_... 102,759,318,052       20,386     0.00      ✅ YES   13,387,819  575,995,635   57,590,319 ⚠️
                store_sales,store_returns,store,item 2,660,738,993   40,942,185     0.02      ✅ YES   13,387,819  575,995,635   57,590,319 ⚠️
             store_sales,store_returns,date_dim,item  266,059,329    6,007,165     0.02      ✅ YES   13,387,819  575,995,635   57,590,319 ⚠️
             store_sales,store_returns,date_dim,item  939,949,503    1,197,725     0.00      ✅ YES   13,387,819  575,995,635   57,590,319 ⚠️
        store_sales,store_returns,catalog_sales,item 256,912,363,078      195,299     0.00      ✅ YES   13,387,819  575,995,635   57,590,319 ⚠️
    store_sales,store_returns,catalog_sales,date_... 51,379,659,026       20,878     0.00      ✅ YES   13,387,819  575,995,635   57,590,319 ⚠️
             store_sales,catalog_sales,date_dim,item 42,196,613,319       70,116     0.00      ✅ YES    1,491,298  575,995,635  287,989,836 ⚠️
            store_sales,catalog_sales,date_dim,store 39,294,717,057       69,270     0.00      ✅ YES    1,491,298  575,995,635  287,989,836 ⚠️
         store_sales,catalog_sales,date_dim,date_dim 7,858,513,073       12,945     0.00      ✅ YES    1,491,298  575,995,635  287,989,836 ⚠️
    store_sales,store_returns,catalog_sales,date_dim 169,033,902,412        5,316     0.00      ✅ YES   13,387,819  575,995,635   57,590,319 ⚠️
    store_sales,store_returns,catalog_sales,date_... 33,804,929,298        5,215     0.00      ✅ YES   13,387,819  575,995,635   57,590,319 ⚠️
    store_sales,store_returns,catalog_sales,date_... 181,516,976,124        5,316     0.00      ✅ YES   13,387,819  575,995,635   57,590,319 ⚠️
    store_sales,store_returns,catalog_sales,date_... 36,301,407,332        5,215     0.00      ✅ YES   13,387,819  575,995,635   57,590,319 ⚠️
                store_sales,catalog_sales,store,item 119,447,027,746    2,506,892     0.00      ✅ YES    1,491,298  575,995,635  287,989,836 ⚠️
            store_sales,catalog_sales,date_dim,store 22,245,293,052      266,710     0.00      ✅ YES    1,491,298  575,995,635  287,989,836 ⚠️
            store_sales,catalog_sales,date_dim,store 39,294,717,057       69,270     0.00      ✅ YES    1,491,298  575,995,635  287,989,836 ⚠️
       store_sales,store_returns,catalog_sales,store 478,488,571,552      190,605     0.00      ✅ YES   13,387,819  575,995,635   57,590,319 ⚠️
    store_sales,store_returns,catalog_sales,date_... 95,692,474,117       27,985     0.00      ✅ YES   13,387,819  575,995,635   57,590,319 ⚠️
    store_sales,store_returns,catalog_sales,store... 513,824,726,157      190,605     0.00      ✅ YES   13,387,819  575,995,635   57,590,319 ⚠️
    store_sales,store_returns,catalog_sales,date_... 102,759,318,052       27,985     0.00      ✅ YES   13,387,819  575,995,635   57,590,319 ⚠️
                store_sales,catalog_sales,store,item 119,447,027,746    2,506,892     0.00      ✅ YES    1,491,298  575,995,635  287,989,836 ⚠️
             store_sales,catalog_sales,date_dim,item 11,944,048,709      273,069     0.00      ✅ YES    1,491,298  575,995,635  287,989,836 ⚠️
             store_sales,catalog_sales,date_dim,item 42,196,613,319       70,116     0.00      ✅ YES    1,491,298  575,995,635  287,989,836 ⚠️
        store_sales,store_returns,catalog_sales,item 256,912,363,078      195,299     0.00      ✅ YES   13,387,819  575,995,635   57,590,319 ⚠️
    store_sales,store_returns,catalog_sales,date_... 51,379,659,026       28,685     0.00      ✅ YES   13,387,819  575,995,635   57,590,319 ⚠️
                     store_sales,date_dim,store,item  218,506,756   15,722,449     0.07      ✅ YES       44,699  575,995,635          703
            store_sales,catalog_sales,date_dim,store 39,294,717,057       69,270     0.00      ✅ YES    1,491,298  575,995,635  287,989,836 ⚠️
    store_sales,catalog_sales,date_dim,date_dim,s... 7,858,513,073       12,787     0.00      ✅ YES    1,491,298  575,995,635  287,989,836 ⚠️
       store_sales,catalog_sales,date_dim,store,item 42,196,613,319       69,270     0.00      ✅ YES    1,491,298  575,995,635  287,989,836 ⚠️
    store_sales,catalog_sales,date_dim,date_dim,s... 8,438,860,545       12,787     0.00      ✅ YES    1,491,298  575,995,635  287,989,836 ⚠️
            store_sales,store_returns,date_dim,store  875,308,393    1,183,118     0.00      ✅ YES   13,387,819  575,995,635   57,590,319 ⚠️
    store_sales,store_returns,catalog_sales,date_... 169,033,902,412        5,245     0.00      ✅ YES   13,387,819  575,995,635   57,590,319 ⚠️
    store_sales,store_returns,date_dim,date_dim,s...  175,052,092    1,161,893     0.01      ✅ YES   13,387,819  575,995,635   57,590,319 ⚠️
       store_sales,store_returns,date_dim,store,item  939,949,503    1,183,118     0.00      ✅ YES   13,387,819  575,995,635   57,590,319 ⚠️
    store_sales,store_returns,catalog_sales,date_... 33,804,929,298        5,145     0.00      ✅ YES   13,387,819  575,995,635   57,590,319 ⚠️
    store_sales,store_returns,catalog_sales,date_... 181,516,976,124        5,245     0.00      ✅ YES   13,387,819  575,995,635   57,590,319 ⚠️
    store_sales,store_returns,date_dim,date_dim,s...  187,979,606    1,161,893     0.01      ✅ YES   13,387,819  575,995,635   57,590,319 ⚠️
    store_sales,store_returns,catalog_sales,date_... 36,301,407,332        5,145     0.00      ✅ YES   13,387,819  575,995,635   57,590,319 ⚠️
    store_sales,store_returns,catalog_sales,date_... 33,804,929,298          971     0.00      ✅ YES   13,387,819  575,995,635   57,590,319 ⚠️
    store_sales,store_returns,catalog_sales,date_... 6,760,615,643          952     0.00      ✅ YES   13,387,819  575,995,635   57,590,319 ⚠️
    store_sales,store_returns,catalog_sales,date_... 36,301,407,332          971     0.00      ✅ YES   13,387,819  575,995,635   57,590,319 ⚠️
    store_sales,store_returns,catalog_sales,date_... 7,259,883,909          952     0.00      ✅ YES   13,387,819  575,995,635   57,590,319 ⚠️
                     store_sales,date_dim,store,item  218,506,756   15,722,449     0.07      ✅ YES       44,699  575,995,635          703
             store_sales,catalog_sales,date_dim,item 42,196,613,319       70,116     0.00      ✅ YES    1,491,298  575,995,635  287,989,836 ⚠️
    store_sales,catalog_sales,date_dim,date_dim,item 8,438,860,545       12,945     0.00      ✅ YES    1,491,298  575,995,635  287,989,836 ⚠️
             store_sales,store_returns,date_dim,item  939,949,503    1,197,725     0.00      ✅ YES   13,387,819  575,995,635   57,590,319 ⚠️
    store_sales,store_returns,catalog_sales,date_... 181,516,976,124        5,316     0.00      ✅ YES   13,387,819  575,995,635   57,590,319 ⚠️
    store_sales,store_returns,date_dim,date_dim,item  187,979,606    1,176,237     0.01      ✅ YES   13,387,819  575,995,635   57,590,319 ⚠️
    store_sales,store_returns,catalog_sales,date_... 36,301,407,332        5,215     0.00      ✅ YES   13,387,819  575,995,635   57,590,319 ⚠️
    store_sales,store_returns,catalog_sales,date_... 36,301,407,332          978     0.00      ✅ YES   13,387,819  575,995,635   57,590,319 ⚠️
    store_sales,store_returns,catalog_sales,date_... 7,259,883,909          958     0.00      ✅ YES   13,387,819  575,995,635   57,590,319 ⚠️
                     store_sales,date_dim,store,item  218,506,756   15,722,449     0.07      ✅ YES       44,699  575,995,635          703
                store_sales,catalog_sales,store,item 119,447,027,746    2,506,892     0.00      ✅ YES    1,491,298  575,995,635  287,989,836 ⚠️
       store_sales,catalog_sales,date_dim,store,item 23,888,097,418      266,710     0.00      ✅ YES    1,491,298  575,995,635  287,989,836 ⚠️
                store_sales,store_returns,store,item 2,660,738,993   40,942,185     0.02      ✅ YES   13,387,819  575,995,635   57,590,319 ⚠️
    store_sales,store_returns,catalog_sales,store... 513,824,726,157      190,605     0.00      ✅ YES   13,387,819  575,995,635   57,590,319 ⚠️
       store_sales,store_returns,date_dim,store,item  532,118,659    5,865,940     0.01      ✅ YES   13,387,819  575,995,635   57,590,319 ⚠️
    store_sales,store_returns,catalog_sales,date_... 102,759,318,052       27,985     0.00      ✅ YES   13,387,819  575,995,635   57,590,319 ⚠️
    store_sales,store_returns,catalog_sales,date_... 102,759,318,052       20,386     0.00      ✅ YES   13,387,819  575,995,635   57,590,319 ⚠️
    store_sales,store_returns,catalog_sales,date_... 20,550,738,236        3,945     0.00      ✅ YES   13,387,819  575,995,635   57,590,319 ⚠️
    store_sales,store_returns,catalog_sales,date_... 181,516,976,124        5,316     0.00      ✅ YES   13,387,819  575,995,635   57,590,319 ⚠️
    store_sales,store_returns,catalog_sales,date_... 169,033,902,412        5,245     0.00      ✅ YES   13,387,819  575,995,635   57,590,319 ⚠️
    store_sales,store_returns,catalog_sales,date_... 33,804,929,298          978     0.00      ✅ YES   13,387,819  575,995,635   57,590,319 ⚠️
    store_sales,store_returns,catalog_sales,date_... 33,804,929,298        5,215     0.00      ✅ YES   13,387,819  575,995,635   57,590,319 ⚠️
    store_sales,store_returns,catalog_sales,store... 513,824,726,157      190,605     0.00      ✅ YES   13,387,819  575,995,635   57,590,319 ⚠️
    store_sales,store_returns,catalog_sales,date_... 95,692,474,117       20,386     0.00      ✅ YES   13,387,819  575,995,635   57,590,319 ⚠️
    store_sales,store_returns,catalog_sales,date_... 95,692,474,117       27,985     0.00      ✅ YES   13,387,819  575,995,635   57,590,319 ⚠️
    store_sales,store_returns,catalog_sales,date_... 169,033,902,412        5,245     0.00      ✅ YES   13,387,819  575,995,635   57,590,319 ⚠️
    store_sales,store_returns,catalog_sales,store... 513,824,726,157      190,605     0.00      ✅ YES   13,387,819  575,995,635   57,590,319 ⚠️
    store_sales,store_returns,catalog_sales,date_... 51,379,659,026       20,878     0.00      ✅ YES   13,387,819  575,995,635   57,590,319 ⚠️
    store_sales,store_returns,catalog_sales,date_... 51,379,659,026       28,685     0.00      ✅ YES   13,387,819  575,995,635   57,590,319 ⚠️
    store_sales,store_returns,catalog_sales,date_... 181,516,976,124        5,316     0.00      ✅ YES   13,387,819  575,995,635   57,590,319 ⚠️
       store_sales,store_returns,date_dim,store,item  939,949,503    1,183,118     0.00      ✅ YES   13,387,819  575,995,635   57,590,319 ⚠️
    store_sales,store_returns,date_dim,date_dim,s...  175,052,092    1,161,893     0.01      ✅ YES   13,387,819  575,995,635   57,590,319 ⚠️
    store_sales,store_returns,catalog_sales,date_... 169,033,902,412        5,245     0.00      ✅ YES   13,387,819  575,995,635   57,590,319 ⚠️
    store_sales,store_returns,catalog_sales,date_... 33,804,929,298          971     0.00      ✅ YES   13,387,819  575,995,635   57,590,319 ⚠️
    store_sales,store_returns,catalog_sales,date_... 181,516,976,124        5,245     0.00      ✅ YES   13,387,819  575,995,635   57,590,319 ⚠️
    store_sales,store_returns,catalog_sales,date_... 36,301,407,332          971     0.00      ✅ YES   13,387,819  575,995,635   57,590,319 ⚠️
       store_sales,store_returns,date_dim,store,item  939,949,503    1,183,118     0.00      ✅ YES   13,387,819  575,995,635   57,590,319 ⚠️
    store_sales,store_returns,date_dim,date_dim,item  187,979,606    1,176,237     0.01      ✅ YES   13,387,819  575,995,635   57,590,319 ⚠️
    store_sales,store_returns,catalog_sales,date_... 181,516,976,124        5,316     0.00      ✅ YES   13,387,819  575,995,635   57,590,319 ⚠️
    store_sales,store_returns,catalog_sales,date_... 36,301,407,332          978     0.00      ✅ YES   13,387,819  575,995,635   57,590,319 ⚠️
       store_sales,store_returns,date_dim,store,item  532,118,659    5,865,940     0.01      ✅ YES   13,387,819  575,995,635   57,590,319 ⚠️
       store_sales,store_returns,date_dim,store,item  939,949,503    1,183,118     0.00      ✅ YES   13,387,819  575,995,635   57,590,319 ⚠️
    store_sales,store_returns,catalog_sales,store... 513,824,726,157      190,605     0.00      ✅ YES   13,387,819  575,995,635   57,590,319 ⚠️
    store_sales,store_returns,catalog_sales,date_... 102,759,318,052       20,386     0.00      ✅ YES   13,387,819  575,995,635   57,590,319 ⚠️
       store_sales,catalog_sales,date_dim,store,item 42,196,613,319       69,270     0.00      ✅ YES    1,491,298  575,995,635  287,989,836 ⚠️
    store_sales,catalog_sales,date_dim,date_dim,s... 7,858,513,073       12,787     0.00      ✅ YES    1,491,298  575,995,635  287,989,836 ⚠️
    store_sales,store_returns,catalog_sales,date_... 169,033,902,412        5,245     0.00      ✅ YES   13,387,819  575,995,635   57,590,319 ⚠️
    store_sales,store_returns,catalog_sales,date_... 33,804,929,298        5,145     0.00      ✅ YES   13,387,819  575,995,635   57,590,319 ⚠️
    store_sales,store_returns,catalog_sales,date_... 181,516,976,124        5,245     0.00      ✅ YES   13,387,819  575,995,635   57,590,319 ⚠️
    store_sales,store_returns,catalog_sales,date_... 36,301,407,332        5,145     0.00      ✅ YES   13,387,819  575,995,635   57,590,319 ⚠️
       store_sales,catalog_sales,date_dim,store,item 42,196,613,319       69,270     0.00      ✅ YES    1,491,298  575,995,635  287,989,836 ⚠️
    store_sales,catalog_sales,date_dim,date_dim,item 8,438,860,545       12,945     0.00      ✅ YES    1,491,298  575,995,635  287,989,836 ⚠️
    store_sales,store_returns,catalog_sales,date_... 181,516,976,124        5,316     0.00      ✅ YES   13,387,819  575,995,635   57,590,319 ⚠️
    store_sales,store_returns,catalog_sales,date_... 36,301,407,332        5,215     0.00      ✅ YES   13,387,819  575,995,635   57,590,319 ⚠️
       store_sales,catalog_sales,date_dim,store,item 23,888,097,418      266,710     0.00      ✅ YES    1,491,298  575,995,635  287,989,836 ⚠️
       store_sales,catalog_sales,date_dim,store,item 42,196,613,319       69,270     0.00      ✅ YES    1,491,298  575,995,635  287,989,836 ⚠️
    store_sales,store_returns,catalog_sales,store... 513,824,726,157      190,605     0.00      ✅ YES   13,387,819  575,995,635   57,590,319 ⚠️
    store_sales,store_returns,catalog_sales,date_... 102,759,318,052       27,985     0.00      ✅ YES   13,387,819  575,995,635   57,590,319 ⚠️
       store_sales,catalog_sales,date_dim,store,item 42,196,613,319       69,270     0.00      ✅ YES    1,491,298  575,995,635  287,989,836 ⚠️
    store_sales,catalog_sales,date_dim,date_dim,s... 8,438,860,545       12,787     0.00      ✅ YES    1,491,298  575,995,635  287,989,836 ⚠️
       store_sales,store_returns,date_dim,store,item  939,949,503    1,183,118     0.00      ✅ YES   13,387,819  575,995,635   57,590,319 ⚠️
    store_sales,store_returns,catalog_sales,date_... 181,516,976,124        5,245     0.00      ✅ YES   13,387,819  575,995,635   57,590,319 ⚠️
    store_sales,store_returns,date_dim,date_dim,s...  187,979,606    1,161,893     0.01      ✅ YES   13,387,819  575,995,635   57,590,319 ⚠️
    store_sales,store_returns,catalog_sales,date_... 36,301,407,332        5,145     0.00      ✅ YES   13,387,819  575,995,635   57,590,319 ⚠️
    store_sales,store_returns,catalog_sales,date_... 36,301,407,332          971     0.00      ✅ YES   13,387,819  575,995,635   57,590,319 ⚠️
    store_sales,store_returns,catalog_sales,date_... 7,259,883,909          952     0.00      ✅ YES   13,387,819  575,995,635   57,590,319 ⚠️
    store_sales,store_returns,catalog_sales,date_... 181,516,976,124        5,245     0.00      ✅ YES   13,387,819  575,995,635   57,590,319 ⚠️
    store_sales,store_returns,catalog_sales,date_... 33,804,929,298          971     0.00      ✅ YES   13,387,819  575,995,635   57,590,319 ⚠️
    store_sales,store_returns,catalog_sales,date_... 33,804,929,298        5,145     0.00      ✅ YES   13,387,819  575,995,635   57,590,319 ⚠️
    store_sales,store_returns,catalog_sales,date_... 181,516,976,124        5,245     0.00      ✅ YES   13,387,819  575,995,635   57,590,319 ⚠️
    store_sales,store_returns,catalog_sales,date_... 36,301,407,332          978     0.00      ✅ YES   13,387,819  575,995,635   57,590,319 ⚠️
    store_sales,store_returns,catalog_sales,date_... 36,301,407,332        5,215     0.00      ✅ YES   13,387,819  575,995,635   57,590,319 ⚠️
    store_sales,store_returns,catalog_sales,date_... 102,759,318,052       20,386     0.00      ✅ YES   13,387,819  575,995,635   57,590,319 ⚠️
    store_sales,store_returns,catalog_sales,date_... 102,759,318,052       27,985     0.00      ✅ YES   13,387,819  575,995,635   57,590,319 ⚠️
    store_sales,store_returns,catalog_sales,date_... 181,516,976,124        5,245     0.00      ✅ YES   13,387,819  575,995,635   57,590,319 ⚠️
    store_sales,store_returns,date_dim,date_dim,s...  187,979,606    1,161,893     0.01      ✅ YES   13,387,819  575,995,635   57,590,319 ⚠️
    store_sales,store_returns,catalog_sales,date_... 181,516,976,124        5,245     0.00      ✅ YES   13,387,819  575,995,635   57,590,319 ⚠️
    store_sales,store_returns,catalog_sales,date_... 36,301,407,332          971     0.00      ✅ YES   13,387,819  575,995,635   57,590,319 ⚠️
    store_sales,catalog_sales,date_dim,date_dim,s... 8,438,860,545       12,787     0.00      ✅ YES    1,491,298  575,995,635  287,989,836 ⚠️
    store_sales,store_returns,catalog_sales,date_... 181,516,976,124        5,245     0.00      ✅ YES   13,387,819  575,995,635   57,590,319 ⚠️
    store_sales,store_returns,catalog_sales,date_... 36,301,407,332        5,145     0.00      ✅ YES   13,387,819  575,995,635   57,590,319 ⚠️
    store_sales,store_returns,catalog_sales,date_... 36,301,407,332          971     0.00      ✅ YES   13,387,819  575,995,635   57,590,319 ⚠️
    store_sales,store_returns,catalog_sales,date_... 36,301,407,332        5,145     0.00      ✅ YES   13,387,819  575,995,635   57,590,319 ⚠️
             store_sales,store_returns,date_dim,item  266,059,329    6,007,165     0.02      ✅ YES   13,387,819  575,995,635   57,590,319 ⚠️
            store_sales,store_returns,date_dim,store  495,524,415    5,865,940     0.01      ✅ YES   13,387,819  575,995,635   57,590,319 ⚠️
         store_sales,store_returns,date_dim,date_dim  175,052,092    1,176,237     0.01      ✅ YES   13,387,819  575,995,635   57,590,319 ⚠️
    store_sales,store_returns,catalog_sales,date_dim 47,846,237,058       28,685     0.00      ✅ YES   13,387,819  575,995,635   57,590,319 ⚠️
    store_sales,store_returns,catalog_sales,date_... 9,568,723,421        4,032     0.00      ✅ YES   13,387,819  575,995,635   57,590,319 ⚠️
    store_sales,store_returns,catalog_sales,date_... 51,379,659,026       28,685     0.00      ✅ YES   13,387,819  575,995,635   57,590,319 ⚠️
    store_sales,store_returns,catalog_sales,date_... 10,275,369,118        4,032     0.00      ✅ YES   13,387,819  575,995,635   57,590,319 ⚠️
             store_sales,catalog_sales,date_dim,item 11,944,048,709      273,069     0.00      ✅ YES    1,491,298  575,995,635  287,989,836 ⚠️
            store_sales,catalog_sales,date_dim,store 22,245,293,052      266,710     0.00      ✅ YES    1,491,298  575,995,635  287,989,836 ⚠️
         store_sales,catalog_sales,date_dim,date_dim 7,858,513,073       12,945     0.00      ✅ YES    1,491,298  575,995,635  287,989,836 ⚠️
    store_sales,store_returns,catalog_sales,date_dim 47,846,237,058       20,878     0.00      ✅ YES   13,387,819  575,995,635   57,590,319 ⚠️
    store_sales,store_returns,catalog_sales,date_... 9,568,723,421        4,032     0.00      ✅ YES   13,387,819  575,995,635   57,590,319 ⚠️
    store_sales,store_returns,catalog_sales,date_... 51,379,659,026       20,878     0.00      ✅ YES   13,387,819  575,995,635   57,590,319 ⚠️
    store_sales,store_returns,catalog_sales,date_... 10,275,369,118        4,032     0.00      ✅ YES   13,387,819  575,995,635   57,590,319 ⚠️
    store_sales,store_returns,catalog_sales,date_... 51,379,659,026       28,685     0.00      ✅ YES   13,387,819  575,995,635   57,590,319 ⚠️
    store_sales,store_returns,catalog_sales,date_... 95,692,474,117       27,985     0.00      ✅ YES   13,387,819  575,995,635   57,590,319 ⚠️
    store_sales,store_returns,catalog_sales,date_... 9,568,723,421        4,032     0.00      ✅ YES   13,387,819  575,995,635   57,590,319 ⚠️
    store_sales,store_returns,catalog_sales,date_... 33,804,929,298        5,215     0.00      ✅ YES   13,387,819  575,995,635   57,590,319 ⚠️
    store_sales,store_returns,catalog_sales,date_... 51,379,659,026       20,878     0.00      ✅ YES   13,387,819  575,995,635   57,590,319 ⚠️
    store_sales,store_returns,catalog_sales,date_... 95,692,474,117       20,386     0.00      ✅ YES   13,387,819  575,995,635   57,590,319 ⚠️
    store_sales,store_returns,catalog_sales,date_... 9,568,723,421        4,032     0.00      ✅ YES   13,387,819  575,995,635   57,590,319 ⚠️
    store_sales,store_returns,catalog_sales,date_... 33,804,929,298          978     0.00      ✅ YES   13,387,819  575,995,635   57,590,319 ⚠️
    store_sales,store_returns,catalog_sales,date_... 10,275,369,118        4,032     0.00      ✅ YES   13,387,819  575,995,635   57,590,319 ⚠️
    store_sales,store_returns,catalog_sales,date_... 19,137,446,842        3,945     0.00      ✅ YES   13,387,819  575,995,635   57,590,319 ⚠️
    store_sales,store_returns,catalog_sales,date_... 6,760,615,643          958     0.00      ✅ YES   13,387,819  575,995,635   57,590,319 ⚠️
    store_sales,store_returns,date_dim,date_dim,item  187,979,606    1,176,237     0.01      ✅ YES   13,387,819  575,995,635   57,590,319 ⚠️
    store_sales,store_returns,date_dim,date_dim,s...  175,052,092    1,161,893     0.01      ✅ YES   13,387,819  575,995,635   57,590,319 ⚠️
    store_sales,store_returns,catalog_sales,date_... 33,804,929,298        5,215     0.00      ✅ YES   13,387,819  575,995,635   57,590,319 ⚠️
    store_sales,store_returns,catalog_sales,date_... 6,760,615,643          958     0.00      ✅ YES   13,387,819  575,995,635   57,590,319 ⚠️
    store_sales,store_returns,catalog_sales,date_... 36,301,407,332        5,215     0.00      ✅ YES   13,387,819  575,995,635   57,590,319 ⚠️
    store_sales,store_returns,catalog_sales,date_... 7,259,883,909          958     0.00      ✅ YES   13,387,819  575,995,635   57,590,319 ⚠️
       store_sales,store_returns,date_dim,store,item  532,118,659    5,865,940     0.01      ✅ YES   13,387,819  575,995,635   57,590,319 ⚠️
    store_sales,store_returns,date_dim,date_dim,s...  175,052,092    1,161,893     0.01      ✅ YES   13,387,819  575,995,635   57,590,319 ⚠️
    store_sales,store_returns,catalog_sales,date_... 95,692,474,117       27,985     0.00      ✅ YES   13,387,819  575,995,635   57,590,319 ⚠️
    store_sales,store_returns,catalog_sales,date_... 19,137,446,842        3,945     0.00      ✅ YES   13,387,819  575,995,635   57,590,319 ⚠️
    store_sales,store_returns,catalog_sales,date_... 102,759,318,052       27,985     0.00      ✅ YES   13,387,819  575,995,635   57,590,319 ⚠️
    store_sales,store_returns,catalog_sales,date_... 20,550,738,236        3,945     0.00      ✅ YES   13,387,819  575,995,635   57,590,319 ⚠️
       store_sales,store_returns,date_dim,store,item  532,118,659    5,865,940     0.01      ✅ YES   13,387,819  575,995,635   57,590,319 ⚠️
    store_sales,store_returns,date_dim,date_dim,item  187,979,606    1,176,237     0.01      ✅ YES   13,387,819  575,995,635   57,590,319 ⚠️
    store_sales,store_returns,catalog_sales,date_... 51,379,659,026       28,685     0.00      ✅ YES   13,387,819  575,995,635   57,590,319 ⚠️
    store_sales,store_returns,catalog_sales,date_... 10,275,369,118        4,032     0.00      ✅ YES   13,387,819  575,995,635   57,590,319 ⚠️
    store_sales,catalog_sales,date_dim,date_dim,item 8,438,860,545       12,945     0.00      ✅ YES    1,491,298  575,995,635  287,989,836 ⚠️
    store_sales,catalog_sales,date_dim,date_dim,s... 7,858,513,073       12,787     0.00      ✅ YES    1,491,298  575,995,635  287,989,836 ⚠️
    store_sales,store_returns,catalog_sales,date_... 33,804,929,298          978     0.00      ✅ YES   13,387,819  575,995,635   57,590,319 ⚠️
    store_sales,store_returns,catalog_sales,date_... 6,760,615,643          958     0.00      ✅ YES   13,387,819  575,995,635   57,590,319 ⚠️
    store_sales,store_returns,catalog_sales,date_... 36,301,407,332          978     0.00      ✅ YES   13,387,819  575,995,635   57,590,319 ⚠️
    store_sales,store_returns,catalog_sales,date_... 7,259,883,909          958     0.00      ✅ YES   13,387,819  575,995,635   57,590,319 ⚠️
       store_sales,catalog_sales,date_dim,store,item 23,888,097,418      266,710     0.00      ✅ YES    1,491,298  575,995,635  287,989,836 ⚠️
    store_sales,catalog_sales,date_dim,date_dim,s... 7,858,513,073       12,787     0.00      ✅ YES    1,491,298  575,995,635  287,989,836 ⚠️
    store_sales,store_returns,catalog_sales,date_... 95,692,474,117       20,386     0.00      ✅ YES   13,387,819  575,995,635   57,590,319 ⚠️
    store_sales,store_returns,catalog_sales,date_... 19,137,446,842        3,945     0.00      ✅ YES   13,387,819  575,995,635   57,590,319 ⚠️
    store_sales,store_returns,catalog_sales,date_... 102,759,318,052       20,386     0.00      ✅ YES   13,387,819  575,995,635   57,590,319 ⚠️
    store_sales,store_returns,catalog_sales,date_... 20,550,738,236        3,945     0.00      ✅ YES   13,387,819  575,995,635   57,590,319 ⚠️
       store_sales,catalog_sales,date_dim,store,item 23,888,097,418      266,710     0.00      ✅ YES    1,491,298  575,995,635  287,989,836 ⚠️
    store_sales,catalog_sales,date_dim,date_dim,item 8,438,860,545       12,945     0.00      ✅ YES    1,491,298  575,995,635  287,989,836 ⚠️
    store_sales,store_returns,catalog_sales,date_... 51,379,659,026       20,878     0.00      ✅ YES   13,387,819  575,995,635   57,590,319 ⚠️
    store_sales,store_returns,catalog_sales,date_... 10,275,369,118        4,032     0.00      ✅ YES   13,387,819  575,995,635   57,590,319 ⚠️
    store_sales,store_returns,catalog_sales,date_... 36,301,407,332        5,215     0.00      ✅ YES   13,387,819  575,995,635   57,590,319 ⚠️
    store_sales,store_returns,catalog_sales,date_... 33,804,929,298        5,145     0.00      ✅ YES   13,387,819  575,995,635   57,590,319 ⚠️
    store_sales,store_returns,catalog_sales,date_... 6,760,615,643          958     0.00      ✅ YES   13,387,819  575,995,635   57,590,319 ⚠️
    store_sales,store_returns,catalog_sales,date_... 36,301,407,332          978     0.00      ✅ YES   13,387,819  575,995,635   57,590,319 ⚠️
    store_sales,store_returns,catalog_sales,date_... 33,804,929,298          971     0.00      ✅ YES   13,387,819  575,995,635   57,590,319 ⚠️
    store_sales,store_returns,catalog_sales,date_... 6,760,615,643          958     0.00      ✅ YES   13,387,819  575,995,635   57,590,319 ⚠️
    store_sales,store_returns,catalog_sales,date_... 7,259,883,909          958     0.00      ✅ YES   13,387,819  575,995,635   57,590,319 ⚠️
    store_sales,store_returns,catalog_sales,date_... 6,760,615,643          952     0.00      ✅ YES   13,387,819  575,995,635   57,590,319 ⚠️
    store_sales,store_returns,catalog_sales,date_... 102,759,318,052       27,985     0.00      ✅ YES   13,387,819  575,995,635   57,590,319 ⚠️
    store_sales,store_returns,catalog_sales,date_... 19,137,446,842        3,945     0.00      ✅ YES   13,387,819  575,995,635   57,590,319 ⚠️
    store_sales,store_returns,catalog_sales,date_... 33,804,929,298        5,145     0.00      ✅ YES   13,387,819  575,995,635   57,590,319 ⚠️
    store_sales,store_returns,catalog_sales,date_... 102,759,318,052       20,386     0.00      ✅ YES   13,387,819  575,995,635   57,590,319 ⚠️
    store_sales,store_returns,catalog_sales,date_... 19,137,446,842        3,945     0.00      ✅ YES   13,387,819  575,995,635   57,590,319 ⚠️
    store_sales,store_returns,catalog_sales,date_... 33,804,929,298          971     0.00      ✅ YES   13,387,819  575,995,635   57,590,319 ⚠️
    store_sales,store_returns,catalog_sales,date_... 20,550,738,236        3,945     0.00      ✅ YES   13,387,819  575,995,635   57,590,319 ⚠️
    store_sales,store_returns,catalog_sales,date_... 6,760,615,643          952     0.00      ✅ YES   13,387,819  575,995,635   57,590,319 ⚠️
    store_sales,store_returns,catalog_sales,date_... 102,759,318,052       27,985     0.00      ✅ YES   13,387,819  575,995,635   57,590,319 ⚠️
    store_sales,store_returns,catalog_sales,date_... 10,275,369,118        4,032     0.00      ✅ YES   13,387,819  575,995,635   57,590,319 ⚠️
    store_sales,store_returns,catalog_sales,date_... 36,301,407,332        5,215     0.00      ✅ YES   13,387,819  575,995,635   57,590,319 ⚠️
    store_sales,store_returns,catalog_sales,date_... 102,759,318,052       20,386     0.00      ✅ YES   13,387,819  575,995,635   57,590,319 ⚠️
    store_sales,store_returns,catalog_sales,date_... 10,275,369,118        4,032     0.00      ✅ YES   13,387,819  575,995,635   57,590,319 ⚠️
    store_sales,store_returns,catalog_sales,date_... 36,301,407,332          978     0.00      ✅ YES   13,387,819  575,995,635   57,590,319 ⚠️
    store_sales,store_returns,catalog_sales,date_... 20,550,738,236        3,945     0.00      ✅ YES   13,387,819  575,995,635   57,590,319 ⚠️
    store_sales,store_returns,catalog_sales,date_... 7,259,883,909          958     0.00      ✅ YES   13,387,819  575,995,635   57,590,319 ⚠️
    store_sales,store_returns,date_dim,date_dim,s...  187,979,606    1,161,893     0.01      ✅ YES   13,387,819  575,995,635   57,590,319 ⚠️
    store_sales,store_returns,catalog_sales,date_... 33,804,929,298        5,145     0.00      ✅ YES   13,387,819  575,995,635   57,590,319 ⚠️
    store_sales,store_returns,catalog_sales,date_... 6,760,615,643          952     0.00      ✅ YES   13,387,819  575,995,635   57,590,319 ⚠️
    store_sales,store_returns,catalog_sales,date_... 36,301,407,332        5,145     0.00      ✅ YES   13,387,819  575,995,635   57,590,319 ⚠️
    store_sales,store_returns,catalog_sales,date_... 7,259,883,909          952     0.00      ✅ YES   13,387,819  575,995,635   57,590,319 ⚠️
    store_sales,store_returns,date_dim,date_dim,s...  187,979,606    1,161,893     0.01      ✅ YES   13,387,819  575,995,635   57,590,319 ⚠️
    store_sales,store_returns,catalog_sales,date_... 36,301,407,332        5,215     0.00      ✅ YES   13,387,819  575,995,635   57,590,319 ⚠️
    store_sales,store_returns,catalog_sales,date_... 7,259,883,909          958     0.00      ✅ YES   13,387,819  575,995,635   57,590,319 ⚠️
    store_sales,store_returns,date_dim,date_dim,s...  187,979,606    1,161,893     0.01      ✅ YES   13,387,819  575,995,635   57,590,319 ⚠️
    store_sales,store_returns,catalog_sales,date_... 102,759,318,052       27,985     0.00      ✅ YES   13,387,819  575,995,635   57,590,319 ⚠️
    store_sales,store_returns,catalog_sales,date_... 20,550,738,236        3,945     0.00      ✅ YES   13,387,819  575,995,635   57,590,319 ⚠️
    store_sales,catalog_sales,date_dim,date_dim,s... 8,438,860,545       12,787     0.00      ✅ YES    1,491,298  575,995,635  287,989,836 ⚠️
    store_sales,store_returns,catalog_sales,date_... 33,804,929,298          971     0.00      ✅ YES   13,387,819  575,995,635   57,590,319 ⚠️
    store_sales,store_returns,catalog_sales,date_... 6,760,615,643          952     0.00      ✅ YES   13,387,819  575,995,635   57,590,319 ⚠️
    store_sales,store_returns,catalog_sales,date_... 36,301,407,332          971     0.00      ✅ YES   13,387,819  575,995,635   57,590,319 ⚠️
    store_sales,store_returns,catalog_sales,date_... 7,259,883,909          952     0.00      ✅ YES   13,387,819  575,995,635   57,590,319 ⚠️
    store_sales,catalog_sales,date_dim,date_dim,s... 8,438,860,545       12,787     0.00      ✅ YES    1,491,298  575,995,635  287,989,836 ⚠️
    store_sales,store_returns,catalog_sales,date_... 36,301,407,332          978     0.00      ✅ YES   13,387,819  575,995,635   57,590,319 ⚠️
    store_sales,store_returns,catalog_sales,date_... 7,259,883,909          958     0.00      ✅ YES   13,387,819  575,995,635   57,590,319 ⚠️
    store_sales,catalog_sales,date_dim,date_dim,s... 8,438,860,545       12,787     0.00      ✅ YES    1,491,298  575,995,635  287,989,836 ⚠️
    store_sales,store_returns,catalog_sales,date_... 102,759,318,052       20,386     0.00      ✅ YES   13,387,819  575,995,635   57,590,319 ⚠️
    store_sales,store_returns,catalog_sales,date_... 20,550,738,236        3,945     0.00      ✅ YES   13,387,819  575,995,635   57,590,319 ⚠️
    store_sales,store_returns,catalog_sales,date_... 36,301,407,332        5,145     0.00      ✅ YES   13,387,819  575,995,635   57,590,319 ⚠️
    store_sales,store_returns,catalog_sales,date_... 6,760,615,643          952     0.00      ✅ YES   13,387,819  575,995,635   57,590,319 ⚠️
    store_sales,store_returns,catalog_sales,date_... 36,301,407,332          971     0.00      ✅ YES   13,387,819  575,995,635   57,590,319 ⚠️
    store_sales,store_returns,catalog_sales,date_... 6,760,615,643          952     0.00      ✅ YES   13,387,819  575,995,635   57,590,319 ⚠️
    store_sales,store_returns,catalog_sales,date_... 7,259,883,909          952     0.00      ✅ YES   13,387,819  575,995,635   57,590,319 ⚠️
    store_sales,store_returns,catalog_sales,date_... 36,301,407,332        5,145     0.00      ✅ YES   13,387,819  575,995,635   57,590,319 ⚠️
    store_sales,store_returns,catalog_sales,date_... 7,259,883,909          958     0.00      ✅ YES   13,387,819  575,995,635   57,590,319 ⚠️
    store_sales,store_returns,catalog_sales,date_... 36,301,407,332          971     0.00      ✅ YES   13,387,819  575,995,635   57,590,319 ⚠️
    store_sales,store_returns,catalog_sales,date_... 7,259,883,909          958     0.00      ✅ YES   13,387,819  575,995,635   57,590,319 ⚠️
    store_sales,store_returns,catalog_sales,date_... 7,259,883,909          952     0.00      ✅ YES   13,387,819  575,995,635   57,590,319 ⚠️
    store_sales,store_returns,catalog_sales,date_... 20,550,738,236        3,945     0.00      ✅ YES   13,387,819  575,995,635   57,590,319 ⚠️
    store_sales,store_returns,catalog_sales,date_... 36,301,407,332        5,145     0.00      ✅ YES   13,387,819  575,995,635   57,590,319 ⚠️
    store_sales,store_returns,catalog_sales,date_... 20,550,738,236        3,945     0.00      ✅ YES   13,387,819  575,995,635   57,590,319 ⚠️
    store_sales,store_returns,catalog_sales,date_... 36,301,407,332          971     0.00      ✅ YES   13,387,819  575,995,635   57,590,319 ⚠️
    store_sales,store_returns,catalog_sales,date_... 7,259,883,909          952     0.00      ✅ YES   13,387,819  575,995,635   57,590,319 ⚠️
    store_sales,store_returns,catalog_sales,date_... 36,301,407,332        5,145     0.00      ✅ YES   13,387,819  575,995,635   57,590,319 ⚠️
    store_sales,store_returns,catalog_sales,date_... 7,259,883,909          952     0.00      ✅ YES   13,387,819  575,995,635   57,590,319 ⚠️
    store_sales,store_returns,catalog_sales,date_... 36,301,407,332          971     0.00      ✅ YES   13,387,819  575,995,635   57,590,319 ⚠️
    store_sales,store_returns,catalog_sales,date_... 7,259,883,909          952     0.00      ✅ YES   13,387,819  575,995,635   57,590,319 ⚠️
    store_sales,store_returns,catalog_sales,date_... 7,259,883,909          952     0.00      ✅ YES   13,387,819  575,995,635   57,590,319 ⚠️
    store_sales,store_returns,catalog_sales,date_... 7,259,883,909          952     0.00      ✅ YES   13,387,819  575,995,635   57,590,319 ⚠️

  Plan: baseline=2c64bea4920f  oracle=8ea79b4dbf51  changed=YES

  Phase 6: Verifying Performance
  Measuring baseline plan... (5 runs)
  Measuring oracle plan... (5 runs)
  Baseline: fastest=4.421s, mean=4.538s
  Oracle:   fastest=3.288s, mean=3.341s
  [IMPROVEMENT] Oracle plan is faster (or equal)! Fastest diff: -1.133s, Mean diff: -1.197s ✅

============================================================
  Query 18
============================================================
  Phase 0: Baseline run (no injection)
  Baseline plan fingerprint: fe90b3a2c2b2
  Phase 1: EXPLAIN (dry-run)
  (cleared cardinality_log for strict RelSets-SQL pass isolation)
  128 log entries, 128 multi-table joins, 0 with SQL_COUNT_QUERY.
  Phase 2: Computing oracle cardinalities (128 subqueries)...
  Computed 0 oracle cardinalities in 0.0s.
  Skipped: 128 total (timeouts=0, sql_errors=0, cte=0, single=0, no_sql=0, not_injectable=128, ambiguous_relset_sql=0)
  [NOTE] High partial-injection risk detected, but proceeding with oracle injection as requested.
  Phase 3: Injecting 0 oracle cardinalities.
  Phase 4: Running query with oracle injection
  Phase 5: Verification (0 injected, 256 non-injected)
    V1 OK: 0 injected values match oracle.
    V2 OK: All 0 oracle keys in log.
    V3 OK: All oracle keys were injected.
    V4 OK.
    V5 OK: No RelSets-SQL ambiguity skips.
  Phase 5b: V6 profile est vs actual (injected multi-table joins only (matched by leaf scan tables), symmetric rel err > 1.00% → ALARM)
    V6: no injected multi-table joins in log — skipping est vs actual (nothing to match against physical joins).

                                              Tables    Estimated       Oracle    Ratio   Injected     tdom_hll      Input_L      Input_R
  ----------------------------------------------------------------------------------------------------------------------------------
                           customer,customer_address       52,280    (skipped)        —     ⬜ skip      979,341      320,000      160,000
                      customer_demographics,customer      320,000    (skipped)        —     ⬜ skip    1,920,800    1,920,800      320,000
     customer_demographics,customer,customer_address       52,280    (skipped)        —     ⬜ skip    1,920,800    1,920,800      320,000
     customer_demographics,customer,customer_address       52,280    (skipped)        —     ⬜ skip    1,920,800    1,920,800      320,000
                                  catalog_sales,item  309,257,749    (skipped)        —     ⬜ skip       44,699  287,989,836       48,000
                              catalog_sales,date_dim   52,677,537    (skipped)        —     ⬜ skip        1,990  287,989,836          364
                              catalog_sales,customer   62,795,255    (skipped)        —     ⬜ skip    1,467,575  287,989,836      320,000
        catalog_sales,customer_demographics,customer   62,795,255    (skipped)        —     ⬜ skip    1,920,800  287,989,836    1,920,800
             catalog_sales,customer,customer_address   10,259,185    (skipped)        —     ⬜ skip    1,467,575  287,989,836      320,000
    catalog_sales,customer_demographics,customer,...   10,259,185    (skipped)        —     ⬜ skip    1,920,800  287,989,836    1,920,800
                 catalog_sales,customer_demographics   21,754,037    (skipped)        —     ⬜ skip    1,816,316  287,989,836      137,200
            catalog_sales,customer_demographics,item   23,360,562    (skipped)        —     ⬜ skip    1,816,316  287,989,836      137,200
        catalog_sales,customer_demographics,date_dim    3,979,130    (skipped)        —     ⬜ skip    1,816,316  287,989,836      137,200
        catalog_sales,customer_demographics,customer    4,743,397    (skipped)        —     ⬜ skip    1,816,316  287,989,836      137,200
    catalog_sales,customer_demographics,customer_...    4,743,397    (skipped)        —     ⬜ skip    1,920,800  287,989,836      137,200
    catalog_sales,customer_demographics,customer,...      774,953    (skipped)        —     ⬜ skip    1,816,316  287,989,836      137,200
    catalog_sales,customer_demographics,customer_...      774,953    (skipped)        —     ⬜ skip    1,920,800  287,989,836      137,200
                         catalog_sales,customer,item   67,432,655    (skipped)        —     ⬜ skip    1,467,575  287,989,836      320,000
                     catalog_sales,customer,date_dim   11,486,167    (skipped)        —     ⬜ skip    1,467,575  287,989,836      320,000
             catalog_sales,customer,customer_address   10,259,185    (skipped)        —     ⬜ skip    1,467,575  287,989,836      320,000
        catalog_sales,customer_demographics,customer   62,795,255    (skipped)        —     ⬜ skip    1,920,800  287,989,836    1,920,800
        catalog_sales,customer_demographics,customer    4,743,397    (skipped)        —     ⬜ skip    1,816,316  287,989,836      137,200
                         catalog_sales,date_dim,item   56,567,749    (skipped)        —     ⬜ skip       44,699  287,989,836          364
                     catalog_sales,customer,date_dim   11,486,167    (skipped)        —     ⬜ skip    1,467,575  287,989,836      320,000
    catalog_sales,customer_demographics,customer,...   11,486,167    (skipped)        —     ⬜ skip    1,920,800  287,989,836    1,920,800
    catalog_sales,customer,customer_address,date_dim    1,876,554    (skipped)        —     ⬜ skip    1,467,575  287,989,836      320,000
    catalog_sales,customer_demographics,customer,...    1,876,554    (skipped)        —     ⬜ skip    1,920,800  287,989,836    1,920,800
        catalog_sales,customer_demographics,date_dim    3,979,130    (skipped)        —     ⬜ skip    1,816,316  287,989,836      137,200
                         catalog_sales,date_dim,item   56,567,749    (skipped)        —     ⬜ skip       44,699  287,989,836          364
                         catalog_sales,customer,item   67,432,655    (skipped)        —     ⬜ skip    1,467,575  287,989,836      320,000
    catalog_sales,customer_demographics,customer,...   67,432,655    (skipped)        —     ⬜ skip    1,920,800  287,989,836    1,920,800
        catalog_sales,customer,customer_address,item   11,016,821    (skipped)        —     ⬜ skip    1,467,575  287,989,836      320,000
    catalog_sales,customer_demographics,customer,...   11,016,821    (skipped)        —     ⬜ skip    1,920,800  287,989,836    1,920,800
            catalog_sales,customer_demographics,item   23,360,562    (skipped)        —     ⬜ skip    1,816,316  287,989,836      137,200
    catalog_sales,customer_demographics,customer,...    5,093,695    (skipped)        —     ⬜ skip    1,816,316  287,989,836      137,200
    catalog_sales,customer_demographics,customer,...      867,636    (skipped)        —     ⬜ skip    1,816,316  287,989,836      137,200
    catalog_sales,customer_demographics,customer,...      774,953    (skipped)        —     ⬜ skip    1,816,316  287,989,836      137,200
    catalog_sales,customer_demographics,customer_...    4,743,397    (skipped)        —     ⬜ skip    1,920,800  287,989,836      137,200
    catalog_sales,customer_demographics,date_dim,...    4,272,987    (skipped)        —     ⬜ skip    1,816,316  287,989,836      137,200
    catalog_sales,customer_demographics,customer,...      867,636    (skipped)        —     ⬜ skip    1,816,316  287,989,836      137,200
    catalog_sales,customer_demographics,customer_...      867,636    (skipped)        —     ⬜ skip    1,920,800  287,989,836      137,200
    catalog_sales,customer_demographics,customer,...      141,750    (skipped)        —     ⬜ skip    1,816,316  287,989,836      137,200
    catalog_sales,customer_demographics,customer_...      141,750    (skipped)        —     ⬜ skip    1,920,800  287,989,836      137,200
    catalog_sales,customer_demographics,date_dim,...    4,272,987    (skipped)        —     ⬜ skip    1,816,316  287,989,836      137,200
    catalog_sales,customer_demographics,customer,...    5,093,695    (skipped)        —     ⬜ skip    1,816,316  287,989,836      137,200
    catalog_sales,customer_demographics,customer_...    5,093,695    (skipped)        —     ⬜ skip    1,920,800  287,989,836      137,200
    catalog_sales,customer_demographics,customer,...      832,183    (skipped)        —     ⬜ skip    1,816,316  287,989,836      137,200
    catalog_sales,customer_demographics,customer_...      832,183    (skipped)        —     ⬜ skip    1,920,800  287,989,836      137,200
                catalog_sales,customer,date_dim,item   12,334,415    (skipped)        —     ⬜ skip    1,467,575  287,989,836      320,000
    catalog_sales,customer,customer_address,date_dim    1,876,554    (skipped)        —     ⬜ skip    1,467,575  287,989,836      320,000
    catalog_sales,customer_demographics,customer,...   11,486,167    (skipped)        —     ⬜ skip    1,920,800  287,989,836    1,920,800
    catalog_sales,customer_demographics,customer,...      867,636    (skipped)        —     ⬜ skip    1,816,316  287,989,836      137,200
                catalog_sales,customer,date_dim,item   12,334,415    (skipped)        —     ⬜ skip    1,467,575  287,989,836      320,000
        catalog_sales,customer,customer_address,item   11,016,821    (skipped)        —     ⬜ skip    1,467,575  287,989,836      320,000
    catalog_sales,customer_demographics,customer,...   67,432,655    (skipped)        —     ⬜ skip    1,920,800  287,989,836    1,920,800
    catalog_sales,customer_demographics,customer,...    5,093,695    (skipped)        —     ⬜ skip    1,816,316  287,989,836      137,200
                catalog_sales,customer,date_dim,item   12,334,415    (skipped)        —     ⬜ skip    1,467,575  287,989,836      320,000
    catalog_sales,customer_demographics,customer,...   12,334,415    (skipped)        —     ⬜ skip    1,920,800  287,989,836    1,920,800
    catalog_sales,customer,customer_address,date_...    2,015,137    (skipped)        —     ⬜ skip    1,467,575  287,989,836      320,000
    catalog_sales,customer_demographics,customer,...    2,015,137    (skipped)        —     ⬜ skip    1,920,800  287,989,836    1,920,800
    catalog_sales,customer_demographics,date_dim,...    4,272,987    (skipped)        —     ⬜ skip    1,816,316  287,989,836      137,200
    catalog_sales,customer_demographics,customer,...      931,711    (skipped)        —     ⬜ skip    1,816,316  287,989,836      137,200
    catalog_sales,customer_demographics,customer,...      141,750    (skipped)        —     ⬜ skip    1,816,316  287,989,836      137,200
    catalog_sales,customer_demographics,customer_...      867,636    (skipped)        —     ⬜ skip    1,920,800  287,989,836      137,200
    catalog_sales,customer_demographics,customer,...      931,711    (skipped)        —     ⬜ skip    1,816,316  287,989,836      137,200
    catalog_sales,customer_demographics,customer,...      832,183    (skipped)        —     ⬜ skip    1,816,316  287,989,836      137,200
    catalog_sales,customer_demographics,customer_...    5,093,695    (skipped)        —     ⬜ skip    1,920,800  287,989,836      137,200
    catalog_sales,customer_demographics,customer,...      931,711    (skipped)        —     ⬜ skip    1,816,316  287,989,836      137,200
    catalog_sales,customer_demographics,customer_...      931,711    (skipped)        —     ⬜ skip    1,920,800  287,989,836      137,200
    catalog_sales,customer_demographics,customer,...      152,218    (skipped)        —     ⬜ skip    1,816,316  287,989,836      137,200
    catalog_sales,customer_demographics,customer_...      152,218    (skipped)        —     ⬜ skip    1,920,800  287,989,836      137,200
    catalog_sales,customer,customer_address,date_...    2,015,137    (skipped)        —     ⬜ skip    1,467,575  287,989,836      320,000
    catalog_sales,customer_demographics,customer,...   12,334,415    (skipped)        —     ⬜ skip    1,920,800  287,989,836    1,920,800
    catalog_sales,customer_demographics,customer,...      931,711    (skipped)        —     ⬜ skip    1,816,316  287,989,836      137,200
    catalog_sales,customer_demographics,customer,...      152,218    (skipped)        —     ⬜ skip    1,816,316  287,989,836      137,200
    catalog_sales,customer_demographics,customer_...      931,711    (skipped)        —     ⬜ skip    1,920,800  287,989,836      137,200
    catalog_sales,customer_demographics,customer,...   67,432,655    (skipped)        —     ⬜ skip    1,920,800  287,989,836    1,920,800
    catalog_sales,customer_demographics,customer,...   11,486,167    (skipped)        —     ⬜ skip    1,920,800  287,989,836    1,920,800
    catalog_sales,customer_demographics,customer,...   10,259,185    (skipped)        —     ⬜ skip    1,920,800  287,989,836    1,920,800
    catalog_sales,customer_demographics,customer_...    4,743,397    (skipped)        —     ⬜ skip    1,920,800  287,989,836      137,200
        catalog_sales,customer,customer_address,item   11,016,821    (skipped)        —     ⬜ skip    1,467,575  287,989,836      320,000
    catalog_sales,customer,customer_address,date_dim    1,876,554    (skipped)        —     ⬜ skip    1,467,575  287,989,836      320,000
    catalog_sales,customer_demographics,customer,...   10,259,185    (skipped)        —     ⬜ skip    1,920,800  287,989,836    1,920,800
    catalog_sales,customer_demographics,customer,...      774,953    (skipped)        —     ⬜ skip    1,816,316  287,989,836      137,200
    catalog_sales,customer_demographics,customer,...   11,016,821    (skipped)        —     ⬜ skip    1,920,800  287,989,836    1,920,800
    catalog_sales,customer_demographics,customer,...    1,876,554    (skipped)        —     ⬜ skip    1,920,800  287,989,836    1,920,800
    catalog_sales,customer_demographics,customer_...      774,953    (skipped)        —     ⬜ skip    1,920,800  287,989,836      137,200
    catalog_sales,customer_demographics,customer_...    5,093,695    (skipped)        —     ⬜ skip    1,920,800  287,989,836      137,200
    catalog_sales,customer_demographics,customer_...      867,636    (skipped)        —     ⬜ skip    1,920,800  287,989,836      137,200
    catalog_sales,customer_demographics,customer_...      774,953    (skipped)        —     ⬜ skip    1,920,800  287,989,836      137,200
    catalog_sales,customer_demographics,customer,...      832,183    (skipped)        —     ⬜ skip    1,816,316  287,989,836      137,200
    catalog_sales,customer_demographics,customer,...      141,750    (skipped)        —     ⬜ skip    1,816,316  287,989,836      137,200
    catalog_sales,customer_demographics,customer_...      774,953    (skipped)        —     ⬜ skip    1,920,800  287,989,836      137,200
    catalog_sales,customer_demographics,customer_...      832,183    (skipped)        —     ⬜ skip    1,920,800  287,989,836      137,200
    catalog_sales,customer_demographics,customer_...      141,750    (skipped)        —     ⬜ skip    1,920,800  287,989,836      137,200
    catalog_sales,customer_demographics,customer,...   12,334,415    (skipped)        —     ⬜ skip    1,920,800  287,989,836    1,920,800
    catalog_sales,customer_demographics,customer,...    1,876,554    (skipped)        —     ⬜ skip    1,920,800  287,989,836    1,920,800
    catalog_sales,customer_demographics,customer_...      867,636    (skipped)        —     ⬜ skip    1,920,800  287,989,836      137,200
    catalog_sales,customer,customer_address,date_...    2,015,137    (skipped)        —     ⬜ skip    1,467,575  287,989,836      320,000
    catalog_sales,customer_demographics,customer,...    1,876,554    (skipped)        —     ⬜ skip    1,920,800  287,989,836    1,920,800
    catalog_sales,customer_demographics,customer,...      141,750    (skipped)        —     ⬜ skip    1,816,316  287,989,836      137,200
    catalog_sales,customer_demographics,customer,...    2,015,137    (skipped)        —     ⬜ skip    1,920,800  287,989,836    1,920,800
    catalog_sales,customer_demographics,customer_...      141,750    (skipped)        —     ⬜ skip    1,920,800  287,989,836      137,200
    catalog_sales,customer_demographics,customer,...   12,334,415    (skipped)        —     ⬜ skip    1,920,800  287,989,836    1,920,800
    catalog_sales,customer_demographics,customer,...   11,016,821    (skipped)        —     ⬜ skip    1,920,800  287,989,836    1,920,800
    catalog_sales,customer_demographics,customer_...    5,093,695    (skipped)        —     ⬜ skip    1,920,800  287,989,836      137,200
    catalog_sales,customer,customer_address,date_...    2,015,137    (skipped)        —     ⬜ skip    1,467,575  287,989,836      320,000
    catalog_sales,customer_demographics,customer,...   11,016,821    (skipped)        —     ⬜ skip    1,920,800  287,989,836    1,920,800
    catalog_sales,customer_demographics,customer,...      832,183    (skipped)        —     ⬜ skip    1,816,316  287,989,836      137,200
    catalog_sales,customer_demographics,customer,...    2,015,137    (skipped)        —     ⬜ skip    1,920,800  287,989,836    1,920,800
    catalog_sales,customer_demographics,customer_...      832,183    (skipped)        —     ⬜ skip    1,920,800  287,989,836      137,200
    catalog_sales,customer_demographics,customer_...      931,711    (skipped)        —     ⬜ skip    1,920,800  287,989,836      137,200
    catalog_sales,customer_demographics,customer_...      141,750    (skipped)        —     ⬜ skip    1,920,800  287,989,836      137,200
    catalog_sales,customer_demographics,customer,...      152,218    (skipped)        —     ⬜ skip    1,816,316  287,989,836      137,200
    catalog_sales,customer_demographics,customer_...      141,750    (skipped)        —     ⬜ skip    1,920,800  287,989,836      137,200
    catalog_sales,customer_demographics,customer_...      152,218    (skipped)        —     ⬜ skip    1,920,800  287,989,836      137,200
    catalog_sales,customer_demographics,customer_...      931,711    (skipped)        —     ⬜ skip    1,920,800  287,989,836      137,200
    catalog_sales,customer_demographics,customer_...      832,183    (skipped)        —     ⬜ skip    1,920,800  287,989,836      137,200
    catalog_sales,customer_demographics,customer,...      152,218    (skipped)        —     ⬜ skip    1,816,316  287,989,836      137,200
    catalog_sales,customer_demographics,customer_...      832,183    (skipped)        —     ⬜ skip    1,920,800  287,989,836      137,200
    catalog_sales,customer_demographics,customer_...      152,218    (skipped)        —     ⬜ skip    1,920,800  287,989,836      137,200
    catalog_sales,customer_demographics,customer,...    2,015,137    (skipped)        —     ⬜ skip    1,920,800  287,989,836    1,920,800
    catalog_sales,customer_demographics,customer_...      931,711    (skipped)        —     ⬜ skip    1,920,800  287,989,836      137,200
    catalog_sales,customer_demographics,customer,...    2,015,137    (skipped)        —     ⬜ skip    1,920,800  287,989,836    1,920,800
    catalog_sales,customer_demographics,customer,...      152,218    (skipped)        —     ⬜ skip    1,816,316  287,989,836      137,200
    catalog_sales,customer_demographics,customer_...      152,218    (skipped)        —     ⬜ skip    1,920,800  287,989,836      137,200
    catalog_sales,customer_demographics,customer_...      152,218    (skipped)        —     ⬜ skip    1,920,800  287,989,836      137,200
    catalog_sales,customer_demographics,customer_...      152,218    (skipped)        —     ⬜ skip    1,920,800  287,989,836      137,200

  Plan: baseline=fe90b3a2c2b2  oracle=fe90b3a2c2b2  changed=NO

============================================================
  Query 19
============================================================
  Phase 0: Baseline run (no injection)
  Baseline plan fingerprint: 72be7ddbead5
  Phase 1: EXPLAIN (dry-run)
  (cleared cardinality_log for strict RelSets-SQL pass isolation)
  88 log entries, 88 multi-table joins, 88 with SQL_COUNT_QUERY.
  Phase 2: Computing oracle cardinalities (88 subqueries)...
    ... computed 20/88 subqueries
    ... computed 40/88 subqueries
    ... computed 60/88 subqueries
    ... computed 80/88 subqueries
  Computed 74 oracle cardinalities in 2839.9s.
  Skipped: 14 total (timeouts=8, sql_errors=0, cte=0, single=0, no_sql=0, not_injectable=6, ambiguous_relset_sql=0)
  8 subqueries timed out (>180s) → using regular estimation.
  Phase 3: Injecting 74 oracle cardinalities.
  Phase 4: Running query with oracle injection
  Phase 5: Verification (74 injected, 2124 non-injected)
    V1 OK: 74 injected values match oracle.
    V2 OK: All 74 oracle keys in log.
    V3 INFO: 90 oracle keys NOT injected (plan divergence).
    V4 OK.
    V5 OK: No RelSets-SQL ambiguity skips.
  Phase 5b: V6 profile est vs actual (injected multi-table joins only (matched by leaf scan tables), symmetric rel err > 1.00% → ALARM)
    V6: 74 injected multi-table join(s); 21 table multiset(s) appear on more than one line — disambiguating with (tables + est≈injected_cardinality, tol=1.00% rel).
    V6 OK: all injected-join profile nodes within 1.00% est vs actual (where both present).

                                              Tables    Estimated       Oracle    Ratio   Injected     tdom_hll      Input_L      Input_R
  ----------------------------------------------------------------------------------------------------------------------------------
                              customer_address,store      623,801    (skipped)        —     ⬜ skip        4,483      800,000          212
                           customer,customer_address    1,307,001    (skipped)        —     ⬜ skip      979,341    1,600,000      800,000
                     customer,customer_address,store    1,019,137  328,599,591   322.43      ✅ YES      979,341    1,600,000      800,000 ⚠️
                     customer,customer_address,store    1,019,137  328,599,591   322.43      ✅ YES      979,341    1,600,000      800,000 ⚠️
                                   store_sales,store  575,995,635    (skipped)        —     ⬜ skip          212  575,995,635          212
                  store_sales,customer_address,store 1,694,845,130,900    (skipped)        —     ⬜ skip        4,483  575,995,635      800,000
                                store_sales,customer  628,287,192    (skipped)        —     ⬜ skip    1,466,834  575,995,635    1,600,000
               store_sales,customer,customer_address  513,232,626  550,081,346     1.07      ✅ YES    1,466,834  575,995,635    1,600,000
         store_sales,customer,customer_address,store  200,097,177  520,330,450     2.60      ✅ YES    1,466,834  575,995,635    1,600,000
                                    store_sales,item    6,185,326    (skipped)        —     ⬜ skip       44,699  575,995,635          480
                              store_sales,item,store    6,185,326    9,632,989     1.56      ✅ YES       44,699  575,995,635          480
             store_sales,item,customer_address,store 18,200,086,418    (skipped)        —     ⬜ skip       44,699  575,995,635          480
                           store_sales,item,customer    6,746,859    9,633,909     1.43      ✅ YES    1,466,834  575,995,635          480
          store_sales,item,customer,customer_address    5,511,346    9,633,909     1.75      ✅ YES    1,466,834  575,995,635          480
    store_sales,item,customer,customer_address,store    2,148,742    9,112,249     4.24      ✅ YES    1,466,834  575,995,635          480
                          store_sales,customer,store  628,287,192  537,124,641     0.85      ✅ YES    1,466,834  575,995,635    1,600,000
               store_sales,customer,customer_address  513,232,626  550,081,346     1.07      ✅ YES    1,466,834  575,995,635    1,600,000
         store_sales,customer,customer_address,store  200,097,177  520,330,450     2.60      ✅ YES    1,466,834  575,995,635    1,600,000
                           store_sales,item,customer    6,746,859    9,633,909     1.43      ✅ YES    1,466,834  575,995,635          480
                  store_sales,customer_address,store 1,694,845,130,900    (skipped)        —     ⬜ skip        4,483  575,995,635      800,000
                          store_sales,customer,store  628,287,192  537,124,641     0.85      ✅ YES    1,466,834  575,995,635    1,600,000
         store_sales,customer,customer_address,store  200,097,177  520,330,450     2.60      ✅ YES    1,466,834  575,995,635    1,600,000
                              store_sales,item,store    6,185,326    9,632,989     1.56      ✅ YES       44,699  575,995,635          480
                     store_sales,item,customer,store    6,746,859    9,406,192     1.39      ✅ YES    1,466,834  575,995,635          480
          store_sales,item,customer,customer_address    5,511,346    9,633,909     1.75      ✅ YES    1,466,834  575,995,635          480
    store_sales,item,customer,customer_address,store    2,148,742    9,112,249     4.24      ✅ YES    1,466,834  575,995,635          480
             store_sales,item,customer_address,store 18,200,086,418    (skipped)        —     ⬜ skip       44,699  575,995,635          480
                     store_sales,item,customer,store    6,746,859    9,406,192     1.39      ✅ YES    1,466,834  575,995,635          480
    store_sales,item,customer,customer_address,store    2,148,742    9,112,249     4.24      ✅ YES    1,466,834  575,995,635          480
         store_sales,customer,customer_address,store  200,097,177  520,330,450     2.60      ✅ YES    1,466,834  575,995,635    1,600,000
                     store_sales,item,customer,store    6,746,859    9,406,192     1.39      ✅ YES    1,466,834  575,995,635          480
    store_sales,item,customer,customer_address,store    2,148,742    9,112,249     4.24      ✅ YES    1,466,834  575,995,635          480
         store_sales,customer,customer_address,store  200,097,177  520,330,450     2.60      ✅ YES    1,466,834  575,995,635    1,600,000
          store_sales,item,customer,customer_address    5,511,346    9,633,909     1.75      ✅ YES    1,466,834  575,995,635          480
         store_sales,customer,customer_address,store  200,097,177  520,330,450     2.60      ✅ YES    1,466,834  575,995,635    1,600,000
             store_sales,item,customer_address,store 18,200,086,418    (skipped)        —     ⬜ skip       44,699  575,995,635          480
    store_sales,item,customer,customer_address,store    2,148,742    9,112,249     4.24      ✅ YES    1,466,834  575,995,635          480
    store_sales,item,customer,customer_address,store    2,148,742    9,112,249     4.24      ✅ YES    1,466,834  575,995,635          480
    store_sales,item,customer,customer_address,store    2,148,742    9,112,249     4.24      ✅ YES    1,466,834  575,995,635          480
                                date_dim,store_sales    8,104,461    (skipped)        —     ⬜ skip        1,990           28  575,995,635
                           date_dim,store_sales,item       87,029      313,262     3.60      ✅ YES       44,699           28  575,995,635
                       date_dim,store_sales,customer    8,840,221   17,201,939     1.95      ✅ YES    1,466,834           28  575,995,635
                          date_dim,store_sales,store    8,104,461   17,201,741     2.12      ✅ YES        1,990           28  575,995,635
                  date_dim,store_sales,item,customer       94,930      305,992     3.22      ✅ YES    1,466,834           28  575,995,635
                     date_dim,store_sales,item,store       87,029      305,908     3.52      ✅ YES       44,699           28  575,995,635
                 date_dim,store_sales,customer,store    8,840,221   16,994,468     1.92      ✅ YES    1,466,834           28  575,995,635
            date_dim,store_sales,item,customer,store       94,930      302,259     3.18      ✅ YES    1,466,834           28  575,995,635
      date_dim,store_sales,customer,customer_address    7,221,363   17,201,939     2.38      ✅ YES    1,466,834           28  575,995,635
         date_dim,store_sales,customer_address,store 23,847,067,168    (skipped)        —     ⬜ skip        4,483           28  575,995,635
    date_dim,store_sales,item,customer,customer_a...       77,546      305,992     3.95      ✅ YES    1,466,834           28  575,995,635
    date_dim,store_sales,item,customer_address,store  256,081,617 237,049,966,019   925.68      ✅ YES       44,699           28  575,995,635 ⚠️
    date_dim,store_sales,customer,customer_addres...    2,815,437   16,463,633     5.85      ✅ YES    1,466,834           28  575,995,635
    date_dim,store_sales,item,customer,customer_a...       30,233      292,873     9.69      ✅ YES    1,466,834           28  575,995,635
                          date_dim,store_sales,store    8,104,461   17,201,741     2.12      ✅ YES        1,990           28  575,995,635
         date_dim,store_sales,customer_address,store 23,847,067,168    (skipped)        —     ⬜ skip        4,483           28  575,995,635
                       date_dim,store_sales,customer    8,840,221   17,201,939     1.95      ✅ YES    1,466,834           28  575,995,635
      date_dim,store_sales,customer,customer_address    7,221,363   17,201,939     2.38      ✅ YES    1,466,834           28  575,995,635
    date_dim,store_sales,customer,customer_addres...    2,815,437   16,463,633     5.85      ✅ YES    1,466,834           28  575,995,635
                           date_dim,store_sales,item       87,029      313,262     3.60      ✅ YES       44,699           28  575,995,635
                     date_dim,store_sales,item,store       87,029      305,908     3.52      ✅ YES       44,699           28  575,995,635
    date_dim,store_sales,item,customer_address,store  256,081,617 237,049,966,019   925.68      ✅ YES       44,699           28  575,995,635 ⚠️
                  date_dim,store_sales,item,customer       94,930      305,992     3.22      ✅ YES    1,466,834           28  575,995,635
    date_dim,store_sales,item,customer,customer_a...       77,546      305,992     3.95      ✅ YES    1,466,834           28  575,995,635
    date_dim,store_sales,item,customer,customer_a...       30,233      292,873     9.69      ✅ YES    1,466,834           28  575,995,635
                 date_dim,store_sales,customer,store    8,840,221   16,994,468     1.92      ✅ YES    1,466,834           28  575,995,635
      date_dim,store_sales,customer,customer_address    7,221,363   17,201,939     2.38      ✅ YES    1,466,834           28  575,995,635
    date_dim,store_sales,customer,customer_addres...    2,815,437   16,463,633     5.85      ✅ YES    1,466,834           28  575,995,635
                  date_dim,store_sales,item,customer       94,930      305,992     3.22      ✅ YES    1,466,834           28  575,995,635
         date_dim,store_sales,customer_address,store 23,847,067,168    (skipped)        —     ⬜ skip        4,483           28  575,995,635
                 date_dim,store_sales,customer,store    8,840,221   16,994,468     1.92      ✅ YES    1,466,834           28  575,995,635
    date_dim,store_sales,customer,customer_addres...    2,815,437   16,463,633     5.85      ✅ YES    1,466,834           28  575,995,635
                     date_dim,store_sales,item,store       87,029      305,908     3.52      ✅ YES       44,699           28  575,995,635
            date_dim,store_sales,item,customer,store       94,930      302,259     3.18      ✅ YES    1,466,834           28  575,995,635
    date_dim,store_sales,item,customer,customer_a...       77,546      305,992     3.95      ✅ YES    1,466,834           28  575,995,635
    date_dim,store_sales,item,customer,customer_a...       30,233      292,873     9.69      ✅ YES    1,466,834           28  575,995,635
    date_dim,store_sales,item,customer_address,store  256,081,617 237,049,966,019   925.68      ✅ YES       44,699           28  575,995,635 ⚠️
            date_dim,store_sales,item,customer,store       94,930      302,259     3.18      ✅ YES    1,466,834           28  575,995,635
    date_dim,store_sales,item,customer,customer_a...       30,233      292,873     9.69      ✅ YES    1,466,834           28  575,995,635
    date_dim,store_sales,customer,customer_addres...    2,815,437   16,463,633     5.85      ✅ YES    1,466,834           28  575,995,635
            date_dim,store_sales,item,customer,store       94,930      302,259     3.18      ✅ YES    1,466,834           28  575,995,635
    date_dim,store_sales,item,customer,customer_a...       30,233      292,873     9.69      ✅ YES    1,466,834           28  575,995,635
    date_dim,store_sales,customer,customer_addres...    2,815,437   16,463,633     5.85      ✅ YES    1,466,834           28  575,995,635
    date_dim,store_sales,item,customer,customer_a...       77,546      305,992     3.95      ✅ YES    1,466,834           28  575,995,635
    date_dim,store_sales,customer,customer_addres...    2,815,437   16,463,633     5.85      ✅ YES    1,466,834           28  575,995,635
    date_dim,store_sales,item,customer_address,store  256,081,617 237,049,966,019   925.68      ✅ YES       44,699           28  575,995,635 ⚠️
    date_dim,store_sales,item,customer,customer_a...       30,233      292,873     9.69      ✅ YES    1,466,834           28  575,995,635
    date_dim,store_sales,item,customer,customer_a...       30,233      292,873     9.69      ✅ YES    1,466,834           28  575,995,635
    date_dim,store_sales,item,customer,customer_a...       30,233      292,873     9.69      ✅ YES    1,466,834           28  575,995,635

  Plan: baseline=72be7ddbead5  oracle=0e4ec2c5a2c2  changed=YES

  Phase 6: Verifying Performance
  Measuring baseline plan... (5 runs)
  Measuring oracle plan... (5 runs)
  Baseline: fastest=3.507s, mean=3.595s
  Oracle:   fastest=3.513s, mean=3.611s
  [REGRESSION] Oracle plan is slower! Fastest diff: +0.007s, Mean diff: +0.016s ❌

============================================================
  Query 20
============================================================
  Phase 0: Baseline run (no injection)
  Baseline plan fingerprint: 99d6e9255eb0
  Phase 1: EXPLAIN (dry-run)
  (cleared cardinality_log for strict RelSets-SQL pass isolation)
  4 log entries, 4 multi-table joins, 4 with SQL_COUNT_QUERY.
  Phase 2: Computing oracle cardinalities (4 subqueries)...
  Computed 2 oracle cardinalities in 0.1s.
  Skipped: 2 total (timeouts=0, sql_errors=0, cte=0, single=0, no_sql=0, not_injectable=2, ambiguous_relset_sql=0)
  Phase 3: Injecting 2 oracle cardinalities.
  Phase 4: Running query with oracle injection
  Phase 5: Verification (2 injected, 14 non-injected)
    V1 OK: 2 injected values match oracle.
    V2 OK: All 2 oracle keys in log.
    V3 INFO: 6 oracle keys NOT injected (plan divergence).
    V4 OK.
    V5 OK: No RelSets-SQL ambiguity skips.
  Phase 5b: V6 profile est vs actual (injected multi-table joins only (matched by leaf scan tables), symmetric rel err > 1.00% → ALARM)
    V6: 2 injected multi-table join(s); 1 table multiset(s) appear on more than one line — disambiguating with (tables + est≈injected_cardinality, tol=1.00% rel).
    V6 OK: all injected-join profile nodes within 1.00% est vs actual (where both present).

                                              Tables    Estimated       Oracle    Ratio   Injected     tdom_hll      Input_L      Input_R
  ----------------------------------------------------------------------------------------------------------------------------------
                              catalog_sales,date_dim    4,486,273    (skipped)        —     ⬜ skip        1,990  287,989,836           31
                                  catalog_sales,item   61,851,549    (skipped)        —     ⬜ skip       44,699  287,989,836        9,600
                         catalog_sales,item,date_dim      963,516      814,115     0.84      ✅ YES       44,699  287,989,836        9,600
                         catalog_sales,item,date_dim      963,516      814,115     0.84      ✅ YES       44,699  287,989,836        9,600

  Plan: baseline=99d6e9255eb0  oracle=99d6e9255eb0  changed=NO

============================================================
  Query 21
============================================================
  Phase 0: Baseline run (no injection)
  Baseline plan fingerprint: befc169b62ed
  Phase 1: EXPLAIN (dry-run)
  (cleared cardinality_log for strict RelSets-SQL pass isolation)
  12 log entries, 12 multi-table joins, 12 with SQL_COUNT_QUERY.
  Phase 2: Computing oracle cardinalities (12 subqueries)...
  Computed 9 oracle cardinalities in 0.3s.
  Skipped: 3 total (timeouts=0, sql_errors=0, cte=0, single=0, no_sql=0, not_injectable=3, ambiguous_relset_sql=0)
  Phase 3: Injecting 9 oracle cardinalities.
  Phase 4: Running query with oracle injection
  Phase 5: Verification (9 injected, 75 non-injected)
    V1 OK: 9 injected values match oracle.
    V2 OK: All 9 oracle keys in log.
    V3 INFO: 9 oracle keys NOT injected (plan divergence).
    V4 OK.
    V5 OK: No RelSets-SQL ambiguity skips.
  Phase 5b: V6 profile est vs actual (injected multi-table joins only (matched by leaf scan tables), symmetric rel err > 1.00% → ALARM)
    V6: 9 injected multi-table join(s); 4 table multiset(s) appear on more than one line — disambiguating with (tables + est≈injected_cardinality, tol=1.00% rel).
    V6 OK: all injected-join profile nodes within 1.00% est vs actual (where both present).

                                              Tables    Estimated       Oracle    Ratio   Injected     tdom_hll      Input_L      Input_R
  ----------------------------------------------------------------------------------------------------------------------------------
                                  inventory,date_dim   10,969,492    (skipped)        —     ⬜ skip          209   37,584,000           61
                                      inventory,item    8,071,731    (skipped)        —     ⬜ skip       44,700   37,584,000        9,600
                                 inventory,warehouse   37,584,000    (skipped)        —     ⬜ skip            6   37,584,000            6
                        inventory,warehouse,date_dim   10,969,492    1,296,000     0.12      ✅ YES          209   37,584,000            6
                            inventory,warehouse,item    8,071,731    2,384,694     0.30      ✅ YES       44,700   37,584,000            6
                             inventory,item,date_dim    2,355,864       83,106     0.04      ✅ YES       44,700   37,584,000        9,600 ⚠️
                            inventory,warehouse,item    8,071,731    2,384,694     0.30      ✅ YES       44,700   37,584,000            6
                             inventory,item,date_dim    2,355,864       83,106     0.04      ✅ YES       44,700   37,584,000        9,600 ⚠️
                        inventory,warehouse,date_dim   10,969,492    1,296,000     0.12      ✅ YES          209   37,584,000            6
                   inventory,warehouse,item,date_dim    2,355,864       83,106     0.04      ✅ YES       44,700   37,584,000            6 ⚠️
                   inventory,warehouse,item,date_dim    2,355,864       83,106     0.04      ✅ YES       44,700   37,584,000            6 ⚠️
                   inventory,warehouse,item,date_dim    2,355,864       83,106     0.04      ✅ YES       44,700   37,584,000            6 ⚠️

  Plan: baseline=befc169b62ed  oracle=befc169b62ed  changed=NO

============================================================
  Query 22
============================================================
  Phase 0: Baseline run (no injection)
  Baseline plan fingerprint: e1909bddcd98
  Phase 1: EXPLAIN (dry-run)
  (cleared cardinality_log for strict RelSets-SQL pass isolation)
  4 log entries, 4 multi-table joins, 4 with SQL_COUNT_QUERY.
  Phase 2: Computing oracle cardinalities (4 subqueries)...
  Computed 2 oracle cardinalities in 0.1s.
  Skipped: 2 total (timeouts=0, sql_errors=0, cte=0, single=0, no_sql=0, not_injectable=2, ambiguous_relset_sql=0)
  Phase 3: Injecting 2 oracle cardinalities.
  Phase 4: Running query with oracle injection
  Phase 5: Verification (2 injected, 14 non-injected)
    V1 OK: 2 injected values match oracle.
    V2 OK: All 2 oracle keys in log.
    V3 INFO: 6 oracle keys NOT injected (plan divergence).
    V4 OK.
    V5 OK: No RelSets-SQL ambiguity skips.
  Phase 5b: V6 profile est vs actual (injected multi-table joins only (matched by leaf scan tables), symmetric rel err > 1.00% → ALARM)
    V6: 2 injected multi-table join(s); 1 table multiset(s) appear on more than one line — disambiguating with (tables + est≈injected_cardinality, tol=1.00% rel).
    V6 OK: all injected-join profile nodes within 1.00% est vs actual (where both present).

                                              Tables    Estimated       Oracle    Ratio   Injected     tdom_hll      Input_L      Input_R
  ----------------------------------------------------------------------------------------------------------------------------------
                                      inventory,item   40,358,657    (skipped)        —     ⬜ skip       44,700   37,584,000       48,000
                                  inventory,date_dim   37,584,000    (skipped)        —     ⬜ skip          366   37,584,000          366
                             inventory,date_dim,item   40,358,657    7,488,000     0.19      ✅ YES       44,700   37,584,000          366
                             inventory,date_dim,item   40,358,657    7,488,000     0.19      ✅ YES       44,700   37,584,000          366

  Plan: baseline=e1909bddcd98  oracle=e1909bddcd98  changed=NO

============================================================
  Query 23
============================================================
  Phase 0: Baseline run (no injection)
  Baseline plan fingerprint: cb32bde64108
  Phase 1: EXPLAIN (dry-run)
  (cleared cardinality_log for strict RelSets-SQL pass isolation)
  88 log entries, 88 multi-table joins, 17 with SQL_COUNT_QUERY.
  Strict RelSets-SQL: 3 relation-set(s) have multiple SQL_COUNT variants — oracle keys for those sets will be skipped (use --oracle-permissive-context to inject all).
  Phase 2: Computing oracle cardinalities (88 subqueries)...
  Computed 0 oracle cardinalities in 0.0s.
  Skipped: 88 total (timeouts=0, sql_errors=0, cte=0, single=0, no_sql=0, not_injectable=67, ambiguous_relset_sql=21)
  [NOTE] High partial-injection risk detected, but proceeding with oracle injection as requested.
  Phase 3: Injecting 0 oracle cardinalities.
  Phase 4: Running query with oracle injection
  Phase 5: Verification (0 injected, 176 non-injected)
    V1 OK: 0 injected values match oracle.
    V2 OK: All 0 oracle keys in log.
    V3 OK: All oracle keys were injected.
    V4 OK.
    V5 INFO: Strict RelSets-SQL skipped 21 oracle key(s) (ambiguous SQL_COUNT for same RelSets).
  Phase 5b: V6 profile est vs actual (injected multi-table joins only (matched by leaf scan tables), symmetric rel err > 1.00% → ALARM)
    V6: no injected multi-table joins in log — skipping est vs actual (nothing to match against physical joins).

                                              Tables    Estimated       Oracle    Ratio   Injected     tdom_hll      Input_L      Input_R
  ----------------------------------------------------------------------------------------------------------------------------------
                                    store_sales,item  618,532,640    (skipped)        —     ⬜ skip       44,699  575,995,635       48,000
                                store_sales,date_dim  420,853,092    (skipped)        —     ⬜ skip        1,990  575,995,635        1,454
                           store_sales,date_dim,item  451,932,893    (skipped)        —     ⬜ skip       44,699  575,995,635        1,454
                           store_sales,date_dim,item  451,932,893    (skipped)        —     ⬜ skip       44,699  575,995,635        1,454
                                store_sales,date_dim  420,853,092    (skipped)        —     ⬜ skip        1,990  575,995,635        1,454
                                store_sales,customer  628,287,192    (skipped)        —     ⬜ skip    1,466,834  575,995,635    1,600,000
                       store_sales,customer,date_dim  459,060,089    (skipped)        —     ⬜ skip    1,466,834  575,995,635    1,600,000
                       store_sales,customer,date_dim  459,060,089    (skipped)        —     ⬜ skip    1,466,834  575,995,635    1,600,000
                                store_sales,customer  628,287,192    (skipped)        —     ⬜ skip    1,466,834  575,995,635    1,600,000
            customer,store_sales, customer, date_dim    1,600,000    (skipped)        —     ⬜ skip                 1,600,000            1
         store_sales,store_sales, customer, date_dim  575,995,635    (skipped)        —     ⬜ skip               575,995,635            1
    store_sales,customer,store_sales, customer, d...  628,287,192    (skipped)        —     ⬜ skip    1,466,834  575,995,635    1,600,000
    store_sales,customer,store_sales, customer, d...  628,287,192    (skipped)        —     ⬜ skip    1,466,834  575,995,635    1,600,000
    store_sales,customer,store_sales, customer, d...  628,287,192    (skipped)        —     ⬜ skip    1,466,834  575,995,635    1,600,000
    customer,store_sales, customer, store_sales, ...      319,837    (skipped)        —     ⬜ skip    1,467,575    1,600,000      293,366
    catalog_sales,store_sales, customer, store_sa...   57,568,728    (skipped)        —     ⬜ skip    1,467,575  287,989,836      293,366
           catalog_sales,store_sales, date_dim, item 581,223,040,493    (skipped)        —     ⬜ skip       44,699  287,989,836   90,211,825
                              catalog_sales,date_dim    4,052,118    (skipped)        —     ⬜ skip        1,990  287,989,836           28
                              catalog_sales,customer  313,976,278    (skipped)        —     ⬜ skip    1,467,575  287,989,836    1,600,000
    catalog_sales,customer,store_sales, customer,...   31,381,689    (skipped)        —     ⬜ skip    1,467,575  287,989,836    1,600,000
    catalog_sales,customer,store_sales, customer,...   31,381,689    (skipped)        —     ⬜ skip    1,467,575  287,989,836    1,600,000
    catalog_sales,customer,store_sales, date_dim,... 633,669,055,952    (skipped)        —     ⬜ skip    1,467,575  287,989,836    1,600,000
                     catalog_sales,customer,date_dim    4,417,756    (skipped)        —     ⬜ skip    1,467,575  287,989,836    1,600,000
    catalog_sales,date_dim,store_sales, customer,...      810,012    (skipped)        —     ⬜ skip    1,467,575  287,989,836           28
    catalog_sales,date_dim,store_sales, date_dim,... 8,178,012,630    (skipped)        —     ⬜ skip       44,699  287,989,836           28
                     catalog_sales,customer,date_dim    4,417,756    (skipped)        —     ⬜ skip    1,467,575  287,989,836    1,600,000
    catalog_sales,customer,date_dim,store_sales, ...      883,102    (skipped)        —     ⬜ skip    1,467,575  287,989,836    1,600,000
    catalog_sales,store_sales, date_dim, item,sto... 116,185,597,667    (skipped)        —     ⬜ skip    1,467,575  287,989,836   90,211,825
    catalog_sales,date_dim,store_sales, date_dim,... 8,178,012,630    (skipped)        —     ⬜ skip       44,699  287,989,836           28
    catalog_sales,customer,store_sales, date_dim,... 633,669,055,952    (skipped)        —     ⬜ skip    1,467,575  287,989,836    1,600,000
    catalog_sales,customer,store_sales, date_dim,... 126,669,476,018    (skipped)        —     ⬜ skip    1,467,575  287,989,836    1,600,000
    catalog_sales,store_sales, date_dim, item,sto... 116,185,597,667    (skipped)        —     ⬜ skip    1,467,575  287,989,836   90,211,825
    catalog_sales,date_dim,store_sales, customer,...      810,012    (skipped)        —     ⬜ skip    1,467,575  287,989,836           28
    catalog_sales,customer,store_sales, customer,...   31,381,689    (skipped)        —     ⬜ skip    1,467,575  287,989,836    1,600,000
    catalog_sales,customer,date_dim,store_sales, ...      883,102    (skipped)        —     ⬜ skip    1,467,575  287,989,836    1,600,000
    catalog_sales,customer,date_dim,store_sales, ... 8,915,946,515    (skipped)        —     ⬜ skip    1,467,575  287,989,836    1,600,000
    catalog_sales,customer,store_sales, date_dim,... 126,669,476,018    (skipped)        —     ⬜ skip    1,467,575  287,989,836    1,600,000
    catalog_sales,customer,date_dim,store_sales, ... 8,915,946,515    (skipped)        —     ⬜ skip    1,467,575  287,989,836    1,600,000
    catalog_sales,customer,store_sales, date_dim,... 126,669,476,018    (skipped)        —     ⬜ skip    1,467,575  287,989,836    1,600,000
    catalog_sales,customer,date_dim,store_sales, ...      883,102    (skipped)        —     ⬜ skip    1,467,575  287,989,836    1,600,000
    catalog_sales,date_dim,store_sales, date_dim,... 1,634,772,228    (skipped)        —     ⬜ skip    1,467,575  287,989,836           28
    catalog_sales,customer,date_dim,store_sales, ... 8,915,946,515    (skipped)        —     ⬜ skip    1,467,575  287,989,836    1,600,000
    catalog_sales,customer,date_dim,store_sales, ... 1,782,284,084    (skipped)        —     ⬜ skip    1,467,575  287,989,836    1,600,000
    catalog_sales,date_dim,store_sales, date_dim,... 1,634,772,228    (skipped)        —     ⬜ skip    1,467,575  287,989,836           28
    catalog_sales,customer,date_dim,store_sales, ...      883,102    (skipped)        —     ⬜ skip    1,467,575  287,989,836    1,600,000
    catalog_sales,date_dim,store_sales, date_dim,... 1,634,772,228    (skipped)        —     ⬜ skip    1,467,575  287,989,836           28
    catalog_sales,customer,store_sales, date_dim,... 126,669,476,018    (skipped)        —     ⬜ skip    1,467,575  287,989,836    1,600,000
    catalog_sales,customer,date_dim,store_sales, ... 1,782,284,084    (skipped)        —     ⬜ skip    1,467,575  287,989,836    1,600,000
    catalog_sales,customer,date_dim,store_sales, ... 1,782,284,084    (skipped)        —     ⬜ skip    1,467,575  287,989,836    1,600,000
    catalog_sales,customer,date_dim,store_sales, ... 1,782,284,084    (skipped)        —     ⬜ skip    1,467,575  287,989,836    1,600,000
    catalog_sales,customer,date_dim,store_sales, ... 1,782,284,084    (skipped)        —     ⬜ skip    1,467,575  287,989,836    1,600,000
    customer,store_sales, customer, store_sales, ...      319,999    (skipped)        —     ⬜ skip    1,466,834    1,600,000      293,366
    web_sales,store_sales, customer, store_sales,...   28,800,455    (skipped)        —     ⬜ skip    1,466,834  144,002,668      293,366
               web_sales,store_sales, date_dim, item 290,627,161,349    (skipped)        —     ⬜ skip       44,699  144,002,668   90,211,825
                                  web_sales,date_dim    2,026,168    (skipped)        —     ⬜ skip        1,990  144,002,668           28
                                  web_sales,customer  157,075,898    (skipped)        —     ⬜ skip    1,466,834  144,002,668    1,600,000
    web_sales,customer,store_sales, customer, sto...   15,707,547    (skipped)        —     ⬜ skip    1,466,834  144,002,668    1,600,000
    web_sales,customer,store_sales, customer, sto...   15,707,547    (skipped)        —     ⬜ skip    1,466,834  144,002,668    1,600,000
      web_sales,customer,store_sales, date_dim, item 317,011,644,234    (skipped)        —     ⬜ skip    1,466,834  144,002,668    1,600,000
                         web_sales,customer,date_dim    2,210,113    (skipped)        —     ⬜ skip    1,466,834  144,002,668    1,600,000
    web_sales,date_dim,store_sales, customer, sto...      405,232    (skipped)        —     ⬜ skip    1,466,834  144,002,668           28
      web_sales,date_dim,store_sales, date_dim, item 4,089,226,390    (skipped)        —     ⬜ skip       44,699  144,002,668           28
                         web_sales,customer,date_dim    2,210,113    (skipped)        —     ⬜ skip    1,466,834  144,002,668    1,600,000
    web_sales,customer,date_dim,store_sales, cust...      442,021    (skipped)        —     ⬜ skip    1,466,834  144,002,668    1,600,000
    web_sales,store_sales, date_dim, item,store_s... 58,125,273,764    (skipped)        —     ⬜ skip    1,466,834  144,002,668   90,211,825
      web_sales,date_dim,store_sales, date_dim, item 4,089,226,390    (skipped)        —     ⬜ skip       44,699  144,002,668           28
      web_sales,customer,store_sales, date_dim, item 317,011,644,234    (skipped)        —     ⬜ skip    1,466,834  144,002,668    1,600,000
    web_sales,customer,store_sales, date_dim, ite... 63,402,155,951    (skipped)        —     ⬜ skip    1,466,834  144,002,668    1,600,000
    web_sales,store_sales, date_dim, item,store_s... 58,125,273,764    (skipped)        —     ⬜ skip    1,466,834  144,002,668   90,211,825
    web_sales,date_dim,store_sales, customer, sto...      405,232    (skipped)        —     ⬜ skip    1,466,834  144,002,668           28
    web_sales,customer,store_sales, customer, sto...   15,707,547    (skipped)        —     ⬜ skip    1,466,834  144,002,668    1,600,000
    web_sales,customer,date_dim,store_sales, cust...      442,021    (skipped)        —     ⬜ skip    1,466,834  144,002,668    1,600,000
    web_sales,customer,date_dim,store_sales, date... 4,460,465,346    (skipped)        —     ⬜ skip    1,466,834  144,002,668    1,600,000
    web_sales,customer,store_sales, date_dim, ite... 63,402,155,951    (skipped)        —     ⬜ skip    1,466,834  144,002,668    1,600,000
    web_sales,customer,date_dim,store_sales, date... 4,460,465,346    (skipped)        —     ⬜ skip    1,466,834  144,002,668    1,600,000
    web_sales,customer,store_sales, date_dim, ite... 63,402,155,951    (skipped)        —     ⬜ skip    1,466,834  144,002,668    1,600,000
    web_sales,customer,date_dim,store_sales, cust...      442,021    (skipped)        —     ⬜ skip    1,466,834  144,002,668    1,600,000
    web_sales,date_dim,store_sales, date_dim, ite...  817,843,047    (skipped)        —     ⬜ skip    1,466,834  144,002,668           28
    web_sales,customer,date_dim,store_sales, date... 4,460,465,346    (skipped)        —     ⬜ skip    1,466,834  144,002,668    1,600,000
    web_sales,customer,date_dim,store_sales, date...  892,090,636    (skipped)        —     ⬜ skip    1,466,834  144,002,668    1,600,000
    web_sales,date_dim,store_sales, date_dim, ite...  817,843,047    (skipped)        —     ⬜ skip    1,466,834  144,002,668           28
    web_sales,customer,date_dim,store_sales, cust...      442,021    (skipped)        —     ⬜ skip    1,466,834  144,002,668    1,600,000
    web_sales,date_dim,store_sales, date_dim, ite...  817,843,047    (skipped)        —     ⬜ skip    1,466,834  144,002,668           28
    web_sales,customer,store_sales, date_dim, ite... 63,402,155,951    (skipped)        —     ⬜ skip    1,466,834  144,002,668    1,600,000
    web_sales,customer,date_dim,store_sales, date...  892,090,636    (skipped)        —     ⬜ skip    1,466,834  144,002,668    1,600,000
    web_sales,customer,date_dim,store_sales, date...  892,090,636    (skipped)        —     ⬜ skip    1,466,834  144,002,668    1,600,000
    web_sales,customer,date_dim,store_sales, date...  892,090,636    (skipped)        —     ⬜ skip    1,466,834  144,002,668    1,600,000
    web_sales,customer,date_dim,store_sales, date...  892,090,636    (skipped)        —     ⬜ skip    1,466,834  144,002,668    1,600,000

  Plan: baseline=cb32bde64108  oracle=cb32bde64108  changed=NO

============================================================
  Query 24
============================================================
  Phase 0: Baseline run (no injection)
  Baseline plan fingerprint: 43a78108d9bb
  Phase 1: EXPLAIN (dry-run)
  (cleared cardinality_log for strict RelSets-SQL pass isolation)
  97 log entries, 97 multi-table joins, 96 with SQL_COUNT_QUERY.
  Phase 2: Computing oracle cardinalities (97 subqueries)...
